Step,Population,Impulsive,Intermediate,Patient,MeanEnergy,ImpulsiveMeanEnergy,IntermediateMeanEnergy,PatientMeanEnergy,MeanLambda,LambdaVariance,Environment,Replicate
0,100,37,39,24,8.0,8.0,8.0,8.0,0.2984808628227425,0.014471602626386396,Stable,0
1,100,37,39,24,7.8,9.0,7.153846153846154,7.0,0.2984808628227425,0.014471602626386396,Stable,0
2,100,37,39,24,7.6,10.0,6.3076923076923075,6.0,0.2984808628227425,0.014471602626386396,Stable,0
3,100,37,39,24,7.4,11.0,5.461538461538462,5.0,0.2984808628227425,0.014471602626386396,Stable,0
4,100,37,39,24,7.2,12.0,4.615384615384615,4.0,0.2984808628227425,0.014471602626386396,Stable,0
5,100,37,39,24,7.0,13.0,3.769230769230769,3.0,0.2984808628227425,0.014471602626386394,Stable,0
6,100,37,39,24,6.8,14.0,2.923076923076923,2.0,0.2984808628227425,0.014471602626386396,Stable,0
7,100,37,39,24,18.6,15.0,20.53846153846154,21.0,0.29848086282274244,0.014471602626386394,Stable,0
8,100,37,39,24,18.4,16.0,19.692307692307693,20.0,0.2984808628227425,0.0144716026263864,Stable,0
9,100,37,39,24,18.2,17.0,18.846153846153847,19.0,0.2984808628227425,0.0144716026263864,Stable,0
10,100,37,39,24,18.0,18.0,18.0,18.0,0.2984808628227425,0.014471602626386396,Stable,0
11,100,37,39,24,17.8,19.0,17.153846153846153,17.0,0.2984808628227425,0.014471602626386396,Stable,0
12,100,37,39,24,17.6,20.0,16.307692307692307,16.0,0.2984808628227425,0.014471602626386394,Stable,0
13,100,37,39,24,17.4,21.0,15.461538461538462,15.0,0.2984808628227425,0.0144716026263864,Stable,0
14,100,37,39,24,29.2,22.0,33.07692307692308,34.0,0.2984808628227425,0.014471602626386394,Stable,0
15,100,37,39,24,29.0,23.0,32.23076923076923,33.0,0.2984808628227425,0.014471602626386394,Stable,0
16,100,37,39,24,28.8,24.0,31.384615384615383,32.0,0.2984808628227425,0.014471602626386396,Stable,0
17,100,37,39,24,28.6,25.0,30.53846153846154,31.0,0.2984808628227425,0.014471602626386396,Stable,0
18,100,37,39,24,28.4,26.0,29.692307692307693,30.0,0.2984808628227425,0.014471602626386394,Stable,0
19,100,37,39,24,28.2,27.0,28.846153846153847,29.0,0.29848086282274255,0.014471602626386396,Stable,0
20,100,37,39,24,28.0,28.0,28.0,28.0,0.2984808628227425,0.014471602626386396,Stable,0
21,100,37,39,24,39.8,29.0,45.61538461538461,47.0,0.2984808628227425,0.014471602626386396,Stable,0
22,100,37,39,24,39.6,30.0,44.76923076923077,46.0,0.2984808628227425,0.014471602626386396,Stable,0
23,100,37,39,24,39.4,31.0,43.92307692307692,45.0,0.2984808628227425,0.014471602626386396,Stable,0
24,100,37,39,24,39.2,32.0,43.07692307692308,44.0,0.2984808628227425,0.014471602626386394,Stable,0
25,100,37,39,24,39.0,33.0,42.23076923076923,43.0,0.2984808628227425,0.0144716026263864,Stable,0
26,100,37,39,24,38.8,34.0,41.38461538461539,42.0,0.2984808628227425,0.014471602626386394,Stable,0
27,100,37,39,24,38.6,35.0,40.53846153846154,41.0,0.2984808628227425,0.014471602626386396,Stable,0
28,100,37,39,24,50.4,36.0,58.15384615384615,60.0,0.29848086282274244,0.0144716026263864,Stable,0
29,100,37,39,24,50.2,37.0,57.30769230769231,59.0,0.2984808628227425,0.014471602626386396,Stable,0
30,100,37,39,24,50.0,38.0,56.46153846153846,58.0,0.2984808628227425,0.014471602626386394,Stable,0
31,100,37,39,24,49.8,39.0,55.61538461538461,57.0,0.2984808628227425,0.014471602626386396,Stable,0
32,100,37,39,24,49.6,40.0,54.76923076923077,56.0,0.29848086282274244,0.014471602626386394,Stable,0
33,100,37,39,24,49.4,41.0,53.92307692307692,55.0,0.2984808628227425,0.014471602626386396,Stable,0
34,100,37,39,24,49.2,42.0,53.07692307692308,54.0,0.2984808628227425,0.014471602626386396,Stable,0
35,100,37,39,24,61.0,43.0,70.6923076923077,73.0,0.2984808628227425,0.014471602626386394,Stable,0
36,100,37,39,24,60.8,44.0,69.84615384615384,72.0,0.2984808628227425,0.014471602626386394,Stable,0
37,100,37,39,24,60.6,45.0,69.0,71.0,0.2984808628227425,0.014471602626386396,Stable,0
38,100,37,39,24,60.4,46.0,68.15384615384616,70.0,0.2984808628227425,0.014471602626386396,Stable,0
39,100,37,39,24,60.2,47.0,67.3076923076923,69.0,0.2984808628227425,0.014471602626386394,Stable,0
40,100,37,39,24,60.0,48.0,66.46153846153847,68.0,0.2984808628227425,0.0144716026263864,Stable,0
41,100,37,39,24,59.8,49.0,65.61538461538461,67.0,0.2984808628227425,0.014471602626386396,Stable,0
42,100,37,39,24,71.6,50.0,83.23076923076923,86.0,0.29848086282274244,0.014471602626386394,Stable,0
43,100,37,39,24,71.4,51.0,82.38461538461539,85.0,0.2984808628227425,0.014471602626386394,Stable,0
44,100,37,39,24,71.2,52.0,81.53846153846153,84.0,0.29848086282274244,0.014471602626386396,Stable,0
45,100,37,39,24,71.0,53.0,80.6923076923077,83.0,0.2984808628227425,0.014471602626386394,Stable,0
46,100,37,39,24,70.8,54.0,79.84615384615384,82.0,0.2984808628227425,0.014471602626386396,Stable,0
47,100,37,39,24,70.6,55.0,79.0,81.0,0.2984808628227425,0.014471602626386396,Stable,0
48,100,37,39,24,70.4,56.0,78.15384615384616,80.0,0.2984808628227425,0.014471602626386396,Stable,0
49,100,37,39,24,82.2,57.0,95.76923076923077,99.0,0.2984808628227425,0.014471602626386396,Stable,0
50,100,37,39,24,82.0,58.0,94.92307692307692,98.0,0.29848086282274244,0.014471602626386394,Stable,0
51,100,37,39,24,81.8,59.0,94.07692307692308,97.0,0.2984808628227425,0.014471602626386396,Stable,0
52,100,37,39,24,81.6,60.0,93.23076923076923,96.0,0.2984808628227425,0.014471602626386394,Stable,0
53,100,37,39,24,81.4,61.0,92.38461538461539,95.0,0.2984808628227425,0.0144716026263864,Stable,0
54,100,37,39,24,81.2,62.0,91.53846153846153,94.0,0.2984808628227425,0.014471602626386394,Stable,0
55,100,37,39,24,81.0,63.0,90.6923076923077,93.0,0.2984808628227425,0.014471602626386394,Stable,0
56,100,37,39,24,92.8,64.0,108.3076923076923,112.0,0.2984808628227425,0.014471602626386394,Stable,0
57,100,37,39,24,92.6,65.0,107.46153846153847,111.0,0.2984808628227425,0.014471602626386396,Stable,0
58,100,37,39,24,92.4,66.0,106.61538461538461,110.0,0.2984808628227425,0.014471602626386396,Stable,0
59,100,37,39,24,92.2,67.0,105.76923076923077,109.0,0.2984808628227425,0.014471602626386396,Stable,0
60,100,37,39,24,92.0,68.0,104.92307692307692,108.0,0.29848086282274255,0.014471602626386394,Stable,0
61,100,37,39,24,91.8,69.0,104.07692307692308,107.0,0.2984808628227425,0.014471602626386392,Stable,0
62,100,37,39,24,91.6,70.0,103.23076923076923,106.0,0.2984808628227425,0.014471602626386396,Stable,0
63,100,37,39,24,103.4,71.0,120.84615384615384,125.0,0.2984808628227425,0.014471602626386394,Stable,0
64,100,37,39,24,103.2,72.0,120.0,124.0,0.2984808628227425,0.014471602626386396,Stable,0
65,100,37,39,24,103.0,73.0,119.15384615384616,123.0,0.2984808628227425,0.014471602626386396,Stable,0
66,100,37,39,24,102.8,74.0,118.3076923076923,122.0,0.2984808628227425,0.014471602626386396,Stable,0
67,100,37,39,24,102.6,75.0,117.46153846153847,121.0,0.2984808628227425,0.0144716026263864,Stable,0
68,100,37,39,24,102.4,76.0,116.61538461538461,120.0,0.2984808628227425,0.014471602626386392,Stable,0
69,100,37,39,24,102.2,77.0,115.76923076923077,119.0,0.29848086282274255,0.014471602626386394,Stable,0
70,100,37,39,24,114.0,78.0,133.3846153846154,138.0,0.2984808628227425,0.014471602626386396,Stable,0
71,100,37,39,24,113.8,79.0,132.53846153846155,137.0,0.2984808628227425,0.014471602626386394,Stable,0
72,100,37,39,24,113.6,80.0,131.69230769230768,136.0,0.2984808628227425,0.014471602626386394,Stable,0
73,100,37,39,24,113.4,81.0,130.84615384615384,135.0,0.2984808628227425,0.014471602626386396,Stable,0
74,100,37,39,24,113.2,82.0,130.0,134.0,0.2984808628227425,0.014471602626386394,Stable,0
75,100,37,39,24,113.0,83.0,129.15384615384616,133.0,0.2984808628227425,0.014471602626386396,Stable,0
76,100,37,39,24,112.8,84.0,128.30769230769232,132.0,0.2984808628227425,0.014471602626386396,Stable,0
77,100,37,39,24,124.6,85.0,145.92307692307693,151.0,0.2984808628227425,0.014471602626386394,Stable,0
78,100,37,39,24,124.4,86.0,145.07692307692307,150.0,0.29848086282274244,0.014471602626386394,Stable,0
79,100,37,39,24,124.2,87.0,144.23076923076923,149.0,0.2984808628227425,0.014471602626386396,Stable,0
80,100,37,39,24,124.0,88.0,143.3846153846154,148.0,0.2984808628227425,0.0144716026263864,Stable,0
81,100,37,39,24,123.8,89.0,142.53846153846155,147.0,0.2984808628227425,0.014471602626386396,Stable,0
82,100,37,39,24,123.6,90.0,141.69230769230768,146.0,0.2984808628227425,0.014471602626386396,Stable,0
83,100,37,39,24,123.4,91.0,140.84615384615384,145.0,0.2984808628227425,0.014471602626386392,Stable,0
84,100,37,39,24,135.2,92.0,158.46153846153845,164.0,0.2984808628227425,0.014471602626386396,Stable,0
85,100,37,39,24,135.0,93.0,157.6153846153846,163.0,0.2984808628227425,0.014471602626386392,Stable,0
86,100,37,39,24,134.8,94.0,156.76923076923077,162.0,0.2984808628227425,0.014471602626386394,Stable,0
87,100,37,39,24,134.6,95.0,155.92307692307693,161.0,0.29848086282274244,0.014471602626386396,Stable,0
88,100,37,39,24,134.4,96.0,155.07692307692307,160.0,0.29848086282274244,0.014471602626386394,Stable,0
89,100,37,39,24,134.2,97.0,154.23076923076923,159.0,0.2984808628227425,0.014471602626386396,Stable,0
90,100,37,39,24,134.0,98.0,153.3846153846154,158.0,0.2984808628227425,0.014471602626386396,Stable,0
91,100,37,39,24,145.8,99.0,171.0,177.0,0.2984808628227425,0.014471602626386394,Stable,0
92,100,37,39,24,145.6,100.0,170.15384615384616,176.0,0.29848086282274244,0.014471602626386394,Stable,0
93,100,37,39,24,145.4,101.0,169.30769230769232,175.0,0.29848086282274255,0.014471602626386392,Stable,0
94,100,37,39,24,145.2,102.0,168.46153846153845,174.0,0.29848086282274244,0.014471602626386394,Stable,0
95,100,37,39,24,145.0,103.0,167.6153846153846,173.0,0.2984808628227425,0.014471602626386392,Stable,0
96,100,37,39,24,144.8,104.0,166.76923076923077,172.0,0.29848086282274244,0.014471602626386394,Stable,0
97,100,37,39,24,144.6,105.0,165.92307692307693,171.0,0.29848086282274244,0.014471602626386396,Stable,0
98,100,37,39,24,156.4,106.0,183.53846153846155,190.0,0.2984808628227425,0.014471602626386396,Stable,0
99,100,37,39,24,156.2,107.0,182.69230769230768,189.0,0.2984808628227425,0.014471602626386394,Stable,0
100,100,37,39,24,156.0,108.0,181.84615384615384,188.0,0.2984808628227425,0.014471602626386396,Stable,0
101,100,37,39,24,155.8,109.0,181.0,187.0,0.2984808628227425,0.014471602626386396,Stable,0
102,100,37,39,24,155.6,110.0,180.15384615384616,186.0,0.2984808628227425,0.014471602626386394,Stable,0
103,100,37,39,24,155.4,111.0,179.30769230769232,185.0,0.2984808628227425,0.014471602626386394,Stable,0
104,100,37,39,24,155.2,112.0,178.46153846153845,184.0,0.29848086282274244,0.014471602626386396,Stable,0
105,100,37,39,24,167.0,113.0,196.07692307692307,203.0,0.2984808628227425,0.014471602626386394,Stable,0
106,100,37,39,24,166.8,114.0,195.23076923076923,202.0,0.2984808628227425,0.014471602626386394,Stable,0
107,100,37,39,24,166.6,115.0,194.3846153846154,201.0,0.29848086282274244,0.014471602626386396,Stable,0
108,100,37,39,24,166.4,116.0,193.53846153846155,200.0,0.29848086282274244,0.014471602626386394,Stable,0
109,100,37,39,24,166.2,117.0,192.69230769230768,199.0,0.2984808628227425,0.014471602626386394,Stable,0
110,100,37,39,24,166.0,118.0,191.84615384615384,198.0,0.2984808628227425,0.014471602626386396,Stable,0
0,100,30,37,33,8.0,8.0,8.0,8.0,0.2649230488067266,0.01755756480640282,Stable,1
1,100,30,37,33,7.72,9.0,7.324324324324325,7.0,0.26492304880672657,0.01755756480640282,Stable,1
2,100,30,37,33,7.44,10.0,6.648648648648648,6.0,0.26492304880672657,0.01755756480640282,Stable,1
3,100,30,37,33,7.16,11.0,5.972972972972973,5.0,0.2649230488067266,0.01755756480640282,Stable,1
4,100,30,37,33,6.88,12.0,5.297297297297297,4.0,0.2649230488067266,0.017557564806402817,Stable,1
5,100,30,37,33,6.6,13.0,4.621621621621622,3.0,0.26492304880672657,0.01755756480640282,Stable,1
6,100,30,37,33,6.32,14.0,3.945945945945946,2.0,0.26492304880672657,0.01755756480640282,Stable,1
7,100,30,37,33,18.84,15.0,20.027027027027028,21.0,0.26492304880672657,0.01755756480640282,Stable,1
8,100,30,37,33,18.56,16.0,19.35135135135135,20.0,0.26492304880672657,0.01755756480640282,Stable,1
9,100,30,37,33,18.28,17.0,18.675675675675677,19.0,0.2649230488067266,0.01755756480640282,Stable,1
10,100,30,37,33,18.0,18.0,18.0,18.0,0.26492304880672657,0.01755756480640282,Stable,1
11,100,30,37,33,17.72,19.0,17.324324324324323,17.0,0.26492304880672657,0.01755756480640282,Stable,1
12,100,30,37,33,17.44,20.0,16.64864864864865,16.0,0.2649230488067266,0.01755756480640282,Stable,1
13,100,30,37,33,17.16,21.0,15.972972972972974,15.0,0.26492304880672657,0.01755756480640282,Stable,1
14,100,30,37,33,29.68,22.0,32.054054054054056,34.0,0.2649230488067266,0.01755756480640282,Stable,1
15,100,30,37,33,29.4,23.0,31.37837837837838,33.0,0.26492304880672657,0.01755756480640282,Stable,1
16,100,30,37,33,29.12,24.0,30.7027027027027,32.0,0.26492304880672657,0.017557564806402817,Stable,1
17,100,30,37,33,28.84,25.0,30.027027027027028,31.0,0.26492304880672657,0.01755756480640282,Stable,1
18,100,30,37,33,28.56,26.0,29.35135135135135,30.0,0.26492304880672657,0.01755756480640282,Stable,1
19,100,30,37,33,28.28,27.0,28.675675675675677,29.0,0.26492304880672657,0.017557564806402817,Stable,1
20,100,30,37,33,28.0,28.0,28.0,28.0,0.2649230488067266,0.01755756480640282,Stable,1
21,100,30,37,33,40.52,29.0,44.08108108108108,47.0,0.2649230488067266,0.017557564806402817,Stable,1
22,100,30,37,33,40.24,30.0,43.4054054054054,46.0,0.26492304880672657,0.01755756480640282,Stable,1
23,100,30,37,33,39.96,31.0,42.729729729729726,45.0,0.26492304880672657,0.01755756480640282,Stable,1
24,100,30,37,33,39.68,32.0,42.054054054054056,44.0,0.26492304880672657,0.01755756480640282,Stable,1
25,100,30,37,33,39.4,33.0,41.37837837837838,43.0,0.26492304880672657,0.01755756480640282,Stable,1
26,100,30,37,33,39.12,34.0,40.7027027027027,42.0,0.2649230488067266,0.01755756480640282,Stable,1
27,100,30,37,33,38.84,35.0,40.027027027027025,41.0,0.2649230488067267,0.01755756480640282,Stable,1
28,100,30,37,33,51.36,36.0,56.108108108108105,60.0,0.26492304880672657,0.01755756480640282,Stable,1
29,100,30,37,33,51.08,37.0,55.432432432432435,59.0,0.26492304880672657,0.01755756480640282,Stable,1
30,100,30,37,33,50.8,38.0,54.75675675675676,58.0,0.2649230488067266,0.01755756480640282,Stable,1
31,100,30,37,33,50.52,39.0,54.08108108108108,57.0,0.26492304880672657,0.01755756480640282,Stable,1
32,100,30,37,33,50.24,40.0,53.4054054054054,56.0,0.2649230488067266,0.01755756480640282,Stable,1
33,100,30,37,33,49.96,41.0,52.729729729729726,55.0,0.2649230488067266,0.01755756480640282,Stable,1
34,100,30,37,33,49.68,42.0,52.054054054054056,54.0,0.26492304880672657,0.01755756480640282,Stable,1
35,100,30,37,33,62.2,43.0,68.13513513513513,73.0,0.26492304880672657,0.017557564806402817,Stable,1
36,100,30,37,33,61.92,44.0,67.45945945945945,72.0,0.2649230488067266,0.01755756480640282,Stable,1
37,100,30,37,33,61.64,45.0,66.78378378378379,71.0,0.2649230488067266,0.017557564806402824,Stable,1
38,100,30,37,33,61.36,46.0,66.10810810810811,70.0,0.26492304880672657,0.017557564806402814,Stable,1
39,100,30,37,33,61.08,47.0,65.43243243243244,69.0,0.26492304880672657,0.01755756480640282,Stable,1
40,100,30,37,33,60.8,48.0,64.75675675675676,68.0,0.2649230488067266,0.01755756480640282,Stable,1
41,100,30,37,33,60.52,49.0,64.08108108108108,67.0,0.2649230488067266,0.01755756480640282,Stable,1
42,100,30,37,33,73.04,50.0,80.16216216216216,86.0,0.2649230488067266,0.01755756480640282,Stable,1
43,100,30,37,33,72.76,51.0,79.48648648648648,85.0,0.26492304880672657,0.01755756480640282,Stable,1
44,100,30,37,33,72.48,52.0,78.8108108108108,84.0,0.2649230488067266,0.01755756480640282,Stable,1
45,100,30,37,33,72.2,53.0,78.13513513513513,83.0,0.2649230488067266,0.017557564806402817,Stable,1
46,100,30,37,33,71.92,54.0,77.45945945945945,82.0,0.2649230488067266,0.01755756480640282,Stable,1
47,100,30,37,33,71.64,55.0,76.78378378378379,81.0,0.2649230488067266,0.01755756480640282,Stable,1
48,100,30,37,33,71.36,56.0,76.10810810810811,80.0,0.26492304880672657,0.017557564806402814,Stable,1
49,100,30,37,33,83.88,57.0,92.1891891891892,99.0,0.26492304880672657,0.017557564806402814,Stable,1
50,100,30,37,33,83.6,58.0,91.51351351351352,98.0,0.2649230488067266,0.01755756480640282,Stable,1
51,100,30,37,33,83.32,59.0,90.83783783783784,97.0,0.2649230488067266,0.017557564806402824,Stable,1
52,100,30,37,33,83.04,60.0,90.16216216216216,96.0,0.26492304880672657,0.01755756480640282,Stable,1
53,100,30,37,33,82.76,61.0,89.48648648648648,95.0,0.26492304880672657,0.017557564806402817,Stable,1
54,100,30,37,33,82.48,62.0,88.8108108108108,94.0,0.2649230488067266,0.017557564806402817,Stable,1
55,100,30,37,33,82.2,63.0,88.13513513513513,93.0,0.26492304880672657,0.01755756480640282,Stable,1
56,100,30,37,33,94.72,64.0,104.21621621621621,112.0,0.2649230488067266,0.017557564806402824,Stable,1
57,100,30,37,33,94.44,65.0,103.54054054054055,111.0,0.2649230488067266,0.01755756480640282,Stable,1
58,100,30,37,33,94.16,66.0,102.86486486486487,110.0,0.26492304880672657,0.01755756480640282,Stable,1
59,100,30,37,33,93.88,67.0,102.1891891891892,109.0,0.2649230488067266,0.017557564806402817,Stable,1
60,100,30,37,33,93.6,68.0,101.51351351351352,108.0,0.26492304880672657,0.01755756480640282,Stable,1
61,100,30,37,33,93.32,69.0,100.83783783783784,107.0,0.26492304880672657,0.01755756480640282,Stable,1
62,100,30,37,33,93.04,70.0,100.16216216216216,106.0,0.26492304880672657,0.017557564806402817,Stable,1
63,100,30,37,33,105.56,71.0,116.24324324324324,125.0,0.2649230488067266,0.01755756480640282,Stable,1
64,100,30,37,33,105.28,72.0,115.56756756756756,124.0,0.2649230488067266,0.01755756480640282,Stable,1
65,100,30,37,33,105.0,73.0,114.89189189189189,123.0,0.26492304880672657,0.01755756480640282,Stable,1
66,100,30,37,33,104.72,74.0,114.21621621621621,122.0,0.26492304880672657,0.01755756480640282,Stable,1
67,100,30,37,33,104.44,75.0,113.54054054054055,121.0,0.26492304880672657,0.01755756480640282,Stable,1
68,100,30,37,33,104.16,76.0,112.86486486486487,120.0,0.2649230488067266,0.01755756480640282,Stable,1
69,100,30,37,33,103.88,77.0,112.1891891891892,119.0,0.26492304880672657,0.017557564806402817,Stable,1
70,100,30,37,33,116.4,78.0,128.27027027027026,138.0,0.26492304880672657,0.01755756480640282,Stable,1
71,100,30,37,33,116.12,79.0,127.5945945945946,137.0,0.26492304880672657,0.01755756480640282,Stable,1
72,100,30,37,33,115.84,80.0,126.91891891891892,136.0,0.26492304880672657,0.017557564806402817,Stable,1
73,100,30,37,33,115.56,81.0,126.24324324324324,135.0,0.2649230488067266,0.017557564806402824,Stable,1
74,100,30,37,33,115.28,82.0,125.56756756756756,134.0,0.26492304880672657,0.017557564806402817,Stable,1
75,100,30,37,33,115.0,83.0,124.89189189189189,133.0,0.2649230488067266,0.01755756480640282,Stable,1
76,100,30,37,33,114.72,84.0,124.21621621621621,132.0,0.26492304880672657,0.01755756480640282,Stable,1
77,100,30,37,33,127.24,85.0,140.2972972972973,151.0,0.26492304880672657,0.01755756480640282,Stable,1
78,100,30,37,33,126.96,86.0,139.6216216216216,150.0,0.26492304880672657,0.01755756480640282,Stable,1
79,100,30,37,33,126.68,87.0,138.94594594594594,149.0,0.2649230488067266,0.017557564806402814,Stable,1
80,100,30,37,33,126.4,88.0,138.27027027027026,148.0,0.26492304880672657,0.01755756480640282,Stable,1
81,100,30,37,33,126.12,89.0,137.59459459459458,147.0,0.26492304880672657,0.01755756480640282,Stable,1
82,100,30,37,33,125.84,90.0,136.9189189189189,146.0,0.2649230488067266,0.01755756480640282,Stable,1
83,100,30,37,33,125.56,91.0,136.24324324324326,145.0,0.26492304880672657,0.01755756480640282,Stable,1
84,100,30,37,33,138.08,92.0,152.32432432432432,164.0,0.26492304880672657,0.01755756480640282,Stable,1
85,100,30,37,33,137.8,93.0,151.64864864864865,163.0,0.2649230488067266,0.017557564806402817,Stable,1
86,100,30,37,33,137.52,94.0,150.97297297297297,162.0,0.2649230488067266,0.01755756480640282,Stable,1
87,100,30,37,33,137.24,95.0,150.2972972972973,161.0,0.26492304880672657,0.017557564806402817,Stable,1
88,100,30,37,33,136.96,96.0,149.6216216216216,160.0,0.26492304880672657,0.01755756480640282,Stable,1
89,100,30,37,33,136.68,97.0,148.94594594594594,159.0,0.26492304880672657,0.01755756480640282,Stable,1
90,100,30,37,33,136.4,98.0,148.27027027027026,158.0,0.2649230488067266,0.01755756480640282,Stable,1
91,100,30,37,33,148.92,99.0,164.35135135135135,177.0,0.26492304880672657,0.01755756480640282,Stable,1
92,100,30,37,33,148.64,100.0,163.67567567567568,176.0,0.26492304880672657,0.01755756480640282,Stable,1
93,100,30,37,33,148.36,101.0,163.0,175.0,0.26492304880672657,0.017557564806402817,Stable,1
94,100,30,37,33,148.08,102.0,162.32432432432432,174.0,0.2649230488067266,0.01755756480640282,Stable,1
95,100,30,37,33,147.8,103.0,161.64864864864865,173.0,0.2649230488067266,0.01755756480640282,Stable,1
96,100,30,37,33,147.52,104.0,160.97297297297297,172.0,0.2649230488067266,0.01755756480640282,Stable,1
97,100,30,37,33,147.24,105.0,160.2972972972973,171.0,0.2649230488067266,0.01755756480640282,Stable,1
98,100,30,37,33,159.76,106.0,176.3783783783784,190.0,0.26492304880672657,0.01755756480640282,Stable,1
99,100,30,37,33,159.48,107.0,175.7027027027027,189.0,0.26492304880672657,0.01755756480640282,Stable,1
100,100,30,37,33,159.2,108.0,175.02702702702703,188.0,0.2649230488067266,0.01755756480640282,Stable,1
101,100,30,37,33,158.92,109.0,174.35135135135135,187.0,0.26492304880672657,0.01755756480640282,Stable,1
102,100,30,37,33,158.64,110.0,173.67567567567568,186.0,0.26492304880672657,0.01755756480640282,Stable,1
103,100,30,37,33,158.36,111.0,173.0,185.0,0.26492304880672657,0.01755756480640282,Stable,1
104,100,30,37,33,158.08,112.0,172.32432432432432,184.0,0.2649230488067266,0.017557564806402817,Stable,1
105,100,30,37,33,170.6,113.0,188.40540540540542,203.0,0.26492304880672657,0.01755756480640282,Stable,1
106,100,30,37,33,170.32,114.0,187.72972972972974,202.0,0.26492304880672657,0.017557564806402817,Stable,1
107,100,30,37,33,170.04,115.0,187.05405405405406,201.0,0.26492304880672657,0.01755756480640282,Stable,1
108,100,30,37,33,169.76,116.0,186.3783783783784,200.0,0.26492304880672657,0.017557564806402817,Stable,1
109,100,30,37,33,169.48,117.0,185.7027027027027,199.0,0.26492304880672657,0.01755756480640282,Stable,1
110,100,30,37,33,169.2,118.0,185.02702702702703,198.0,0.26492304880672657,0.017557564806402817,Stable,1
0,100,29,36,35,8.0,8.0,8.0,8.0,0.2694462267051244,0.01723923388365713,Stable,2
1,100,29,36,35,7.7,9.0,7.333333333333333,7.0,0.2694462267051244,0.017239233883657133,Stable,2
2,100,29,36,35,7.4,10.0,6.666666666666667,6.0,0.2694462267051244,0.01723923388365713,Stable,2
3,100,29,36,35,7.1,11.0,6.0,5.0,0.2694462267051244,0.01723923388365713,Stable,2
4,100,29,36,35,6.8,12.0,5.333333333333333,4.0,0.26944622670512436,0.01723923388365713,Stable,2
5,100,29,36,35,6.5,13.0,4.666666666666667,3.0,0.2694462267051244,0.01723923388365713,Stable,2
6,100,29,36,35,6.2,14.0,4.0,2.0,0.26944622670512436,0.01723923388365713,Stable,2
7,100,29,36,35,18.9,15.0,20.0,21.0,0.26944622670512436,0.01723923388365713,Stable,2
8,100,29,36,35,18.6,16.0,19.333333333333332,20.0,0.26944622670512447,0.01723923388365713,Stable,2
9,100,29,36,35,18.3,17.0,18.666666666666668,19.0,0.26944622670512436,0.017239233883657133,Stable,2
10,100,29,36,35,18.0,18.0,18.0,18.0,0.2694462267051244,0.017239233883657126,Stable,2
11,100,29,36,35,17.7,19.0,17.333333333333332,17.0,0.26944622670512447,0.01723923388365713,Stable,2
12,100,29,36,35,17.4,20.0,16.666666666666668,16.0,0.26944622670512436,0.01723923388365713,Stable,2
13,100,29,36,35,17.1,21.0,16.0,15.0,0.26944622670512436,0.017239233883657133,Stable,2
14,100,29,36,35,29.8,22.0,32.0,34.0,0.2694462267051244,0.01723923388365713,Stable,2
15,100,29,36,35,29.5,23.0,31.333333333333332,33.0,0.2694462267051244,0.01723923388365713,Stable,2
16,100,29,36,35,29.2,24.0,30.666666666666668,32.0,0.2694462267051244,0.01723923388365713,Stable,2
17,100,29,36,35,28.9,25.0,30.0,31.0,0.2694462267051244,0.01723923388365713,Stable,2
18,100,29,36,35,28.6,26.0,29.333333333333332,30.0,0.2694462267051244,0.01723923388365713,Stable,2
19,100,29,36,35,28.3,27.0,28.666666666666668,29.0,0.26944622670512447,0.01723923388365713,Stable,2
20,100,29,36,35,28.0,28.0,28.0,28.0,0.2694462267051244,0.01723923388365713,Stable,2
21,100,29,36,35,40.7,29.0,44.0,47.0,0.2694462267051244,0.01723923388365713,Stable,2
22,100,29,36,35,40.4,30.0,43.333333333333336,46.0,0.2694462267051244,0.01723923388365713,Stable,2
23,100,29,36,35,40.1,31.0,42.666666666666664,45.0,0.2694462267051244,0.01723923388365713,Stable,2
24,100,29,36,35,39.8,32.0,42.0,44.0,0.26944622670512447,0.017239233883657133,Stable,2
25,100,29,36,35,39.5,33.0,41.333333333333336,43.0,0.26944622670512447,0.01723923388365713,Stable,2
26,100,29,36,35,39.2,34.0,40.666666666666664,42.0,0.26944622670512436,0.01723923388365713,Stable,2
27,100,29,36,35,38.9,35.0,40.0,41.0,0.2694462267051244,0.01723923388365713,Stable,2
28,100,29,36,35,51.6,36.0,56.0,60.0,0.2694462267051244,0.01723923388365713,Stable,2
29,100,29,36,35,51.3,37.0,55.333333333333336,59.0,0.2694462267051244,0.01723923388365713,Stable,2
30,100,29,36,35,51.0,38.0,54.666666666666664,58.0,0.2694462267051244,0.01723923388365713,Stable,2
31,100,29,36,35,50.7,39.0,54.0,57.0,0.26944622670512447,0.01723923388365713,Stable,2
32,100,29,36,35,50.4,40.0,53.333333333333336,56.0,0.26944622670512447,0.01723923388365713,Stable,2
33,100,29,36,35,50.1,41.0,52.666666666666664,55.0,0.26944622670512447,0.01723923388365713,Stable,2
34,100,29,36,35,49.8,42.0,52.0,54.0,0.26944622670512447,0.01723923388365713,Stable,2
35,100,29,36,35,62.5,43.0,68.0,73.0,0.2694462267051244,0.01723923388365713,Stable,2
36,100,29,36,35,62.2,44.0,67.33333333333333,72.0,0.26944622670512436,0.01723923388365713,Stable,2
37,100,29,36,35,61.9,45.0,66.66666666666667,71.0,0.26944622670512447,0.01723923388365713,Stable,2
38,100,29,36,35,61.6,46.0,66.0,70.0,0.2694462267051244,0.01723923388365713,Stable,2
39,100,29,36,35,61.3,47.0,65.33333333333333,69.0,0.26944622670512436,0.01723923388365713,Stable,2
40,100,29,36,35,61.0,48.0,64.66666666666667,68.0,0.26944622670512447,0.01723923388365713,Stable,2
41,100,29,36,35,60.7,49.0,64.0,67.0,0.26944622670512436,0.01723923388365713,Stable,2
42,100,29,36,35,73.4,50.0,80.0,86.0,0.2694462267051244,0.01723923388365713,Stable,2
43,100,29,36,35,73.1,51.0,79.33333333333333,85.0,0.2694462267051244,0.01723923388365713,Stable,2
44,100,29,36,35,72.8,52.0,78.66666666666667,84.0,0.2694462267051244,0.01723923388365713,Stable,2
45,100,29,36,35,72.5,53.0,78.0,83.0,0.2694462267051244,0.01723923388365713,Stable,2
46,100,29,36,35,72.2,54.0,77.33333333333333,82.0,0.2694462267051244,0.01723923388365713,Stable,2
47,100,29,36,35,71.9,55.0,76.66666666666667,81.0,0.26944622670512447,0.017239233883657126,Stable,2
48,100,29,36,35,71.6,56.0,76.0,80.0,0.26944622670512447,0.01723923388365713,Stable,2
49,100,29,36,35,84.3,57.0,92.0,99.0,0.26944622670512447,0.017239233883657133,Stable,2
50,100,29,36,35,84.0,58.0,91.33333333333333,98.0,0.26944622670512436,0.01723923388365713,Stable,2
51,100,29,36,35,83.7,59.0,90.66666666666667,97.0,0.2694462267051244,0.01723923388365713,Stable,2
52,100,29,36,35,83.4,60.0,90.0,96.0,0.26944622670512447,0.01723923388365713,Stable,2
53,100,29,36,35,83.1,61.0,89.33333333333333,95.0,0.2694462267051244,0.01723923388365713,Stable,2
54,100,29,36,35,82.8,62.0,88.66666666666667,94.0,0.26944622670512447,0.01723923388365713,Stable,2
55,100,29,36,35,82.5,63.0,88.0,93.0,0.26944622670512436,0.01723923388365713,Stable,2
56,100,29,36,35,95.2,64.0,104.0,112.0,0.26944622670512447,0.01723923388365713,Stable,2
57,100,29,36,35,94.9,65.0,103.33333333333333,111.0,0.26944622670512447,0.01723923388365713,Stable,2
58,100,29,36,35,94.6,66.0,102.66666666666667,110.0,0.2694462267051244,0.01723923388365713,Stable,2
59,100,29,36,35,94.3,67.0,102.0,109.0,0.2694462267051244,0.01723923388365713,Stable,2
60,100,29,36,35,94.0,68.0,101.33333333333333,108.0,0.2694462267051244,0.01723923388365713,Stable,2
61,100,29,36,35,93.7,69.0,100.66666666666667,107.0,0.26944622670512436,0.01723923388365713,Stable,2
62,100,29,36,35,93.4,70.0,100.0,106.0,0.26944622670512436,0.01723923388365713,Stable,2
63,100,29,36,35,106.1,71.0,116.0,125.0,0.2694462267051244,0.01723923388365713,Stable,2
64,100,29,36,35,105.8,72.0,115.33333333333333,124.0,0.26944622670512447,0.01723923388365713,Stable,2
65,100,29,36,35,105.5,73.0,114.66666666666667,123.0,0.26944622670512436,0.01723923388365713,Stable,2
66,100,29,36,35,105.2,74.0,114.0,122.0,0.26944622670512447,0.01723923388365713,Stable,2
67,100,29,36,35,104.9,75.0,113.33333333333333,121.0,0.2694462267051244,0.01723923388365713,Stable,2
68,100,29,36,35,104.6,76.0,112.66666666666667,120.0,0.26944622670512447,0.01723923388365713,Stable,2
69,100,29,36,35,104.3,77.0,112.0,119.0,0.26944622670512436,0.01723923388365713,Stable,2
70,100,29,36,35,117.0,78.0,128.0,138.0,0.26944622670512447,0.01723923388365713,Stable,2
71,100,29,36,35,116.7,79.0,127.33333333333333,137.0,0.2694462267051244,0.01723923388365713,Stable,2
72,100,29,36,35,116.4,80.0,126.66666666666667,136.0,0.26944622670512447,0.01723923388365713,Stable,2
73,100,29,36,35,116.1,81.0,126.0,135.0,0.26944622670512436,0.01723923388365713,Stable,2
74,100,29,36,35,115.8,82.0,125.33333333333333,134.0,0.2694462267051244,0.01723923388365713,Stable,2
75,100,29,36,35,115.5,83.0,124.66666666666667,133.0,0.26944622670512447,0.01723923388365713,Stable,2
76,100,29,36,35,115.2,84.0,124.0,132.0,0.26944622670512447,0.017239233883657126,Stable,2
77,100,29,36,35,127.9,85.0,140.0,151.0,0.26944622670512447,0.01723923388365713,Stable,2
78,100,29,36,35,127.6,86.0,139.33333333333334,150.0,0.26944622670512447,0.01723923388365713,Stable,2
79,100,29,36,35,127.3,87.0,138.66666666666666,149.0,0.26944622670512447,0.01723923388365713,Stable,2
80,100,29,36,35,127.0,88.0,138.0,148.0,0.26944622670512436,0.017239233883657126,Stable,2
81,100,29,36,35,126.7,89.0,137.33333333333334,147.0,0.26944622670512447,0.017239233883657133,Stable,2
82,100,29,36,35,126.4,90.0,136.66666666666666,146.0,0.26944622670512447,0.01723923388365713,Stable,2
83,100,29,36,35,126.1,91.0,136.0,145.0,0.2694462267051244,0.017239233883657133,Stable,2
84,100,29,36,35,138.8,92.0,152.0,164.0,0.26944622670512436,0.017239233883657126,Stable,2
85,100,29,36,35,138.5,93.0,151.33333333333334,163.0,0.2694462267051244,0.017239233883657126,Stable,2
86,100,29,36,35,138.2,94.0,150.66666666666666,162.0,0.2694462267051244,0.01723923388365713,Stable,2
87,100,29,36,35,137.9,95.0,150.0,161.0,0.26944622670512447,0.01723923388365713,Stable,2
88,100,29,36,35,137.6,96.0,149.33333333333334,160.0,0.26944622670512436,0.01723923388365713,Stable,2
89,100,29,36,35,137.3,97.0,148.66666666666666,159.0,0.26944622670512447,0.017239233883657133,Stable,2
90,100,29,36,35,137.0,98.0,148.0,158.0,0.2694462267051244,0.01723923388365713,Stable,2
91,100,29,36,35,149.7,99.0,164.0,177.0,0.26944622670512447,0.01723923388365713,Stable,2
92,100,29,36,35,149.4,100.0,163.33333333333334,176.0,0.26944622670512436,0.01723923388365713,Stable,2
93,100,29,36,35,149.1,101.0,162.66666666666666,175.0,0.26944622670512447,0.01723923388365713,Stable,2
94,100,29,36,35,148.8,102.0,162.0,174.0,0.2694462267051244,0.017239233883657126,Stable,2
95,100,29,36,35,148.5,103.0,161.33333333333334,173.0,0.2694462267051244,0.01723923388365713,Stable,2
96,100,29,36,35,148.2,104.0,160.66666666666666,172.0,0.26944622670512447,0.017239233883657133,Stable,2
97,100,29,36,35,147.9,105.0,160.0,171.0,0.2694462267051244,0.01723923388365713,Stable,2
98,100,29,36,35,160.6,106.0,176.0,190.0,0.26944622670512436,0.01723923388365713,Stable,2
99,100,29,36,35,160.3,107.0,175.33333333333334,189.0,0.26944622670512447,0.01723923388365713,Stable,2
100,100,29,36,35,160.0,108.0,174.66666666666666,188.0,0.26944622670512447,0.01723923388365713,Stable,2
101,100,29,36,35,159.7,109.0,174.0,187.0,0.2694462267051244,0.01723923388365713,Stable,2
102,100,29,36,35,159.4,110.0,173.33333333333334,186.0,0.2694462267051244,0.017239233883657133,Stable,2
103,100,29,36,35,159.1,111.0,172.66666666666666,185.0,0.2694462267051244,0.01723923388365713,Stable,2
104,100,29,36,35,158.8,112.0,172.0,184.0,0.2694462267051244,0.017239233883657133,Stable,2
105,100,29,36,35,171.5,113.0,188.0,203.0,0.26944622670512447,0.01723923388365713,Stable,2
106,100,29,36,35,171.2,114.0,187.33333333333334,202.0,0.26944622670512447,0.01723923388365713,Stable,2
107,100,29,36,35,170.9,115.0,186.66666666666666,201.0,0.26944622670512436,0.017239233883657133,Stable,2
108,100,29,36,35,170.6,116.0,186.0,200.0,0.26944622670512447,0.01723923388365713,Stable,2
109,100,29,36,35,170.3,117.0,185.33333333333334,199.0,0.26944622670512436,0.01723923388365713,Stable,2
110,100,29,36,35,170.0,118.0,184.66666666666666,198.0,0.2694462267051244,0.01723923388365713,Stable,2
0,100,31,43,26,8.0,8.0,8.0,8.0,0.2763897903540274,0.014805106666854752,Stable,3
1,100,31,43,26,7.76,9.0,7.325581395348837,7.0,0.27638979035402733,0.014805106666854749,Stable,3
2,100,31,43,26,7.52,10.0,6.651162790697675,6.0,0.2763897903540274,0.014805106666854749,Stable,3
3,100,31,43,26,7.28,11.0,5.976744186046512,5.0,0.2763897903540274,0.014805106666854749,Stable,3
4,100,31,43,26,7.04,12.0,5.3023255813953485,4.0,0.27638979035402733,0.014805106666854754,Stable,3
5,100,31,43,26,6.8,13.0,4.627906976744186,3.0,0.27638979035402733,0.014805106666854752,Stable,3
6,100,31,43,26,6.56,14.0,3.953488372093023,2.0,0.27638979035402733,0.014805106666854749,Stable,3
7,100,31,43,26,18.72,15.0,20.023255813953487,21.0,0.27638979035402733,0.014805106666854749,Stable,3
8,100,31,43,26,18.48,16.0,19.348837209302324,20.0,0.2763897903540274,0.014805106666854754,Stable,3
9,100,31,43,26,18.24,17.0,18.674418604651162,19.0,0.27638979035402733,0.014805106666854752,Stable,3
10,100,31,43,26,18.0,18.0,18.0,18.0,0.2763897903540274,0.014805106666854752,Stable,3
11,100,31,43,26,17.76,19.0,17.325581395348838,17.0,0.27638979035402733,0.014805106666854749,Stable,3
12,100,31,43,26,17.52,20.0,16.651162790697676,16.0,0.27638979035402733,0.014805106666854749,Stable,3
13,100,31,43,26,17.28,21.0,15.976744186046512,15.0,0.27638979035402733,0.014805106666854752,Stable,3
14,100,31,43,26,29.44,22.0,32.04651162790697,34.0,0.27638979035402733,0.014805106666854749,Stable,3
15,100,31,43,26,29.2,23.0,31.372093023255815,33.0,0.27638979035402733,0.014805106666854752,Stable,3
16,100,31,43,26,28.96,24.0,30.697674418604652,32.0,0.27638979035402733,0.014805106666854752,Stable,3
17,100,31,43,26,28.72,25.0,30.023255813953487,31.0,0.27638979035402733,0.014805106666854749,Stable,3
18,100,31,43,26,28.48,26.0,29.348837209302324,30.0,0.2763897903540274,0.014805106666854749,Stable,3
19,100,31,43,26,28.24,27.0,28.674418604651162,29.0,0.27638979035402733,0.014805106666854754,Stable,3
20,100,31,43,26,28.0,28.0,28.0,28.0,0.27638979035402733,0.014805106666854752,Stable,3
21,100,31,43,26,40.16,29.0,44.06976744186046,47.0,0.27638979035402733,0.014805106666854752,Stable,3
22,100,31,43,26,39.92,30.0,43.395348837209305,46.0,0.27638979035402733,0.014805106666854752,Stable,3
23,100,31,43,26,39.68,31.0,42.72093023255814,45.0,0.27638979035402733,0.014805106666854752,Stable,3
24,100,31,43,26,39.44,32.0,42.04651162790697,44.0,0.27638979035402733,0.014805106666854749,Stable,3
25,100,31,43,26,39.2,33.0,41.372093023255815,43.0,0.27638979035402733,0.014805106666854749,Stable,3
26,100,31,43,26,38.96,34.0,40.69767441860465,42.0,0.27638979035402733,0.014805106666854749,Stable,3
27,100,31,43,26,38.72,35.0,40.02325581395349,41.0,0.2763897903540274,0.014805106666854752,Stable,3
28,100,31,43,26,50.88,36.0,56.093023255813954,60.0,0.2763897903540274,0.014805106666854752,Stable,3
29,100,31,43,26,50.64,37.0,55.41860465116279,59.0,0.27638979035402733,0.014805106666854752,Stable,3
30,100,31,43,26,50.4,38.0,54.74418604651163,58.0,0.2763897903540274,0.014805106666854749,Stable,3
31,100,31,43,26,50.16,39.0,54.06976744186046,57.0,0.27638979035402733,0.014805106666854752,Stable,3
32,100,31,43,26,49.92,40.0,53.395348837209305,56.0,0.2763897903540274,0.014805106666854752,Stable,3
33,100,31,43,26,49.68,41.0,52.72093023255814,55.0,0.27638979035402733,0.014805106666854752,Stable,3
34,100,31,43,26,49.44,42.0,52.04651162790697,54.0,0.27638979035402733,0.014805106666854752,Stable,3
35,100,31,43,26,61.6,43.0,68.11627906976744,73.0,0.27638979035402733,0.014805106666854749,Stable,3
36,100,31,43,26,61.36,44.0,67.44186046511628,72.0,0.27638979035402733,0.014805106666854752,Stable,3
37,100,31,43,26,61.12,45.0,66.76744186046511,71.0,0.27638979035402733,0.014805106666854752,Stable,3
38,100,31,43,26,60.88,46.0,66.09302325581395,70.0,0.2763897903540274,0.014805106666854747,Stable,3
39,100,31,43,26,60.64,47.0,65.4186046511628,69.0,0.2763897903540274,0.014805106666854749,Stable,3
40,100,31,43,26,60.4,48.0,64.74418604651163,68.0,0.27638979035402733,0.014805106666854752,Stable,3
41,100,31,43,26,60.16,49.0,64.06976744186046,67.0,0.27638979035402733,0.014805106666854752,Stable,3
42,100,31,43,26,72.32,50.0,80.13953488372093,86.0,0.2763897903540274,0.014805106666854749,Stable,3
43,100,31,43,26,72.08,51.0,79.46511627906976,85.0,0.27638979035402733,0.014805106666854749,Stable,3
44,100,31,43,26,71.84,52.0,78.79069767441861,84.0,0.2763897903540274,0.014805106666854754,Stable,3
45,100,31,43,26,71.6,53.0,78.11627906976744,83.0,0.27638979035402733,0.014805106666854749,Stable,3
46,100,31,43,26,71.36,54.0,77.44186046511628,82.0,0.27638979035402733,0.014805106666854752,Stable,3
47,100,31,43,26,71.12,55.0,76.76744186046511,81.0,0.27638979035402733,0.014805106666854749,Stable,3
48,100,31,43,26,70.88,56.0,76.09302325581395,80.0,0.27638979035402733,0.014805106666854752,Stable,3
49,100,31,43,26,83.04,57.0,92.16279069767442,99.0,0.27638979035402733,0.014805106666854754,Stable,3
50,100,31,43,26,82.8,58.0,91.48837209302326,98.0,0.27638979035402733,0.014805106666854749,Stable,3
51,100,31,43,26,82.56,59.0,90.81395348837209,97.0,0.27638979035402733,0.014805106666854752,Stable,3
52,100,31,43,26,82.32,60.0,90.13953488372093,96.0,0.27638979035402733,0.014805106666854752,Stable,3
53,100,31,43,26,82.08,61.0,89.46511627906976,95.0,0.2763897903540274,0.014805106666854752,Stable,3
54,100,31,43,26,81.84,62.0,88.79069767441861,94.0,0.2763897903540274,0.014805106666854749,Stable,3
55,100,31,43,26,81.6,63.0,88.11627906976744,93.0,0.27638979035402733,0.014805106666854752,Stable,3
56,100,31,43,26,93.76,64.0,104.18604651162791,112.0,0.27638979035402733,0.014805106666854749,Stable,3
57,100,31,43,26,93.52,65.0,103.51162790697674,111.0,0.27638979035402733,0.014805106666854752,Stable,3
58,100,31,43,26,93.28,66.0,102.83720930232558,110.0,0.27638979035402733,0.014805106666854752,Stable,3
59,100,31,43,26,93.04,67.0,102.16279069767442,109.0,0.27638979035402733,0.014805106666854752,Stable,3
60,100,31,43,26,92.8,68.0,101.48837209302326,108.0,0.2763897903540274,0.014805106666854752,Stable,3
61,100,31,43,26,92.56,69.0,100.81395348837209,107.0,0.2763897903540274,0.014805106666854749,Stable,3
62,100,31,43,26,92.32,70.0,100.13953488372093,106.0,0.2763897903540274,0.014805106666854752,Stable,3
63,100,31,43,26,104.48,71.0,116.20930232558139,125.0,0.27638979035402733,0.014805106666854747,Stable,3
64,100,31,43,26,104.24,72.0,115.53488372093024,124.0,0.2763897903540274,0.014805106666854752,Stable,3
65,100,31,43,26,104.0,73.0,114.86046511627907,123.0,0.27638979035402733,0.014805106666854749,Stable,3
66,100,31,43,26,103.76,74.0,114.18604651162791,122.0,0.27638979035402733,0.014805106666854749,Stable,3
67,100,31,43,26,103.52,75.0,113.51162790697674,121.0,0.2763897903540274,0.014805106666854747,Stable,3
68,100,31,43,26,103.28,76.0,112.83720930232558,120.0,0.27638979035402733,0.014805106666854747,Stable,3
69,100,31,43,26,103.04,77.0,112.16279069767442,119.0,0.2763897903540274,0.014805106666854749,Stable,3
70,100,31,43,26,115.2,78.0,128.2325581395349,138.0,0.27638979035402733,0.014805106666854752,Stable,3
71,100,31,43,26,114.96,79.0,127.55813953488372,137.0,0.27638979035402733,0.014805106666854749,Stable,3
72,100,31,43,26,114.72,80.0,126.88372093023256,136.0,0.27638979035402733,0.014805106666854752,Stable,3
73,100,31,43,26,114.48,81.0,126.20930232558139,135.0,0.27638979035402733,0.014805106666854749,Stable,3
74,100,31,43,26,114.24,82.0,125.53488372093024,134.0,0.27638979035402733,0.014805106666854749,Stable,3
75,100,31,43,26,114.0,83.0,124.86046511627907,133.0,0.27638979035402733,0.014805106666854752,Stable,3
76,100,31,43,26,113.76,84.0,124.18604651162791,132.0,0.27638979035402733,0.014805106666854749,Stable,3
77,100,31,43,26,125.92,85.0,140.25581395348837,151.0,0.2763897903540274,0.014805106666854749,Stable,3
78,100,31,43,26,125.68,86.0,139.58139534883722,150.0,0.27638979035402733,0.014805106666854749,Stable,3
79,100,31,43,26,125.44,87.0,138.90697674418604,149.0,0.27638979035402733,0.014805106666854752,Stable,3
80,100,31,43,26,125.2,88.0,138.2325581395349,148.0,0.27638979035402733,0.014805106666854752,Stable,3
81,100,31,43,26,124.96,89.0,137.5581395348837,147.0,0.27638979035402733,0.014805106666854754,Stable,3
82,100,31,43,26,124.72,90.0,136.88372093023256,146.0,0.2763897903540274,0.014805106666854752,Stable,3
83,100,31,43,26,124.48,91.0,136.2093023255814,145.0,0.27638979035402733,0.014805106666854752,Stable,3
84,100,31,43,26,136.64,92.0,152.27906976744185,164.0,0.2763897903540274,0.014805106666854749,Stable,3
85,100,31,43,26,136.4,93.0,151.6046511627907,163.0,0.27638979035402733,0.014805106666854752,Stable,3
86,100,31,43,26,136.16,94.0,150.93023255813952,162.0,0.27638979035402733,0.014805106666854749,Stable,3
87,100,31,43,26,135.92,95.0,150.25581395348837,161.0,0.27638979035402733,0.014805106666854752,Stable,3
88,100,31,43,26,135.68,96.0,149.58139534883722,160.0,0.27638979035402733,0.014805106666854752,Stable,3
89,100,31,43,26,135.44,97.0,148.90697674418604,159.0,0.2763897903540274,0.014805106666854749,Stable,3
90,100,31,43,26,135.2,98.0,148.2325581395349,158.0,0.27638979035402733,0.014805106666854752,Stable,3
91,100,31,43,26,147.36,99.0,164.30232558139534,177.0,0.27638979035402733,0.014805106666854749,Stable,3
92,100,31,43,26,147.12,100.0,163.62790697674419,176.0,0.27638979035402733,0.014805106666854752,Stable,3
93,100,31,43,26,146.88,101.0,162.95348837209303,175.0,0.2763897903540274,0.014805106666854752,Stable,3
94,100,31,43,26,146.64,102.0,162.27906976744185,174.0,0.27638979035402733,0.014805106666854752,Stable,3
95,100,31,43,26,146.4,103.0,161.6046511627907,173.0,0.27638979035402733,0.014805106666854752,Stable,3
96,100,31,43,26,146.16,104.0,160.93023255813952,172.0,0.27638979035402733,0.014805106666854749,Stable,3
97,100,31,43,26,145.92,105.0,160.25581395348837,171.0,0.27638979035402733,0.014805106666854754,Stable,3
98,100,31,43,26,158.08,106.0,176.32558139534885,190.0,0.2763897903540274,0.014805106666854752,Stable,3
99,100,31,43,26,157.84,107.0,175.65116279069767,189.0,0.2763897903540274,0.014805106666854747,Stable,3
100,100,31,43,26,157.6,108.0,174.97674418604652,188.0,0.27638979035402733,0.014805106666854749,Stable,3
101,100,31,43,26,157.36,109.0,174.30232558139534,187.0,0.27638979035402733,0.014805106666854752,Stable,3
102,100,31,43,26,157.12,110.0,173.62790697674419,186.0,0.27638979035402733,0.014805106666854752,Stable,3
103,100,31,43,26,156.88,111.0,172.95348837209303,185.0,0.2763897903540274,0.014805106666854749,Stable,3
104,100,31,43,26,156.64,112.0,172.27906976744185,184.0,0.27638979035402733,0.014805106666854754,Stable,3
105,100,31,43,26,168.8,113.0,188.34883720930233,203.0,0.27638979035402733,0.014805106666854749,Stable,3
106,100,31,43,26,168.56,114.0,187.67441860465115,202.0,0.27638979035402733,0.014805106666854749,Stable,3
107,100,31,43,26,168.32,115.0,187.0,201.0,0.27638979035402733,0.014805106666854749,Stable,3
108,100,31,43,26,168.08,116.0,186.32558139534885,200.0,0.27638979035402733,0.014805106666854752,Stable,3
109,100,31,43,26,167.84,117.0,185.65116279069767,199.0,0.2763897903540274,0.014805106666854749,Stable,3
110,100,31,43,26,167.6,118.0,184.97674418604652,198.0,0.27638979035402733,0.014805106666854754,Stable,3
0,100,35,28,37,8.0,8.0,8.0,8.0,0.26980241483945383,0.018211117558065707,Stable,4
1,100,35,28,37,7.74,9.0,7.142857142857143,7.0,0.26980241483945383,0.018211117558065707,Stable,4
2,100,35,28,37,7.48,10.0,6.285714285714286,6.0,0.26980241483945383,0.0182111175580657,Stable,4
3,100,35,28,37,7.22,11.0,5.428571428571429,5.0,0.26980241483945383,0.018211117558065707,Stable,4
4,100,35,28,37,6.96,12.0,4.571428571428571,4.0,0.2698024148394538,0.018211117558065704,Stable,4
5,100,35,28,37,6.7,13.0,3.7142857142857144,3.0,0.26980241483945383,0.0182111175580657,Stable,4
6,100,35,28,37,6.44,14.0,2.857142857142857,2.0,0.26980241483945383,0.0182111175580657,Stable,4
7,100,35,28,37,18.78,15.0,20.571428571428573,21.0,0.26980241483945383,0.018211117558065707,Stable,4
8,100,35,28,37,18.52,16.0,19.714285714285715,20.0,0.26980241483945383,0.018211117558065707,Stable,4
9,100,35,28,37,18.26,17.0,18.857142857142858,19.0,0.2698024148394539,0.018211117558065704,Stable,4
10,100,35,28,37,18.0,18.0,18.0,18.0,0.26980241483945383,0.018211117558065707,Stable,4
11,100,35,28,37,17.74,19.0,17.142857142857142,17.0,0.26980241483945383,0.0182111175580657,Stable,4
12,100,35,28,37,17.48,20.0,16.285714285714285,16.0,0.26980241483945383,0.0182111175580657,Stable,4
13,100,35,28,37,17.22,21.0,15.428571428571429,15.0,0.26980241483945383,0.0182111175580657,Stable,4
14,100,35,28,37,29.56,22.0,33.142857142857146,34.0,0.26980241483945383,0.018211117558065704,Stable,4
15,100,35,28,37,29.3,23.0,32.285714285714285,33.0,0.26980241483945383,0.018211117558065704,Stable,4
16,100,35,28,37,29.04,24.0,31.428571428571427,32.0,0.26980241483945383,0.018211117558065707,Stable,4
17,100,35,28,37,28.78,25.0,30.571428571428573,31.0,0.26980241483945383,0.018211117558065707,Stable,4
18,100,35,28,37,28.52,26.0,29.714285714285715,30.0,0.26980241483945383,0.018211117558065707,Stable,4
19,100,35,28,37,28.26,27.0,28.857142857142858,29.0,0.2698024148394538,0.018211117558065707,Stable,4
20,100,35,28,37,28.0,28.0,28.0,28.0,0.2698024148394539,0.0182111175580657,Stable,4
21,100,35,28,37,40.34,29.0,45.714285714285715,47.0,0.26980241483945383,0.018211117558065704,Stable,4
22,100,35,28,37,40.08,30.0,44.857142857142854,46.0,0.26980241483945383,0.0182111175580657,Stable,4
23,100,35,28,37,39.82,31.0,44.0,45.0,0.2698024148394538,0.018211117558065704,Stable,4
24,100,35,28,37,39.56,32.0,43.142857142857146,44.0,0.2698024148394538,0.018211117558065704,Stable,4
25,100,35,28,37,39.3,33.0,42.285714285714285,43.0,0.26980241483945383,0.018211117558065704,Stable,4
26,100,35,28,37,39.04,34.0,41.42857142857143,42.0,0.26980241483945383,0.018211117558065704,Stable,4
27,100,35,28,37,38.78,35.0,40.57142857142857,41.0,0.26980241483945383,0.018211117558065707,Stable,4
28,100,35,28,37,51.12,36.0,58.285714285714285,60.0,0.26980241483945383,0.018211117558065707,Stable,4
29,100,35,28,37,50.86,37.0,57.42857142857143,59.0,0.26980241483945383,0.018211117558065704,Stable,4
30,100,35,28,37,50.6,38.0,56.57142857142857,58.0,0.26980241483945383,0.018211117558065704,Stable,4
31,100,35,28,37,50.34,39.0,55.714285714285715,57.0,0.26980241483945383,0.0182111175580657,Stable,4
32,100,35,28,37,50.08,40.0,54.857142857142854,56.0,0.26980241483945383,0.018211117558065707,Stable,4
33,100,35,28,37,49.82,41.0,54.0,55.0,0.26980241483945383,0.018211117558065704,Stable,4
34,100,35,28,37,49.56,42.0,53.142857142857146,54.0,0.26980241483945383,0.018211117558065704,Stable,4
35,100,35,28,37,61.9,43.0,70.85714285714286,73.0,0.26980241483945383,0.0182111175580657,Stable,4
36,100,35,28,37,61.64,44.0,70.0,72.0,0.26980241483945383,0.018211117558065704,Stable,4
37,100,35,28,37,61.38,45.0,69.14285714285714,71.0,0.26980241483945383,0.018211117558065704,Stable,4
38,100,35,28,37,61.12,46.0,68.28571428571429,70.0,0.26980241483945383,0.0182111175580657,Stable,4
39,100,35,28,37,60.86,47.0,67.42857142857143,69.0,0.26980241483945383,0.018211117558065704,Stable,4
40,100,35,28,37,60.6,48.0,66.57142857142857,68.0,0.2698024148394538,0.018211117558065707,Stable,4
41,100,35,28,37,60.34,49.0,65.71428571428571,67.0,0.26980241483945383,0.018211117558065704,Stable,4
42,100,35,28,37,72.68,50.0,83.42857142857143,86.0,0.26980241483945383,0.018211117558065704,Stable,4
43,100,35,28,37,72.42,51.0,82.57142857142857,85.0,0.26980241483945383,0.018211117558065704,Stable,4
44,100,35,28,37,72.16,52.0,81.71428571428571,84.0,0.26980241483945383,0.018211117558065704,Stable,4
45,100,35,28,37,71.9,53.0,80.85714285714286,83.0,0.2698024148394539,0.018211117558065707,Stable,4
46,100,35,28,37,71.64,54.0,80.0,82.0,0.26980241483945383,0.018211117558065704,Stable,4
47,100,35,28,37,71.38,55.0,79.14285714285714,81.0,0.2698024148394539,0.018211117558065707,Stable,4
48,100,35,28,37,71.12,56.0,78.28571428571429,80.0,0.26980241483945383,0.018211117558065707,Stable,4
49,100,35,28,37,83.46,57.0,96.0,99.0,0.26980241483945383,0.018211117558065704,Stable,4
50,100,35,28,37,83.2,58.0,95.14285714285714,98.0,0.26980241483945383,0.018211117558065704,Stable,4
51,100,35,28,37,82.94,59.0,94.28571428571429,97.0,0.26980241483945383,0.0182111175580657,Stable,4
52,100,35,28,37,82.68,60.0,93.42857142857143,96.0,0.26980241483945383,0.018211117558065707,Stable,4
53,100,35,28,37,82.42,61.0,92.57142857142857,95.0,0.26980241483945383,0.018211117558065704,Stable,4
54,100,35,28,37,82.16,62.0,91.71428571428571,94.0,0.26980241483945383,0.018211117558065707,Stable,4
55,100,35,28,37,81.9,63.0,90.85714285714286,93.0,0.26980241483945383,0.0182111175580657,Stable,4
56,100,35,28,37,94.24,64.0,108.57142857142857,112.0,0.26980241483945383,0.018211117558065704,Stable,4
57,100,35,28,37,93.98,65.0,107.71428571428571,111.0,0.26980241483945383,0.018211117558065704,Stable,4
58,100,35,28,37,93.72,66.0,106.85714285714286,110.0,0.26980241483945383,0.018211117558065707,Stable,4
59,100,35,28,37,93.46,67.0,106.0,109.0,0.26980241483945383,0.018211117558065707,Stable,4
60,100,35,28,37,93.2,68.0,105.14285714285714,108.0,0.26980241483945383,0.0182111175580657,Stable,4
61,100,35,28,37,92.94,69.0,104.28571428571429,107.0,0.26980241483945383,0.018211117558065704,Stable,4
62,100,35,28,37,92.68,70.0,103.42857142857143,106.0,0.26980241483945383,0.0182111175580657,Stable,4
63,100,35,28,37,105.02,71.0,121.14285714285714,125.0,0.26980241483945383,0.0182111175580657,Stable,4
64,100,35,28,37,104.76,72.0,120.28571428571429,124.0,0.2698024148394539,0.018211117558065707,Stable,4
65,100,35,28,37,104.5,73.0,119.42857142857143,123.0,0.26980241483945383,0.018211117558065704,Stable,4
66,100,35,28,37,104.24,74.0,118.57142857142857,122.0,0.26980241483945383,0.018211117558065704,Stable,4
67,100,35,28,37,103.98,75.0,117.71428571428571,121.0,0.26980241483945383,0.018211117558065704,Stable,4
68,100,35,28,37,103.72,76.0,116.85714285714286,120.0,0.26980241483945383,0.018211117558065707,Stable,4
69,100,35,28,37,103.46,77.0,116.0,119.0,0.26980241483945383,0.018211117558065707,Stable,4
70,100,35,28,37,115.8,78.0,133.71428571428572,138.0,0.26980241483945383,0.0182111175580657,Stable,4
71,100,35,28,37,115.54,79.0,132.85714285714286,137.0,0.26980241483945383,0.018211117558065704,Stable,4
72,100,35,28,37,115.28,80.0,132.0,136.0,0.2698024148394538,0.018211117558065704,Stable,4
73,100,35,28,37,115.02,81.0,131.14285714285714,135.0,0.26980241483945383,0.0182111175580657,Stable,4
74,100,35,28,37,114.76,82.0,130.28571428571428,134.0,0.26980241483945383,0.018211117558065704,Stable,4
75,100,35,28,37,114.5,83.0,129.42857142857142,133.0,0.26980241483945383,0.018211117558065707,Stable,4
76,100,35,28,37,114.24,84.0,128.57142857142858,132.0,0.26980241483945383,0.0182111175580657,Stable,4
77,100,35,28,37,126.58,85.0,146.28571428571428,151.0,0.26980241483945383,0.018211117558065704,Stable,4
78,100,35,28,37,126.32,86.0,145.42857142857142,150.0,0.26980241483945383,0.018211117558065707,Stable,4
79,100,35,28,37,126.06,87.0,144.57142857142858,149.0,0.26980241483945383,0.018211117558065704,Stable,4
80,100,35,28,37,125.8,88.0,143.71428571428572,148.0,0.2698024148394539,0.018211117558065704,Stable,4
81,100,35,28,37,125.54,89.0,142.85714285714286,147.0,0.2698024148394539,0.018211117558065704,Stable,4
82,100,35,28,37,125.28,90.0,142.0,146.0,0.26980241483945383,0.018211117558065704,Stable,4
83,100,35,28,37,125.02,91.0,141.14285714285714,145.0,0.26980241483945383,0.018211117558065704,Stable,4
84,100,35,28,37,137.36,92.0,158.85714285714286,164.0,0.26980241483945383,0.018211117558065707,Stable,4
85,100,35,28,37,137.1,93.0,158.0,163.0,0.26980241483945383,0.0182111175580657,Stable,4
86,100,35,28,37,136.84,94.0,157.14285714285714,162.0,0.26980241483945383,0.018211117558065707,Stable,4
87,100,35,28,37,136.58,95.0,156.28571428571428,161.0,0.26980241483945383,0.018211117558065704,Stable,4
88,100,35,28,37,136.32,96.0,155.42857142857142,160.0,0.26980241483945383,0.018211117558065707,Stable,4
89,100,35,28,37,136.06,97.0,154.57142857142858,159.0,0.26980241483945383,0.018211117558065707,Stable,4
90,100,35,28,37,135.8,98.0,153.71428571428572,158.0,0.26980241483945383,0.0182111175580657,Stable,4
91,100,35,28,37,148.14,99.0,171.42857142857142,177.0,0.26980241483945383,0.018211117558065707,Stable,4
92,100,35,28,37,147.88,100.0,170.57142857142858,176.0,0.26980241483945383,0.018211117558065704,Stable,4
93,100,35,28,37,147.62,101.0,169.71428571428572,175.0,0.26980241483945383,0.018211117558065707,Stable,4
94,100,35,28,37,147.36,102.0,168.85714285714286,174.0,0.26980241483945383,0.0182111175580657,Stable,4
95,100,35,28,37,147.1,103.0,168.0,173.0,0.26980241483945383,0.018211117558065704,Stable,4
96,100,35,28,37,146.84,104.0,167.14285714285714,172.0,0.26980241483945383,0.018211117558065707,Stable,4
97,100,35,28,37,146.58,105.0,166.28571428571428,171.0,0.2698024148394538,0.018211117558065704,Stable,4
98,100,35,28,37,158.92,106.0,184.0,190.0,0.26980241483945383,0.018211117558065707,Stable,4
99,100,35,28,37,158.66,107.0,183.14285714285714,189.0,0.26980241483945383,0.018211117558065704,Stable,4
100,100,35,28,37,158.4,108.0,182.28571428571428,188.0,0.26980241483945383,0.0182111175580657,Stable,4
101,100,35,28,37,158.14,109.0,181.42857142857142,187.0,0.26980241483945383,0.018211117558065704,Stable,4
102,100,35,28,37,157.88,110.0,180.57142857142858,186.0,0.26980241483945383,0.018211117558065707,Stable,4
103,100,35,28,37,157.62,111.0,179.71428571428572,185.0,0.26980241483945383,0.018211117558065707,Stable,4
104,100,35,28,37,157.36,112.0,178.85714285714286,184.0,0.26980241483945383,0.0182111175580657,Stable,4
105,100,35,28,37,169.7,113.0,196.57142857142858,203.0,0.26980241483945383,0.018211117558065704,Stable,4
106,100,35,28,37,169.44,114.0,195.71428571428572,202.0,0.2698024148394539,0.018211117558065704,Stable,4
107,100,35,28,37,169.18,115.0,194.85714285714286,201.0,0.2698024148394538,0.018211117558065704,Stable,4
108,100,35,28,37,168.92,116.0,194.0,200.0,0.26980241483945383,0.018211117558065704,Stable,4
109,100,35,28,37,168.66,117.0,193.14285714285714,199.0,0.26980241483945383,0.018211117558065707,Stable,4
110,100,35,28,37,168.4,118.0,192.28571428571428,198.0,0.26980241483945383,0.0182111175580657,Stable,4
0,100,32,35,33,8.0,8.0,8.0,8.0,0.2772004216069453,0.017849028700646433,Stable,5
1,100,32,35,33,7.82,9.0,7.514285714285714,7.0,0.2772004216069453,0.017849028700646433,Stable,5
2,100,32,35,33,7.64,10.0,7.0285714285714285,6.0,0.27720042160694536,0.017849028700646433,Stable,5
3,100,32,35,33,7.46,11.0,6.542857142857143,5.0,0.2772004216069453,0.017849028700646436,Stable,5
4,100,32,35,33,7.28,12.0,6.057142857142857,4.0,0.2772004216069453,0.017849028700646433,Stable,5
5,100,32,35,33,7.1,13.0,5.571428571428571,3.0,0.2772004216069453,0.017849028700646436,Stable,5
6,100,32,35,33,6.92,14.0,5.085714285714285,2.0,0.2772004216069453,0.017849028700646433,Stable,5
7,100,32,35,33,18.54,15.0,19.457142857142856,21.0,0.2772004216069453,0.017849028700646436,Stable,5
8,100,32,35,33,18.36,16.0,18.97142857142857,20.0,0.27720042160694536,0.017849028700646433,Stable,5
9,100,32,35,33,18.18,17.0,18.485714285714284,19.0,0.2772004216069453,0.017849028700646433,Stable,5
10,100,32,35,33,18.0,18.0,18.0,18.0,0.27720042160694536,0.017849028700646436,Stable,5
11,100,32,35,33,17.82,19.0,17.514285714285716,17.0,0.27720042160694536,0.017849028700646433,Stable,5
12,100,32,35,33,17.64,20.0,17.02857142857143,16.0,0.27720042160694536,0.017849028700646433,Stable,5
13,100,32,35,33,17.46,21.0,16.542857142857144,15.0,0.27720042160694536,0.017849028700646436,Stable,5
14,100,32,35,33,29.08,22.0,30.914285714285715,34.0,0.27720042160694536,0.017849028700646436,Stable,5
15,100,32,35,33,28.9,23.0,30.428571428571427,33.0,0.2772004216069454,0.017849028700646433,Stable,5
16,100,32,35,33,28.72,24.0,29.942857142857143,32.0,0.2772004216069453,0.017849028700646436,Stable,5
17,100,32,35,33,28.54,25.0,29.457142857142856,31.0,0.2772004216069453,0.017849028700646436,Stable,5
18,100,32,35,33,28.36,26.0,28.97142857142857,30.0,0.2772004216069453,0.017849028700646436,Stable,5
19,100,32,35,33,28.18,27.0,28.485714285714284,29.0,0.2772004216069453,0.017849028700646436,Stable,5
20,100,32,35,33,28.0,28.0,28.0,28.0,0.27720042160694536,0.017849028700646436,Stable,5
21,100,32,35,33,39.62,29.0,42.371428571428574,47.0,0.2772004216069453,0.017849028700646436,Stable,5
22,100,32,35,33,39.44,30.0,41.885714285714286,46.0,0.27720042160694536,0.017849028700646436,Stable,5
23,100,32,35,33,39.26,31.0,41.4,45.0,0.2772004216069453,0.017849028700646436,Stable,5
24,100,32,35,33,39.08,32.0,40.91428571428571,44.0,0.27720042160694536,0.017849028700646436,Stable,5
25,100,32,35,33,38.9,33.0,40.42857142857143,43.0,0.2772004216069453,0.017849028700646433,Stable,5
26,100,32,35,33,38.72,34.0,39.94285714285714,42.0,0.2772004216069453,0.017849028700646436,Stable,5
27,100,32,35,33,38.54,35.0,39.457142857142856,41.0,0.27720042160694536,0.017849028700646436,Stable,5
28,100,32,35,33,50.16,36.0,53.82857142857143,60.0,0.2772004216069453,0.017849028700646433,Stable,5
29,100,32,35,33,49.98,37.0,53.34285714285714,59.0,0.2772004216069453,0.017849028700646433,Stable,5
30,100,32,35,33,49.8,38.0,52.857142857142854,58.0,0.2772004216069454,0.017849028700646436,Stable,5
31,100,32,35,33,49.62,39.0,52.371428571428574,57.0,0.2772004216069453,0.017849028700646433,Stable,5
32,100,32,35,33,49.44,40.0,51.885714285714286,56.0,0.2772004216069453,0.017849028700646436,Stable,5
33,100,32,35,33,49.26,41.0,51.4,55.0,0.2772004216069453,0.017849028700646436,Stable,5
34,100,32,35,33,49.08,42.0,50.91428571428571,54.0,0.2772004216069454,0.017849028700646436,Stable,5
35,100,32,35,33,60.7,43.0,65.28571428571429,73.0,0.2772004216069453,0.017849028700646436,Stable,5
36,100,32,35,33,60.52,44.0,64.8,72.0,0.27720042160694536,0.017849028700646436,Stable,5
37,100,32,35,33,60.34,45.0,64.31428571428572,71.0,0.2772004216069453,0.017849028700646436,Stable,5
38,100,32,35,33,60.16,46.0,63.82857142857143,70.0,0.2772004216069453,0.017849028700646436,Stable,5
39,100,32,35,33,59.98,47.0,63.34285714285714,69.0,0.27720042160694536,0.017849028700646436,Stable,5
40,100,32,35,33,59.8,48.0,62.857142857142854,68.0,0.27720042160694536,0.017849028700646433,Stable,5
41,100,32,35,33,59.62,49.0,62.371428571428574,67.0,0.27720042160694536,0.017849028700646436,Stable,5
42,100,32,35,33,71.24,50.0,76.74285714285715,86.0,0.27720042160694536,0.017849028700646436,Stable,5
43,100,32,35,33,71.06,51.0,76.25714285714285,85.0,0.27720042160694536,0.017849028700646436,Stable,5
44,100,32,35,33,70.88,52.0,75.77142857142857,84.0,0.27720042160694536,0.017849028700646433,Stable,5
45,100,32,35,33,70.7,53.0,75.28571428571429,83.0,0.27720042160694536,0.017849028700646436,Stable,5
46,100,32,35,33,70.52,54.0,74.8,82.0,0.27720042160694536,0.017849028700646436,Stable,5
47,100,32,35,33,70.34,55.0,74.31428571428572,81.0,0.2772004216069453,0.017849028700646433,Stable,5
48,100,32,35,33,70.16,56.0,73.82857142857142,80.0,0.27720042160694536,0.017849028700646436,Stable,5
49,100,32,35,33,81.78,57.0,88.2,99.0,0.2772004216069453,0.017849028700646433,Stable,5
50,100,32,35,33,81.6,58.0,87.71428571428571,98.0,0.27720042160694536,0.017849028700646436,Stable,5
51,100,32,35,33,81.42,59.0,87.22857142857143,97.0,0.2772004216069454,0.017849028700646433,Stable,5
52,100,32,35,33,81.24,60.0,86.74285714285715,96.0,0.27720042160694525,0.017849028700646433,Stable,5
53,100,32,35,33,81.06,61.0,86.25714285714285,95.0,0.2772004216069453,0.017849028700646433,Stable,5
54,100,32,35,33,80.88,62.0,85.77142857142857,94.0,0.27720042160694536,0.017849028700646433,Stable,5
55,100,32,35,33,80.7,63.0,85.28571428571429,93.0,0.2772004216069453,0.017849028700646433,Stable,5
56,100,32,35,33,92.32,64.0,99.65714285714286,112.0,0.2772004216069453,0.017849028700646433,Stable,5
57,100,32,35,33,92.14,65.0,99.17142857142858,111.0,0.2772004216069453,0.017849028700646436,Stable,5
58,100,32,35,33,91.96,66.0,98.68571428571428,110.0,0.27720042160694536,0.017849028700646436,Stable,5
59,100,32,35,33,91.78,67.0,98.2,109.0,0.2772004216069453,0.017849028700646436,Stable,5
60,100,32,35,33,91.6,68.0,97.71428571428571,108.0,0.27720042160694536,0.017849028700646433,Stable,5
61,100,32,35,33,91.42,69.0,97.22857142857143,107.0,0.27720042160694536,0.017849028700646433,Stable,5
62,100,32,35,33,91.24,70.0,96.74285714285715,106.0,0.27720042160694536,0.017849028700646436,Stable,5
63,100,32,35,33,102.86,71.0,111.11428571428571,125.0,0.2772004216069453,0.017849028700646433,Stable,5
64,100,32,35,33,102.68,72.0,110.62857142857143,124.0,0.2772004216069454,0.017849028700646436,Stable,5
65,100,32,35,33,102.5,73.0,110.14285714285714,123.0,0.2772004216069453,0.017849028700646433,Stable,5
66,100,32,35,33,102.32,74.0,109.65714285714286,122.0,0.2772004216069453,0.017849028700646436,Stable,5
67,100,32,35,33,102.14,75.0,109.17142857142858,121.0,0.2772004216069453,0.017849028700646436,Stable,5
68,100,32,35,33,101.96,76.0,108.68571428571428,120.0,0.2772004216069453,0.017849028700646436,Stable,5
69,100,32,35,33,101.78,77.0,108.2,119.0,0.2772004216069453,0.017849028700646436,Stable,5
70,100,32,35,33,113.4,78.0,122.57142857142857,138.0,0.2772004216069453,0.017849028700646436,Stable,5
71,100,32,35,33,113.22,79.0,122.08571428571429,137.0,0.27720042160694536,0.017849028700646433,Stable,5
72,100,32,35,33,113.04,80.0,121.6,136.0,0.27720042160694536,0.017849028700646436,Stable,5
73,100,32,35,33,112.86,81.0,121.11428571428571,135.0,0.27720042160694536,0.017849028700646436,Stable,5
74,100,32,35,33,112.68,82.0,120.62857142857143,134.0,0.27720042160694536,0.017849028700646436,Stable,5
75,100,32,35,33,112.5,83.0,120.14285714285714,133.0,0.2772004216069453,0.017849028700646436,Stable,5
76,100,32,35,33,112.32,84.0,119.65714285714286,132.0,0.2772004216069453,0.017849028700646436,Stable,5
77,100,32,35,33,123.94,85.0,134.02857142857144,151.0,0.27720042160694536,0.017849028700646436,Stable,5
78,100,32,35,33,123.76,86.0,133.54285714285714,150.0,0.27720042160694536,0.017849028700646436,Stable,5
79,100,32,35,33,123.58,87.0,133.05714285714285,149.0,0.2772004216069454,0.017849028700646433,Stable,5
80,100,32,35,33,123.4,88.0,132.57142857142858,148.0,0.2772004216069454,0.017849028700646436,Stable,5
81,100,32,35,33,123.22,89.0,132.0857142857143,147.0,0.2772004216069453,0.017849028700646436,Stable,5
82,100,32,35,33,123.04,90.0,131.6,146.0,0.2772004216069453,0.017849028700646433,Stable,5
83,100,32,35,33,122.86,91.0,131.11428571428573,145.0,0.2772004216069453,0.017849028700646436,Stable,5
84,100,32,35,33,134.48,92.0,145.4857142857143,164.0,0.2772004216069453,0.017849028700646436,Stable,5
85,100,32,35,33,134.3,93.0,145.0,163.0,0.2772004216069453,0.017849028700646436,Stable,5
86,100,32,35,33,134.12,94.0,144.5142857142857,162.0,0.2772004216069454,0.017849028700646433,Stable,5
87,100,32,35,33,133.94,95.0,144.02857142857144,161.0,0.2772004216069453,0.017849028700646436,Stable,5
88,100,32,35,33,133.76,96.0,143.54285714285714,160.0,0.27720042160694536,0.017849028700646433,Stable,5
89,100,32,35,33,133.58,97.0,143.05714285714285,159.0,0.27720042160694536,0.017849028700646433,Stable,5
90,100,32,35,33,133.4,98.0,142.57142857142858,158.0,0.27720042160694536,0.017849028700646433,Stable,5
91,100,32,35,33,145.02,99.0,156.94285714285715,177.0,0.27720042160694536,0.017849028700646433,Stable,5
92,100,32,35,33,144.84,100.0,156.45714285714286,176.0,0.27720042160694536,0.017849028700646436,Stable,5
93,100,32,35,33,144.66,101.0,155.97142857142856,175.0,0.27720042160694536,0.017849028700646433,Stable,5
94,100,32,35,33,144.48,102.0,155.4857142857143,174.0,0.27720042160694536,0.017849028700646433,Stable,5
95,100,32,35,33,144.3,103.0,155.0,173.0,0.27720042160694536,0.017849028700646436,Stable,5
96,100,32,35,33,144.12,104.0,154.5142857142857,172.0,0.2772004216069453,0.017849028700646436,Stable,5
97,100,32,35,33,143.94,105.0,154.02857142857144,171.0,0.27720042160694536,0.017849028700646436,Stable,5
98,100,32,35,33,155.56,106.0,168.4,190.0,0.2772004216069453,0.017849028700646433,Stable,5
99,100,32,35,33,155.38,107.0,167.9142857142857,189.0,0.2772004216069453,0.017849028700646433,Stable,5
100,100,32,35,33,155.2,108.0,167.42857142857142,188.0,0.27720042160694536,0.017849028700646436,Stable,5
101,100,32,35,33,155.02,109.0,166.94285714285715,187.0,0.2772004216069453,0.017849028700646436,Stable,5
102,100,32,35,33,154.84,110.0,166.45714285714286,186.0,0.27720042160694536,0.017849028700646436,Stable,5
103,100,32,35,33,154.66,111.0,165.97142857142856,185.0,0.27720042160694536,0.017849028700646433,Stable,5
104,100,32,35,33,154.48,112.0,165.4857142857143,184.0,0.2772004216069453,0.017849028700646433,Stable,5
105,100,32,35,33,166.1,113.0,179.85714285714286,203.0,0.27720042160694536,0.017849028700646436,Stable,5
106,100,32,35,33,165.92,114.0,179.37142857142857,202.0,0.2772004216069453,0.017849028700646436,Stable,5
107,100,32,35,33,165.74,115.0,178.88571428571427,201.0,0.2772004216069453,0.017849028700646433,Stable,5
108,100,32,35,33,165.56,116.0,178.4,200.0,0.27720042160694536,0.017849028700646436,Stable,5
109,100,32,35,33,165.38,117.0,177.9142857142857,199.0,0.2772004216069453,0.017849028700646433,Stable,5
110,100,32,35,33,165.2,118.0,177.42857142857142,198.0,0.2772004216069453,0.017849028700646433,Stable,5
0,100,37,40,23,8.0,8.0,8.0,8.0,0.29789778271717327,0.014552850559522337,Stable,6
1,100,37,40,23,7.92,9.0,7.45,7.0,0.29789778271717315,0.014552850559522332,Stable,6
2,100,37,40,23,7.84,10.0,6.9,6.0,0.2978977827171732,0.014552850559522337,Stable,6
3,100,37,40,23,7.76,11.0,6.35,5.0,0.29789778271717327,0.014552850559522337,Stable,6
4,100,37,40,23,7.68,12.0,5.8,4.0,0.29789778271717327,0.014552850559522337,Stable,6
5,100,37,40,23,7.6,13.0,5.25,3.0,0.2978977827171732,0.014552850559522336,Stable,6
6,100,37,40,23,7.52,14.0,4.7,2.0,0.2978977827171732,0.014552850559522337,Stable,6
7,100,37,40,23,18.24,15.0,19.65,21.0,0.29789778271717327,0.014552850559522337,Stable,6
8,100,37,40,23,18.16,16.0,19.1,20.0,0.29789778271717327,0.014552850559522337,Stable,6
9,100,37,40,23,18.08,17.0,18.55,19.0,0.29789778271717327,0.014552850559522337,Stable,6
10,100,37,40,23,18.0,18.0,18.0,18.0,0.29789778271717327,0.014552850559522337,Stable,6
11,100,37,40,23,17.92,19.0,17.45,17.0,0.29789778271717327,0.014552850559522337,Stable,6
12,100,37,40,23,17.84,20.0,16.9,16.0,0.2978977827171732,0.014552850559522337,Stable,6
13,100,37,40,23,17.76,21.0,16.35,15.0,0.2978977827171732,0.014552850559522339,Stable,6
14,100,37,40,23,28.48,22.0,31.3,34.0,0.29789778271717327,0.014552850559522337,Stable,6
15,100,37,40,23,28.4,23.0,30.75,33.0,0.29789778271717315,0.014552850559522337,Stable,6
16,100,37,40,23,28.32,24.0,30.2,32.0,0.2978977827171732,0.014552850559522339,Stable,6
17,100,37,40,23,28.24,25.0,29.65,31.0,0.29789778271717315,0.014552850559522339,Stable,6
18,100,37,40,23,28.16,26.0,29.1,30.0,0.29789778271717315,0.014552850559522337,Stable,6
19,100,37,40,23,28.08,27.0,28.55,29.0,0.2978977827171732,0.014552850559522337,Stable,6
20,100,37,40,23,28.0,28.0,28.0,28.0,0.29789778271717327,0.014552850559522337,Stable,6
21,100,37,40,23,38.72,29.0,42.95,47.0,0.29789778271717327,0.014552850559522339,Stable,6
22,100,37,40,23,38.64,30.0,42.4,46.0,0.29789778271717327,0.014552850559522343,Stable,6
23,100,37,40,23,38.56,31.0,41.85,45.0,0.2978977827171732,0.014552850559522339,Stable,6
24,100,37,40,23,38.48,32.0,41.3,44.0,0.29789778271717327,0.014552850559522337,Stable,6
25,100,37,40,23,38.4,33.0,40.75,43.0,0.29789778271717327,0.014552850559522337,Stable,6
26,100,37,40,23,38.32,34.0,40.2,42.0,0.2978977827171732,0.014552850559522336,Stable,6
27,100,37,40,23,38.24,35.0,39.65,41.0,0.29789778271717327,0.014552850559522339,Stable,6
28,100,37,40,23,48.96,36.0,54.6,60.0,0.2978977827171732,0.014552850559522337,Stable,6
29,100,37,40,23,48.88,37.0,54.05,59.0,0.29789778271717327,0.014552850559522337,Stable,6
30,100,37,40,23,48.8,38.0,53.5,58.0,0.29789778271717327,0.014552850559522339,Stable,6
31,100,37,40,23,48.72,39.0,52.95,57.0,0.29789778271717327,0.014552850559522337,Stable,6
32,100,37,40,23,48.64,40.0,52.4,56.0,0.29789778271717327,0.014552850559522336,Stable,6
33,100,37,40,23,48.56,41.0,51.85,55.0,0.29789778271717315,0.014552850559522337,Stable,6
34,100,37,40,23,48.48,42.0,51.3,54.0,0.2978977827171732,0.014552850559522339,Stable,6
35,100,37,40,23,59.2,43.0,66.25,73.0,0.29789778271717315,0.014552850559522336,Stable,6
36,100,37,40,23,59.12,44.0,65.7,72.0,0.2978977827171732,0.014552850559522337,Stable,6
37,100,37,40,23,59.04,45.0,65.15,71.0,0.2978977827171732,0.014552850559522337,Stable,6
38,100,37,40,23,58.96,46.0,64.6,70.0,0.29789778271717327,0.014552850559522339,Stable,6
39,100,37,40,23,58.88,47.0,64.05,69.0,0.29789778271717327,0.014552850559522337,Stable,6
40,100,37,40,23,58.8,48.0,63.5,68.0,0.29789778271717327,0.014552850559522339,Stable,6
41,100,37,40,23,58.72,49.0,62.95,67.0,0.2978977827171732,0.014552850559522339,Stable,6
42,100,37,40,23,69.44,50.0,77.9,86.0,0.2978977827171732,0.014552850559522339,Stable,6
43,100,37,40,23,69.36,51.0,77.35,85.0,0.29789778271717327,0.014552850559522337,Stable,6
44,100,37,40,23,69.28,52.0,76.8,84.0,0.29789778271717315,0.014552850559522337,Stable,6
45,100,37,40,23,69.2,53.0,76.25,83.0,0.2978977827171732,0.014552850559522339,Stable,6
46,100,37,40,23,69.12,54.0,75.7,82.0,0.29789778271717327,0.014552850559522337,Stable,6
47,100,37,40,23,69.04,55.0,75.15,81.0,0.29789778271717327,0.014552850559522339,Stable,6
48,100,37,40,23,68.96,56.0,74.6,80.0,0.2978977827171732,0.014552850559522339,Stable,6
49,100,37,40,23,79.68,57.0,89.55,99.0,0.2978977827171732,0.014552850559522339,Stable,6
50,100,37,40,23,79.6,58.0,89.0,98.0,0.29789778271717315,0.014552850559522336,Stable,6
51,100,37,40,23,79.52,59.0,88.45,97.0,0.2978977827171732,0.014552850559522337,Stable,6
52,100,37,40,23,79.44,60.0,87.9,96.0,0.29789778271717327,0.014552850559522337,Stable,6
53,100,37,40,23,79.36,61.0,87.35,95.0,0.2978977827171732,0.014552850559522339,Stable,6
54,100,37,40,23,79.28,62.0,86.8,94.0,0.29789778271717327,0.014552850559522336,Stable,6
55,100,37,40,23,79.2,63.0,86.25,93.0,0.29789778271717327,0.014552850559522337,Stable,6
56,100,37,40,23,89.92,64.0,101.2,112.0,0.29789778271717327,0.014552850559522337,Stable,6
57,100,37,40,23,89.84,65.0,100.65,111.0,0.29789778271717327,0.014552850559522337,Stable,6
58,100,37,40,23,89.76,66.0,100.1,110.0,0.29789778271717327,0.014552850559522339,Stable,6
59,100,37,40,23,89.68,67.0,99.55,109.0,0.2978977827171732,0.014552850559522337,Stable,6
60,100,37,40,23,89.6,68.0,99.0,108.0,0.2978977827171732,0.014552850559522339,Stable,6
61,100,37,40,23,89.52,69.0,98.45,107.0,0.2978977827171732,0.014552850559522337,Stable,6
62,100,37,40,23,89.44,70.0,97.9,106.0,0.29789778271717327,0.014552850559522336,Stable,6
63,100,37,40,23,100.16,71.0,112.85,125.0,0.2978977827171732,0.014552850559522337,Stable,6
64,100,37,40,23,100.08,72.0,112.3,124.0,0.29789778271717327,0.014552850559522337,Stable,6
65,100,37,40,23,100.0,73.0,111.75,123.0,0.29789778271717327,0.014552850559522339,Stable,6
66,100,37,40,23,99.92,74.0,111.2,122.0,0.29789778271717327,0.014552850559522339,Stable,6
67,100,37,40,23,99.84,75.0,110.65,121.0,0.29789778271717327,0.014552850559522343,Stable,6
68,100,37,40,23,99.76,76.0,110.1,120.0,0.29789778271717315,0.014552850559522336,Stable,6
69,100,37,40,23,99.68,77.0,109.55,119.0,0.29789778271717315,0.014552850559522337,Stable,6
70,100,37,40,23,110.4,78.0,124.5,138.0,0.29789778271717327,0.014552850559522337,Stable,6
71,100,37,40,23,110.32,79.0,123.95,137.0,0.29789778271717327,0.014552850559522337,Stable,6
72,100,37,40,23,110.24,80.0,123.4,136.0,0.2978977827171732,0.014552850559522336,Stable,6
73,100,37,40,23,110.16,81.0,122.85,135.0,0.29789778271717327,0.014552850559522336,Stable,6
74,100,37,40,23,110.08,82.0,122.3,134.0,0.2978977827171732,0.014552850559522337,Stable,6
75,100,37,40,23,110.0,83.0,121.75,133.0,0.2978977827171732,0.014552850559522337,Stable,6
76,100,37,40,23,109.92,84.0,121.2,132.0,0.29789778271717327,0.014552850559522337,Stable,6
77,100,37,40,23,120.64,85.0,136.15,151.0,0.2978977827171732,0.014552850559522337,Stable,6
78,100,37,40,23,120.56,86.0,135.6,150.0,0.2978977827171732,0.014552850559522339,Stable,6
79,100,37,40,23,120.48,87.0,135.05,149.0,0.2978977827171732,0.014552850559522337,Stable,6
80,100,37,40,23,120.4,88.0,134.5,148.0,0.29789778271717327,0.014552850559522339,Stable,6
81,100,37,40,23,120.32,89.0,133.95,147.0,0.2978977827171732,0.014552850559522337,Stable,6
82,100,37,40,23,120.24,90.0,133.4,146.0,0.29789778271717327,0.014552850559522337,Stable,6
83,100,37,40,23,120.16,91.0,132.85,145.0,0.29789778271717327,0.014552850559522337,Stable,6
84,100,37,40,23,130.88,92.0,147.8,164.0,0.29789778271717327,0.014552850559522337,Stable,6
85,100,37,40,23,130.8,93.0,147.25,163.0,0.2978977827171732,0.014552850559522337,Stable,6
86,100,37,40,23,130.72,94.0,146.7,162.0,0.2978977827171732,0.014552850559522337,Stable,6
87,100,37,40,23,130.64,95.0,146.15,161.0,0.29789778271717327,0.014552850559522336,Stable,6
88,100,37,40,23,130.56,96.0,145.6,160.0,0.29789778271717327,0.014552850559522339,Stable,6
89,100,37,40,23,130.48,97.0,145.05,159.0,0.29789778271717327,0.014552850559522339,Stable,6
90,100,37,40,23,130.4,98.0,144.5,158.0,0.2978977827171732,0.014552850559522337,Stable,6
91,100,37,40,23,141.12,99.0,159.45,177.0,0.2978977827171732,0.014552850559522339,Stable,6
92,100,37,40,23,141.04,100.0,158.9,176.0,0.2978977827171732,0.014552850559522337,Stable,6
93,100,37,40,23,140.96,101.0,158.35,175.0,0.29789778271717315,0.014552850559522336,Stable,6
94,100,37,40,23,140.88,102.0,157.8,174.0,0.2978977827171732,0.014552850559522343,Stable,6
95,100,37,40,23,140.8,103.0,157.25,173.0,0.29789778271717327,0.014552850559522336,Stable,6
96,100,37,40,23,140.72,104.0,156.7,172.0,0.2978977827171732,0.014552850559522337,Stable,6
97,100,37,40,23,140.64,105.0,156.15,171.0,0.29789778271717327,0.014552850559522339,Stable,6
98,100,37,40,23,151.36,106.0,171.1,190.0,0.29789778271717327,0.014552850559522337,Stable,6
99,100,37,40,23,151.28,107.0,170.55,189.0,0.2978977827171732,0.014552850559522337,Stable,6
100,100,37,40,23,151.2,108.0,170.0,188.0,0.2978977827171732,0.014552850559522339,Stable,6
101,100,37,40,23,151.12,109.0,169.45,187.0,0.29789778271717327,0.014552850559522337,Stable,6
102,100,37,40,23,151.04,110.0,168.9,186.0,0.29789778271717315,0.014552850559522336,Stable,6
103,100,37,40,23,150.96,111.0,168.35,185.0,0.2978977827171732,0.014552850559522336,Stable,6
104,100,37,40,23,150.88,112.0,167.8,184.0,0.29789778271717327,0.014552850559522339,Stable,6
105,100,37,40,23,161.6,113.0,182.75,203.0,0.2978977827171732,0.014552850559522336,Stable,6
106,100,37,40,23,161.52,114.0,182.2,202.0,0.2978977827171732,0.014552850559522336,Stable,6
107,100,37,40,23,161.44,115.0,181.65,201.0,0.2978977827171732,0.014552850559522337,Stable,6
108,100,37,40,23,161.36,116.0,181.1,200.0,0.2978977827171732,0.014552850559522337,Stable,6
109,100,37,40,23,161.28,117.0,180.55,199.0,0.2978977827171732,0.014552850559522339,Stable,6
110,100,37,40,23,161.2,118.0,180.0,198.0,0.29789778271717315,0.014552850559522339,Stable,6
0,100,32,32,36,8.0,8.0,8.0,8.0,0.27281032792825266,0.018578540937588713,Stable,7
1,100,32,32,36,7.7,9.0,7.1875,7.0,0.27281032792825266,0.01857854093758871,Stable,7
2,100,32,32,36,7.4,10.0,6.375,6.0,0.27281032792825266,0.018578540937588713,Stable,7
3,100,32,32,36,7.1,11.0,5.5625,5.0,0.27281032792825266,0.01857854093758871,Stable,7
4,100,32,32,36,6.8,12.0,4.75,4.0,0.27281032792825266,0.01857854093758871,Stable,7
5,100,32,32,36,6.5,13.0,3.9375,3.0,0.2728103279282527,0.01857854093758871,Stable,7
6,100,32,32,36,6.2,14.0,3.125,2.0,0.2728103279282527,0.01857854093758871,Stable,7
7,100,32,32,36,18.9,15.0,20.4375,21.0,0.27281032792825266,0.01857854093758871,Stable,7
8,100,32,32,36,18.6,16.0,19.625,20.0,0.27281032792825266,0.01857854093758871,Stable,7
9,100,32,32,36,18.3,17.0,18.8125,19.0,0.27281032792825266,0.01857854093758871,Stable,7
10,100,32,32,36,18.0,18.0,18.0,18.0,0.27281032792825266,0.01857854093758871,Stable,7
11,100,32,32,36,17.7,19.0,17.1875,17.0,0.27281032792825266,0.018578540937588713,Stable,7
12,100,32,32,36,17.4,20.0,16.375,16.0,0.27281032792825266,0.018578540937588713,Stable,7
13,100,32,32,36,17.1,21.0,15.5625,15.0,0.27281032792825266,0.01857854093758871,Stable,7
14,100,32,32,36,29.8,22.0,32.875,34.0,0.27281032792825266,0.01857854093758871,Stable,7
15,100,32,32,36,29.5,23.0,32.0625,33.0,0.27281032792825266,0.01857854093758871,Stable,7
16,100,32,32,36,29.2,24.0,31.25,32.0,0.2728103279282527,0.01857854093758871,Stable,7
17,100,32,32,36,28.9,25.0,30.4375,31.0,0.2728103279282527,0.018578540937588713,Stable,7
18,100,32,32,36,28.6,26.0,29.625,30.0,0.2728103279282527,0.01857854093758871,Stable,7
19,100,32,32,36,28.3,27.0,28.8125,29.0,0.2728103279282527,0.01857854093758871,Stable,7
20,100,32,32,36,28.0,28.0,28.0,28.0,0.27281032792825266,0.01857854093758871,Stable,7
21,100,32,32,36,40.7,29.0,45.3125,47.0,0.27281032792825277,0.018578540937588713,Stable,7
22,100,32,32,36,40.4,30.0,44.5,46.0,0.2728103279282527,0.018578540937588713,Stable,7
23,100,32,32,36,40.1,31.0,43.6875,45.0,0.2728103279282527,0.01857854093758871,Stable,7
24,100,32,32,36,39.8,32.0,42.875,44.0,0.27281032792825266,0.018578540937588713,Stable,7
25,100,32,32,36,39.5,33.0,42.0625,43.0,0.27281032792825266,0.018578540937588713,Stable,7
26,100,32,32,36,39.2,34.0,41.25,42.0,0.2728103279282527,0.01857854093758871,Stable,7
27,100,32,32,36,38.9,35.0,40.4375,41.0,0.27281032792825266,0.018578540937588713,Stable,7
28,100,32,32,36,51.6,36.0,57.75,60.0,0.2728103279282527,0.01857854093758871,Stable,7
29,100,32,32,36,51.3,37.0,56.9375,59.0,0.27281032792825266,0.018578540937588713,Stable,7
30,100,32,32,36,51.0,38.0,56.125,58.0,0.2728103279282527,0.018578540937588716,Stable,7
31,100,32,32,36,50.7,39.0,55.3125,57.0,0.27281032792825266,0.01857854093758871,Stable,7
32,100,32,32,36,50.4,40.0,54.5,56.0,0.27281032792825266,0.01857854093758871,Stable,7
33,100,32,32,36,50.1,41.0,53.6875,55.0,0.27281032792825266,0.01857854093758871,Stable,7
34,100,32,32,36,49.8,42.0,52.875,54.0,0.27281032792825266,0.01857854093758871,Stable,7
35,100,32,32,36,62.5,43.0,70.1875,73.0,0.27281032792825266,0.01857854093758871,Stable,7
36,100,32,32,36,62.2,44.0,69.375,72.0,0.27281032792825266,0.018578540937588713,Stable,7
37,100,32,32,36,61.9,45.0,68.5625,71.0,0.27281032792825266,0.018578540937588713,Stable,7
38,100,32,32,36,61.6,46.0,67.75,70.0,0.2728103279282527,0.018578540937588713,Stable,7
39,100,32,32,36,61.3,47.0,66.9375,69.0,0.27281032792825266,0.018578540937588713,Stable,7
40,100,32,32,36,61.0,48.0,66.125,68.0,0.27281032792825266,0.018578540937588713,Stable,7
41,100,32,32,36,60.7,49.0,65.3125,67.0,0.2728103279282527,0.018578540937588713,Stable,7
42,100,32,32,36,73.4,50.0,82.625,86.0,0.27281032792825266,0.018578540937588713,Stable,7
43,100,32,32,36,73.1,51.0,81.8125,85.0,0.27281032792825266,0.018578540937588713,Stable,7
44,100,32,32,36,72.8,52.0,81.0,84.0,0.27281032792825266,0.01857854093758871,Stable,7
45,100,32,32,36,72.5,53.0,80.1875,83.0,0.2728103279282527,0.01857854093758871,Stable,7
46,100,32,32,36,72.2,54.0,79.375,82.0,0.27281032792825266,0.01857854093758871,Stable,7
47,100,32,32,36,71.9,55.0,78.5625,81.0,0.27281032792825266,0.018578540937588713,Stable,7
48,100,32,32,36,71.6,56.0,77.75,80.0,0.27281032792825266,0.018578540937588713,Stable,7
49,100,32,32,36,84.3,57.0,95.0625,99.0,0.27281032792825266,0.01857854093758871,Stable,7
50,100,32,32,36,84.0,58.0,94.25,98.0,0.27281032792825266,0.01857854093758871,Stable,7
51,100,32,32,36,83.7,59.0,93.4375,97.0,0.27281032792825266,0.018578540937588716,Stable,7
52,100,32,32,36,83.4,60.0,92.625,96.0,0.27281032792825266,0.01857854093758871,Stable,7
53,100,32,32,36,83.1,61.0,91.8125,95.0,0.2728103279282527,0.018578540937588713,Stable,7
54,100,32,32,36,82.8,62.0,91.0,94.0,0.2728103279282527,0.01857854093758871,Stable,7
55,100,32,32,36,82.5,63.0,90.1875,93.0,0.27281032792825266,0.018578540937588713,Stable,7
56,100,32,32,36,95.2,64.0,107.5,112.0,0.27281032792825266,0.018578540937588713,Stable,7
57,100,32,32,36,94.9,65.0,106.6875,111.0,0.27281032792825266,0.01857854093758871,Stable,7
58,100,32,32,36,94.6,66.0,105.875,110.0,0.2728103279282527,0.01857854093758871,Stable,7
59,100,32,32,36,94.3,67.0,105.0625,109.0,0.27281032792825266,0.01857854093758871,Stable,7
60,100,32,32,36,94.0,68.0,104.25,108.0,0.27281032792825266,0.01857854093758871,Stable,7
61,100,32,32,36,93.7,69.0,103.4375,107.0,0.2728103279282527,0.018578540937588713,Stable,7
62,100,32,32,36,93.4,70.0,102.625,106.0,0.27281032792825266,0.01857854093758871,Stable,7
63,100,32,32,36,106.1,71.0,119.9375,125.0,0.27281032792825266,0.018578540937588713,Stable,7
64,100,32,32,36,105.8,72.0,119.125,124.0,0.27281032792825266,0.01857854093758871,Stable,7
65,100,32,32,36,105.5,73.0,118.3125,123.0,0.2728103279282527,0.01857854093758871,Stable,7
66,100,32,32,36,105.2,74.0,117.5,122.0,0.2728103279282527,0.018578540937588713,Stable,7
67,100,32,32,36,104.9,75.0,116.6875,121.0,0.2728103279282527,0.01857854093758871,Stable,7
68,100,32,32,36,104.6,76.0,115.875,120.0,0.2728103279282527,0.018578540937588713,Stable,7
69,100,32,32,36,104.3,77.0,115.0625,119.0,0.27281032792825266,0.01857854093758871,Stable,7
70,100,32,32,36,117.0,78.0,132.375,138.0,0.2728103279282527,0.018578540937588713,Stable,7
71,100,32,32,36,116.7,79.0,131.5625,137.0,0.27281032792825266,0.018578540937588713,Stable,7
72,100,32,32,36,116.4,80.0,130.75,136.0,0.2728103279282527,0.01857854093758871,Stable,7
73,100,32,32,36,116.1,81.0,129.9375,135.0,0.27281032792825266,0.01857854093758871,Stable,7
74,100,32,32,36,115.8,82.0,129.125,134.0,0.27281032792825266,0.01857854093758871,Stable,7
75,100,32,32,36,115.5,83.0,128.3125,133.0,0.27281032792825266,0.01857854093758871,Stable,7
76,100,32,32,36,115.2,84.0,127.5,132.0,0.27281032792825266,0.01857854093758871,Stable,7
77,100,32,32,36,127.9,85.0,144.8125,151.0,0.2728103279282527,0.01857854093758871,Stable,7
78,100,32,32,36,127.6,86.0,144.0,150.0,0.27281032792825266,0.01857854093758871,Stable,7
79,100,32,32,36,127.3,87.0,143.1875,149.0,0.27281032792825266,0.018578540937588713,Stable,7
80,100,32,32,36,127.0,88.0,142.375,148.0,0.27281032792825266,0.01857854093758871,Stable,7
81,100,32,32,36,126.7,89.0,141.5625,147.0,0.27281032792825266,0.01857854093758871,Stable,7
82,100,32,32,36,126.4,90.0,140.75,146.0,0.27281032792825266,0.018578540937588713,Stable,7
83,100,32,32,36,126.1,91.0,139.9375,145.0,0.2728103279282527,0.01857854093758871,Stable,7
84,100,32,32,36,138.8,92.0,157.25,164.0,0.27281032792825266,0.01857854093758871,Stable,7
85,100,32,32,36,138.5,93.0,156.4375,163.0,0.27281032792825266,0.018578540937588713,Stable,7
86,100,32,32,36,138.2,94.0,155.625,162.0,0.27281032792825266,0.018578540937588713,Stable,7
87,100,32,32,36,137.9,95.0,154.8125,161.0,0.27281032792825266,0.018578540937588713,Stable,7
88,100,32,32,36,137.6,96.0,154.0,160.0,0.27281032792825266,0.018578540937588713,Stable,7
89,100,32,32,36,137.3,97.0,153.1875,159.0,0.2728103279282527,0.01857854093758871,Stable,7
90,100,32,32,36,137.0,98.0,152.375,158.0,0.27281032792825266,0.01857854093758871,Stable,7
91,100,32,32,36,149.7,99.0,169.6875,177.0,0.27281032792825266,0.018578540937588706,Stable,7
92,100,32,32,36,149.4,100.0,168.875,176.0,0.2728103279282527,0.01857854093758871,Stable,7
93,100,32,32,36,149.1,101.0,168.0625,175.0,0.27281032792825266,0.018578540937588713,Stable,7
94,100,32,32,36,148.8,102.0,167.25,174.0,0.2728103279282527,0.018578540937588713,Stable,7
95,100,32,32,36,148.5,103.0,166.4375,173.0,0.27281032792825266,0.01857854093758871,Stable,7
96,100,32,32,36,148.2,104.0,165.625,172.0,0.27281032792825266,0.01857854093758871,Stable,7
97,100,32,32,36,147.9,105.0,164.8125,171.0,0.27281032792825266,0.018578540937588713,Stable,7
98,100,32,32,36,160.6,106.0,182.125,190.0,0.2728103279282527,0.01857854093758871,Stable,7
99,100,32,32,36,160.3,107.0,181.3125,189.0,0.27281032792825266,0.01857854093758871,Stable,7
100,100,32,32,36,160.0,108.0,180.5,188.0,0.27281032792825266,0.018578540937588713,Stable,7
101,100,32,32,36,159.7,109.0,179.6875,187.0,0.2728103279282527,0.01857854093758871,Stable,7
102,100,32,32,36,159.4,110.0,178.875,186.0,0.2728103279282527,0.01857854093758871,Stable,7
103,100,32,32,36,159.1,111.0,178.0625,185.0,0.2728103279282527,0.01857854093758871,Stable,7
104,100,32,32,36,158.8,112.0,177.25,184.0,0.27281032792825266,0.018578540937588713,Stable,7
105,100,32,32,36,171.5,113.0,194.5625,203.0,0.2728103279282527,0.018578540937588713,Stable,7
106,100,32,32,36,171.2,114.0,193.75,202.0,0.2728103279282527,0.018578540937588713,Stable,7
107,100,32,32,36,170.9,115.0,192.9375,201.0,0.27281032792825266,0.018578540937588713,Stable,7
108,100,32,32,36,170.6,116.0,192.125,200.0,0.27281032792825277,0.01857854093758871,Stable,7
109,100,32,32,36,170.3,117.0,191.3125,199.0,0.27281032792825266,0.018578540937588713,Stable,7
110,100,32,32,36,170.0,118.0,190.5,198.0,0.27281032792825266,0.018578540937588713,Stable,7
0,100,38,36,26,8.0,8.0,8.0,8.0,0.29567310614937364,0.016143043522925834,Stable,8
1,100,38,36,26,7.92,9.0,7.444444444444445,7.0,0.2956731061493737,0.01614304352292583,Stable,8
2,100,38,36,26,7.84,10.0,6.888888888888889,6.0,0.29567310614937364,0.016143043522925837,Stable,8
3,100,38,36,26,7.76,11.0,6.333333333333333,5.0,0.29567310614937364,0.016143043522925834,Stable,8
4,100,38,36,26,7.68,12.0,5.777777777777778,4.0,0.29567310614937364,0.01614304352292583,Stable,8
5,100,38,36,26,7.6,13.0,5.222222222222222,3.0,0.2956731061493737,0.016143043522925834,Stable,8
6,100,38,36,26,7.52,14.0,4.666666666666667,2.0,0.29567310614937364,0.01614304352292583,Stable,8
7,100,38,36,26,18.24,15.0,19.666666666666668,21.0,0.29567310614937375,0.01614304352292583,Stable,8
8,100,38,36,26,18.16,16.0,19.11111111111111,20.0,0.29567310614937364,0.016143043522925834,Stable,8
9,100,38,36,26,18.08,17.0,18.555555555555557,19.0,0.2956731061493737,0.01614304352292583,Stable,8
10,100,38,36,26,18.0,18.0,18.0,18.0,0.29567310614937364,0.01614304352292583,Stable,8
11,100,38,36,26,17.92,19.0,17.444444444444443,17.0,0.2956731061493737,0.01614304352292583,Stable,8
12,100,38,36,26,17.84,20.0,16.88888888888889,16.0,0.2956731061493737,0.016143043522925834,Stable,8
13,100,38,36,26,17.76,21.0,16.333333333333332,15.0,0.29567310614937375,0.01614304352292583,Stable,8
14,100,38,36,26,28.48,22.0,31.333333333333332,34.0,0.2956731061493737,0.01614304352292583,Stable,8
15,100,38,36,26,28.4,23.0,30.77777777777778,33.0,0.29567310614937364,0.016143043522925834,Stable,8
16,100,38,36,26,28.32,24.0,30.22222222222222,32.0,0.2956731061493737,0.01614304352292583,Stable,8
17,100,38,36,26,28.24,25.0,29.666666666666668,31.0,0.29567310614937364,0.01614304352292583,Stable,8
18,100,38,36,26,28.16,26.0,29.11111111111111,30.0,0.2956731061493737,0.01614304352292583,Stable,8
19,100,38,36,26,28.08,27.0,28.555555555555557,29.0,0.29567310614937364,0.01614304352292583,Stable,8
20,100,38,36,26,28.0,28.0,28.0,28.0,0.29567310614937375,0.01614304352292583,Stable,8
21,100,38,36,26,38.72,29.0,43.0,47.0,0.2956731061493737,0.01614304352292583,Stable,8
22,100,38,36,26,38.64,30.0,42.44444444444444,46.0,0.29567310614937364,0.01614304352292583,Stable,8
23,100,38,36,26,38.56,31.0,41.888888888888886,45.0,0.29567310614937364,0.01614304352292583,Stable,8
24,100,38,36,26,38.48,32.0,41.333333333333336,44.0,0.2956731061493737,0.01614304352292583,Stable,8
25,100,38,36,26,38.4,33.0,40.77777777777778,43.0,0.29567310614937375,0.01614304352292583,Stable,8
26,100,38,36,26,38.32,34.0,40.22222222222222,42.0,0.2956731061493737,0.016143043522925834,Stable,8
27,100,38,36,26,38.24,35.0,39.666666666666664,41.0,0.2956731061493737,0.01614304352292583,Stable,8
28,100,38,36,26,48.96,36.0,54.666666666666664,60.0,0.29567310614937364,0.016143043522925834,Stable,8
29,100,38,36,26,48.88,37.0,54.111111111111114,59.0,0.2956731061493737,0.016143043522925834,Stable,8
30,100,38,36,26,48.8,38.0,53.55555555555556,58.0,0.29567310614937364,0.016143043522925834,Stable,8
31,100,38,36,26,48.72,39.0,53.0,57.0,0.2956731061493737,0.016143043522925834,Stable,8
32,100,38,36,26,48.64,40.0,52.44444444444444,56.0,0.2956731061493737,0.01614304352292583,Stable,8
33,100,38,36,26,48.56,41.0,51.888888888888886,55.0,0.29567310614937364,0.016143043522925834,Stable,8
34,100,38,36,26,48.48,42.0,51.333333333333336,54.0,0.2956731061493737,0.016143043522925834,Stable,8
35,100,38,36,26,59.2,43.0,66.33333333333333,73.0,0.2956731061493737,0.01614304352292583,Stable,8
36,100,38,36,26,59.12,44.0,65.77777777777777,72.0,0.29567310614937375,0.01614304352292583,Stable,8
37,100,38,36,26,59.04,45.0,65.22222222222223,71.0,0.2956731061493737,0.01614304352292583,Stable,8
38,100,38,36,26,58.96,46.0,64.66666666666667,70.0,0.2956731061493737,0.016143043522925834,Stable,8
39,100,38,36,26,58.88,47.0,64.11111111111111,69.0,0.29567310614937375,0.01614304352292583,Stable,8
40,100,38,36,26,58.8,48.0,63.55555555555556,68.0,0.2956731061493737,0.016143043522925834,Stable,8
41,100,38,36,26,58.72,49.0,63.0,67.0,0.2956731061493737,0.016143043522925834,Stable,8
42,100,38,36,26,69.44,50.0,78.0,86.0,0.2956731061493737,0.016143043522925837,Stable,8
43,100,38,36,26,69.36,51.0,77.44444444444444,85.0,0.29567310614937364,0.01614304352292583,Stable,8
44,100,38,36,26,69.28,52.0,76.88888888888889,84.0,0.29567310614937364,0.016143043522925834,Stable,8
45,100,38,36,26,69.2,53.0,76.33333333333333,83.0,0.29567310614937375,0.01614304352292583,Stable,8
46,100,38,36,26,69.12,54.0,75.77777777777777,82.0,0.2956731061493737,0.016143043522925834,Stable,8
47,100,38,36,26,69.04,55.0,75.22222222222223,81.0,0.2956731061493737,0.016143043522925834,Stable,8
48,100,38,36,26,68.96,56.0,74.66666666666667,80.0,0.29567310614937375,0.01614304352292583,Stable,8
49,100,38,36,26,79.68,57.0,89.66666666666667,99.0,0.2956731061493737,0.016143043522925834,Stable,8
50,100,38,36,26,79.6,58.0,89.11111111111111,98.0,0.29567310614937364,0.016143043522925834,Stable,8
51,100,38,36,26,79.52,59.0,88.55555555555556,97.0,0.2956731061493737,0.01614304352292583,Stable,8
52,100,38,36,26,79.44,60.0,88.0,96.0,0.29567310614937364,0.016143043522925834,Stable,8
53,100,38,36,26,79.36,61.0,87.44444444444444,95.0,0.2956731061493737,0.01614304352292583,Stable,8
54,100,38,36,26,79.28,62.0,86.88888888888889,94.0,0.29567310614937364,0.01614304352292583,Stable,8
55,100,38,36,26,79.2,63.0,86.33333333333333,93.0,0.29567310614937364,0.01614304352292583,Stable,8
56,100,38,36,26,89.92,64.0,101.33333333333333,112.0,0.2956731061493737,0.01614304352292583,Stable,8
57,100,38,36,26,89.84,65.0,100.77777777777777,111.0,0.2956731061493737,0.01614304352292583,Stable,8
58,100,38,36,26,89.76,66.0,100.22222222222223,110.0,0.29567310614937364,0.016143043522925837,Stable,8
59,100,38,36,26,89.68,67.0,99.66666666666667,109.0,0.2956731061493737,0.01614304352292583,Stable,8
60,100,38,36,26,89.6,68.0,99.11111111111111,108.0,0.2956731061493737,0.01614304352292583,Stable,8
61,100,38,36,26,89.52,69.0,98.55555555555556,107.0,0.29567310614937364,0.016143043522925837,Stable,8
62,100,38,36,26,89.44,70.0,98.0,106.0,0.29567310614937364,0.016143043522925837,Stable,8
63,100,38,36,26,100.16,71.0,113.0,125.0,0.2956731061493737,0.016143043522925834,Stable,8
64,100,38,36,26,100.08,72.0,112.44444444444444,124.0,0.29567310614937364,0.01614304352292583,Stable,8
65,100,38,36,26,100.0,73.0,111.88888888888889,123.0,0.29567310614937375,0.016143043522925827,Stable,8
66,100,38,36,26,99.92,74.0,111.33333333333333,122.0,0.2956731061493737,0.01614304352292583,Stable,8
67,100,38,36,26,99.84,75.0,110.77777777777777,121.0,0.29567310614937364,0.016143043522925834,Stable,8
68,100,38,36,26,99.76,76.0,110.22222222222223,120.0,0.2956731061493737,0.016143043522925834,Stable,8
69,100,38,36,26,99.68,77.0,109.66666666666667,119.0,0.29567310614937364,0.01614304352292583,Stable,8
70,100,38,36,26,110.4,78.0,124.66666666666667,138.0,0.29567310614937364,0.01614304352292583,Stable,8
71,100,38,36,26,110.32,79.0,124.11111111111111,137.0,0.29567310614937375,0.01614304352292583,Stable,8
72,100,38,36,26,110.24,80.0,123.55555555555556,136.0,0.2956731061493737,0.01614304352292583,Stable,8
73,100,38,36,26,110.16,81.0,123.0,135.0,0.2956731061493737,0.016143043522925834,Stable,8
74,100,38,36,26,110.08,82.0,122.44444444444444,134.0,0.2956731061493737,0.016143043522925834,Stable,8
75,100,38,36,26,110.0,83.0,121.88888888888889,133.0,0.2956731061493737,0.016143043522925834,Stable,8
76,100,38,36,26,109.92,84.0,121.33333333333333,132.0,0.29567310614937375,0.01614304352292583,Stable,8
77,100,38,36,26,120.64,85.0,136.33333333333334,151.0,0.29567310614937364,0.01614304352292583,Stable,8
78,100,38,36,26,120.56,86.0,135.77777777777777,150.0,0.29567310614937364,0.01614304352292583,Stable,8
79,100,38,36,26,120.48,87.0,135.22222222222223,149.0,0.2956731061493737,0.016143043522925834,Stable,8
80,100,38,36,26,120.4,88.0,134.66666666666666,148.0,0.29567310614937375,0.01614304352292583,Stable,8
81,100,38,36,26,120.32,89.0,134.11111111111111,147.0,0.2956731061493737,0.016143043522925834,Stable,8
82,100,38,36,26,120.24,90.0,133.55555555555554,146.0,0.29567310614937364,0.01614304352292583,Stable,8
83,100,38,36,26,120.16,91.0,133.0,145.0,0.29567310614937364,0.016143043522925834,Stable,8
84,100,38,36,26,130.88,92.0,148.0,164.0,0.29567310614937364,0.01614304352292583,Stable,8
85,100,38,36,26,130.8,93.0,147.44444444444446,163.0,0.29567310614937364,0.016143043522925837,Stable,8
86,100,38,36,26,130.72,94.0,146.88888888888889,162.0,0.29567310614937364,0.01614304352292583,Stable,8
87,100,38,36,26,130.64,95.0,146.33333333333334,161.0,0.29567310614937364,0.016143043522925834,Stable,8
88,100,38,36,26,130.56,96.0,145.77777777777777,160.0,0.29567310614937364,0.01614304352292583,Stable,8
89,100,38,36,26,130.48,97.0,145.22222222222223,159.0,0.29567310614937364,0.01614304352292583,Stable,8
90,100,38,36,26,130.4,98.0,144.66666666666666,158.0,0.29567310614937375,0.01614304352292583,Stable,8
91,100,38,36,26,141.12,99.0,159.66666666666666,177.0,0.29567310614937364,0.01614304352292583,Stable,8
92,100,38,36,26,141.04,100.0,159.11111111111111,176.0,0.29567310614937364,0.016143043522925834,Stable,8
93,100,38,36,26,140.96,101.0,158.55555555555554,175.0,0.29567310614937375,0.016143043522925834,Stable,8
94,100,38,36,26,140.88,102.0,158.0,174.0,0.2956731061493737,0.016143043522925837,Stable,8
95,100,38,36,26,140.8,103.0,157.44444444444446,173.0,0.29567310614937364,0.01614304352292583,Stable,8
96,100,38,36,26,140.72,104.0,156.88888888888889,172.0,0.2956731061493737,0.01614304352292583,Stable,8
97,100,38,36,26,140.64,105.0,156.33333333333334,171.0,0.29567310614937364,0.01614304352292583,Stable,8
98,100,38,36,26,151.36,106.0,171.33333333333334,190.0,0.29567310614937364,0.01614304352292583,Stable,8
99,100,38,36,26,151.28,107.0,170.77777777777777,189.0,0.29567310614937364,0.016143043522925834,Stable,8
100,100,38,36,26,151.2,108.0,170.22222222222223,188.0,0.2956731061493737,0.016143043522925834,Stable,8
101,100,38,36,26,151.12,109.0,169.66666666666666,187.0,0.2956731061493737,0.016143043522925834,Stable,8
102,100,38,36,26,151.04,110.0,169.11111111111111,186.0,0.29567310614937364,0.016143043522925834,Stable,8
103,100,38,36,26,150.96,111.0,168.55555555555554,185.0,0.2956731061493737,0.016143043522925834,Stable,8
104,100,38,36,26,150.88,112.0,168.0,184.0,0.29567310614937364,0.01614304352292583,Stable,8
105,100,38,36,26,161.6,113.0,183.0,203.0,0.2956731061493737,0.01614304352292583,Stable,8
106,100,38,36,26,161.52,114.0,182.44444444444446,202.0,0.29567310614937364,0.01614304352292583,Stable,8
107,100,38,36,26,161.44,115.0,181.88888888888889,201.0,0.29567310614937375,0.016143043522925834,Stable,8
108,100,38,36,26,161.36,116.0,181.33333333333334,200.0,0.2956731061493737,0.01614304352292583,Stable,8
109,100,38,36,26,161.28,117.0,180.77777777777777,199.0,0.29567310614937375,0.01614304352292583,Stable,8
110,100,38,36,26,161.2,118.0,180.22222222222223,198.0,0.29567310614937364,0.01614304352292583,Stable,8
0,100,29,28,43,8.0,8.0,8.0,8.0,0.24320101911178924,0.02056557312859684,Stable,9
1,100,29,28,43,7.64,9.0,7.214285714285714,7.0,0.24320101911178924,0.020565573128596835,Stable,9
2,100,29,28,43,7.28,10.0,6.428571428571429,6.0,0.2432010191117892,0.02056557312859684,Stable,9
3,100,29,28,43,6.92,11.0,5.642857142857143,5.0,0.24320101911178924,0.020565573128596835,Stable,9
4,100,29,28,43,6.56,12.0,4.857142857142857,4.0,0.2432010191117892,0.020565573128596835,Stable,9
5,100,29,28,43,6.2,13.0,4.071428571428571,3.0,0.24320101911178924,0.02056557312859684,Stable,9
6,100,29,28,43,5.84,14.0,3.2857142857142856,2.0,0.24320101911178915,0.020565573128596835,Stable,9
7,100,29,28,43,19.08,15.0,20.357142857142858,21.0,0.2432010191117892,0.02056557312859684,Stable,9
8,100,29,28,43,18.72,16.0,19.571428571428573,20.0,0.2432010191117892,0.02056557312859684,Stable,9
9,100,29,28,43,18.36,17.0,18.785714285714285,19.0,0.2432010191117892,0.02056557312859684,Stable,9
10,100,29,28,43,18.0,18.0,18.0,18.0,0.2432010191117892,0.020565573128596835,Stable,9
11,100,29,28,43,17.64,19.0,17.214285714285715,17.0,0.2432010191117892,0.020565573128596835,Stable,9
12,100,29,28,43,17.28,20.0,16.428571428571427,16.0,0.24320101911178924,0.02056557312859684,Stable,9
13,100,29,28,43,16.92,21.0,15.642857142857142,15.0,0.2432010191117892,0.02056557312859683,Stable,9
14,100,29,28,43,30.16,22.0,32.714285714285715,34.0,0.24320101911178924,0.020565573128596835,Stable,9
15,100,29,28,43,29.8,23.0,31.928571428571427,33.0,0.2432010191117892,0.02056557312859684,Stable,9
16,100,29,28,43,29.44,24.0,31.142857142857142,32.0,0.24320101911178915,0.02056557312859684,Stable,9
17,100,29,28,43,29.08,25.0,30.357142857142858,31.0,0.24320101911178924,0.020565573128596835,Stable,9
18,100,29,28,43,28.72,26.0,29.571428571428573,30.0,0.2432010191117892,0.02056557312859684,Stable,9
19,100,29,28,43,28.36,27.0,28.785714285714285,29.0,0.2432010191117892,0.02056557312859684,Stable,9
20,100,29,28,43,28.0,28.0,28.0,28.0,0.24320101911178924,0.020565573128596835,Stable,9
21,100,29,28,43,41.24,29.0,45.07142857142857,47.0,0.2432010191117892,0.02056557312859684,Stable,9
22,100,29,28,43,40.88,30.0,44.285714285714285,46.0,0.2432010191117892,0.02056557312859684,Stable,9
23,100,29,28,43,40.52,31.0,43.5,45.0,0.24320101911178924,0.020565573128596835,Stable,9
24,100,29,28,43,40.16,32.0,42.714285714285715,44.0,0.2432010191117892,0.020565573128596835,Stable,9
25,100,29,28,43,39.8,33.0,41.92857142857143,43.0,0.2432010191117892,0.02056557312859684,Stable,9
26,100,29,28,43,39.44,34.0,41.142857142857146,42.0,0.24320101911178915,0.020565573128596835,Stable,9
27,100,29,28,43,39.08,35.0,40.357142857142854,41.0,0.2432010191117892,0.02056557312859684,Stable,9
28,100,29,28,43,52.32,36.0,57.42857142857143,60.0,0.2432010191117892,0.020565573128596835,Stable,9
29,100,29,28,43,51.96,37.0,56.642857142857146,59.0,0.24320101911178924,0.02056557312859683,Stable,9
30,100,29,28,43,51.6,38.0,55.857142857142854,58.0,0.2432010191117892,0.020565573128596835,Stable,9
31,100,29,28,43,51.24,39.0,55.07142857142857,57.0,0.2432010191117892,0.020565573128596835,Stable,9
32,100,29,28,43,50.88,40.0,54.285714285714285,56.0,0.24320101911178924,0.020565573128596835,Stable,9
33,100,29,28,43,50.52,41.0,53.5,55.0,0.24320101911178924,0.02056557312859684,Stable,9
34,100,29,28,43,50.16,42.0,52.714285714285715,54.0,0.24320101911178924,0.020565573128596835,Stable,9
35,100,29,28,43,63.4,43.0,69.78571428571429,73.0,0.24320101911178915,0.02056557312859684,Stable,9
36,100,29,28,43,63.04,44.0,69.0,72.0,0.24320101911178924,0.020565573128596835,Stable,9
37,100,29,28,43,62.68,45.0,68.21428571428571,71.0,0.2432010191117892,0.02056557312859684,Stable,9
38,100,29,28,43,62.32,46.0,67.42857142857143,70.0,0.2432010191117892,0.020565573128596835,Stable,9
39,100,29,28,43,61.96,47.0,66.64285714285714,69.0,0.2432010191117892,0.020565573128596835,Stable,9
40,100,29,28,43,61.6,48.0,65.85714285714286,68.0,0.2432010191117892,0.020565573128596835,Stable,9
41,100,29,28,43,61.24,49.0,65.07142857142857,67.0,0.24320101911178924,0.020565573128596835,Stable,9
42,100,29,28,43,74.48,50.0,82.14285714285714,86.0,0.2432010191117892,0.020565573128596845,Stable,9
43,100,29,28,43,74.12,51.0,81.35714285714286,85.0,0.2432010191117892,0.02056557312859684,Stable,9
44,100,29,28,43,73.76,52.0,80.57142857142857,84.0,0.24320101911178924,0.020565573128596835,Stable,9
45,100,29,28,43,73.4,53.0,79.78571428571429,83.0,0.2432010191117892,0.020565573128596835,Stable,9
46,100,29,28,43,73.04,54.0,79.0,82.0,0.2432010191117892,0.02056557312859684,Stable,9
47,100,29,28,43,72.68,55.0,78.21428571428571,81.0,0.24320101911178924,0.020565573128596835,Stable,9
48,100,29,28,43,72.32,56.0,77.42857142857143,80.0,0.24320101911178924,0.02056557312859683,Stable,9
49,100,29,28,43,85.56,57.0,94.5,99.0,0.2432010191117892,0.02056557312859684,Stable,9
50,100,29,28,43,85.2,58.0,93.71428571428571,98.0,0.2432010191117892,0.02056557312859684,Stable,9
51,100,29,28,43,84.84,59.0,92.92857142857143,97.0,0.2432010191117892,0.02056557312859684,Stable,9
52,100,29,28,43,84.48,60.0,92.14285714285714,96.0,0.24320101911178924,0.020565573128596835,Stable,9
53,100,29,28,43,84.12,61.0,91.35714285714286,95.0,0.2432010191117892,0.020565573128596835,Stable,9
54,100,29,28,43,83.76,62.0,90.57142857142857,94.0,0.2432010191117892,0.020565573128596835,Stable,9
55,100,29,28,43,83.4,63.0,89.78571428571429,93.0,0.2432010191117892,0.020565573128596835,Stable,9
56,100,29,28,43,96.64,64.0,106.85714285714286,112.0,0.2432010191117892,0.020565573128596835,Stable,9
57,100,29,28,43,96.28,65.0,106.07142857142857,111.0,0.2432010191117892,0.02056557312859684,Stable,9
58,100,29,28,43,95.92,66.0,105.28571428571429,110.0,0.24320101911178924,0.020565573128596835,Stable,9
59,100,29,28,43,95.56,67.0,104.5,109.0,0.24320101911178915,0.020565573128596835,Stable,9
60,100,29,28,43,95.2,68.0,103.71428571428571,108.0,0.2432010191117892,0.02056557312859684,Stable,9
61,100,29,28,43,94.84,69.0,102.92857142857143,107.0,0.24320101911178924,0.020565573128596835,Stable,9
62,100,29,28,43,94.48,70.0,102.14285714285714,106.0,0.2432010191117892,0.02056557312859684,Stable,9
63,100,29,28,43,107.72,71.0,119.21428571428571,125.0,0.24320101911178912,0.020565573128596835,Stable,9
64,100,29,28,43,107.36,72.0,118.42857142857143,124.0,0.24320101911178915,0.020565573128596835,Stable,9
65,100,29,28,43,107.0,73.0,117.64285714285714,123.0,0.24320101911178912,0.020565573128596835,Stable,9
66,100,29,28,43,106.64,74.0,116.85714285714286,122.0,0.2432010191117892,0.02056557312859684,Stable,9
67,100,29,28,43,106.28,75.0,116.07142857142857,121.0,0.2432010191117892,0.02056557312859683,Stable,9
68,100,29,28,43,105.92,76.0,115.28571428571429,120.0,0.2432010191117892,0.020565573128596835,Stable,9
69,100,29,28,43,105.56,77.0,114.5,119.0,0.24320101911178924,0.020565573128596835,Stable,9
70,100,29,28,43,118.8,78.0,131.57142857142858,138.0,0.2432010191117892,0.02056557312859684,Stable,9
71,100,29,28,43,118.44,79.0,130.78571428571428,137.0,0.24320101911178924,0.02056557312859683,Stable,9
72,100,29,28,43,118.08,80.0,130.0,136.0,0.2432010191117892,0.020565573128596835,Stable,9
73,100,29,28,43,117.72,81.0,129.21428571428572,135.0,0.24320101911178924,0.020565573128596835,Stable,9
74,100,29,28,43,117.36,82.0,128.42857142857142,134.0,0.24320101911178924,0.020565573128596835,Stable,9
75,100,29,28,43,117.0,83.0,127.64285714285714,133.0,0.2432010191117892,0.020565573128596835,Stable,9
76,100,29,28,43,116.64,84.0,126.85714285714286,132.0,0.2432010191117892,0.02056557312859684,Stable,9
77,100,29,28,43,129.88,85.0,143.92857142857142,151.0,0.2432010191117892,0.02056557312859684,Stable,9
78,100,29,28,43,129.52,86.0,143.14285714285714,150.0,0.2432010191117892,0.02056557312859684,Stable,9
79,100,29,28,43,129.16,87.0,142.35714285714286,149.0,0.2432010191117892,0.020565573128596835,Stable,9
80,100,29,28,43,128.8,88.0,141.57142857142858,148.0,0.2432010191117892,0.020565573128596835,Stable,9
81,100,29,28,43,128.44,89.0,140.78571428571428,147.0,0.2432010191117892,0.020565573128596835,Stable,9
82,100,29,28,43,128.08,90.0,140.0,146.0,0.2432010191117892,0.020565573128596835,Stable,9
83,100,29,28,43,127.72,91.0,139.21428571428572,145.0,0.2432010191117892,0.020565573128596835,Stable,9
84,100,29,28,43,140.96,92.0,156.28571428571428,164.0,0.24320101911178915,0.020565573128596835,Stable,9
85,100,29,28,43,140.6,93.0,155.5,163.0,0.2432010191117892,0.02056557312859684,Stable,9
86,100,29,28,43,140.24,94.0,154.71428571428572,162.0,0.2432010191117892,0.020565573128596835,Stable,9
87,100,29,28,43,139.88,95.0,153.92857142857142,161.0,0.24320101911178915,0.02056557312859684,Stable,9
88,100,29,28,43,139.52,96.0,153.14285714285714,160.0,0.2432010191117892,0.02056557312859684,Stable,9
89,100,29,28,43,139.16,97.0,152.35714285714286,159.0,0.24320101911178924,0.02056557312859684,Stable,9
90,100,29,28,43,138.8,98.0,151.57142857142858,158.0,0.2432010191117892,0.020565573128596835,Stable,9
91,100,29,28,43,152.04,99.0,168.64285714285714,177.0,0.2432010191117892,0.02056557312859684,Stable,9
92,100,29,28,43,151.68,100.0,167.85714285714286,176.0,0.24320101911178924,0.020565573128596835,Stable,9
93,100,29,28,43,151.32,101.0,167.07142857142858,175.0,0.2432010191117892,0.020565573128596835,Stable,9
94,100,29,28,43,150.96,102.0,166.28571428571428,174.0,0.2432010191117892,0.020565573128596835,Stable,9
95,100,29,28,43,150.6,103.0,165.5,173.0,0.24320101911178924,0.020565573128596835,Stable,9
96,100,29,28,43,150.24,104.0,164.71428571428572,172.0,0.2432010191117892,0.020565573128596835,Stable,9
97,100,29,28,43,149.88,105.0,163.92857142857142,171.0,0.2432010191117892,0.020565573128596835,Stable,9
98,100,29,28,43,163.12,106.0,181.0,190.0,0.2432010191117892,0.02056557312859684,Stable,9
99,100,29,28,43,162.76,107.0,180.21428571428572,189.0,0.24320101911178924,0.020565573128596835,Stable,9
100,100,29,28,43,162.4,108.0,179.42857142857142,188.0,0.24320101911178924,0.020565573128596835,Stable,9
101,100,29,28,43,162.04,109.0,178.64285714285714,187.0,0.2432010191117892,0.02056557312859684,Stable,9
102,100,29,28,43,161.68,110.0,177.85714285714286,186.0,0.24320101911178915,0.02056557312859684,Stable,9
103,100,29,28,43,161.32,111.0,177.07142857142858,185.0,0.24320101911178924,0.020565573128596835,Stable,9
104,100,29,28,43,160.96,112.0,176.28571428571428,184.0,0.2432010191117892,0.02056557312859684,Stable,9
105,100,29,28,43,174.2,113.0,193.35714285714286,203.0,0.24320101911178924,0.020565573128596835,Stable,9
106,100,29,28,43,173.84,114.0,192.57142857142858,202.0,0.2432010191117892,0.02056557312859684,Stable,9
107,100,29,28,43,173.48,115.0,191.78571428571428,201.0,0.24320101911178915,0.020565573128596835,Stable,9
108,100,29,28,43,173.12,116.0,191.0,200.0,0.24320101911178924,0.020565573128596835,Stable,9
109,100,29,28,43,172.76,117.0,190.21428571428572,199.0,0.24320101911178924,0.02056557312859684,Stable,9
110,100,29,28,43,172.4,118.0,189.42857142857142,198.0,0.2432010191117892,0.02056557312859684,Stable,9
0,100,29,28,43,8.0,8.0,8.0,8.0,0.25030034371168425,0.016742999838730305,Volatile,0
1,100,29,28,43,7.64,9.0,7.214285714285714,7.0,0.25030034371168425,0.016742999838730302,Volatile,0
2,100,29,28,43,7.28,10.0,6.428571428571429,6.0,0.25030034371168425,0.016742999838730302,Volatile,0
3,100,29,28,43,6.92,11.0,5.642857142857143,5.0,0.25030034371168425,0.016742999838730305,Volatile,0
4,100,29,28,43,6.56,12.0,4.857142857142857,4.0,0.25030034371168425,0.016742999838730302,Volatile,0
5,100,29,28,43,6.2,13.0,4.071428571428571,3.0,0.25030034371168425,0.016742999838730305,Volatile,0
6,100,29,28,43,5.84,14.0,3.2857142857142856,2.0,0.25030034371168425,0.016742999838730302,Volatile,0
7,100,29,28,43,10.88,15.0,10.357142857142858,8.44186046511628,0.25030034371168425,0.016742999838730302,Volatile,0
8,59,29,14,16,17.83050847457627,16.0,19.142857142857142,20.0,0.305225185980967,0.01774907839520374,Volatile,0
9,59,29,14,16,17.915254237288135,17.0,18.571428571428573,19.0,0.3052251859809668,0.01774907839520374,Volatile,0
10,59,29,14,16,18.0,18.0,18.0,18.0,0.3052251859809668,0.017749078395203743,Volatile,0
11,59,29,14,16,18.084745762711865,19.0,17.428571428571427,17.0,0.3052251859809668,0.017749078395203743,Volatile,0
12,59,29,14,16,18.16949152542373,20.0,16.857142857142858,16.0,0.30522518598096693,0.017749078395203743,Volatile,0
13,59,29,14,16,18.25423728813559,21.0,16.285714285714285,15.0,0.30522518598096693,0.01774907839520374,Volatile,0
14,59,29,14,16,22.406779661016948,22.0,21.428571428571427,24.0,0.3052251859809668,0.01774907839520374,Volatile,0
15,59,29,14,16,22.491525423728813,23.0,20.857142857142858,23.0,0.30522518598096693,0.01774907839520374,Volatile,0
16,59,29,14,16,22.576271186440678,24.0,20.285714285714285,22.0,0.30522518598096693,0.01774907839520374,Volatile,0
17,59,29,14,16,22.661016949152543,25.0,19.714285714285715,21.0,0.30522518598096693,0.01774907839520374,Volatile,0
18,59,29,14,16,22.74576271186441,26.0,19.142857142857142,20.0,0.30522518598096693,0.017749078395203736,Volatile,0
19,59,29,14,16,22.83050847457627,27.0,18.571428571428573,19.0,0.30522518598096693,0.01774907839520374,Volatile,0
20,59,29,14,16,22.915254237288135,28.0,18.0,18.0,0.3052251859809668,0.017749078395203743,Volatile,0
21,59,29,14,16,26.728813559322035,29.0,24.571428571428573,24.5,0.3052251859809668,0.01774907839520374,Volatile,0
22,59,29,14,16,26.8135593220339,30.0,24.0,23.5,0.30522518598096693,0.01774907839520374,Volatile,0
23,59,29,14,16,26.89830508474576,31.0,23.428571428571427,22.5,0.3052251859809668,0.01774907839520374,Volatile,0
24,59,29,14,16,26.983050847457626,32.0,22.857142857142858,21.5,0.30522518598096693,0.01774907839520374,Volatile,0
25,59,29,14,16,27.06779661016949,33.0,22.285714285714285,20.5,0.30522518598096693,0.01774907839520374,Volatile,0
26,59,29,14,16,27.152542372881356,34.0,21.714285714285715,19.5,0.30522518598096693,0.01774907839520374,Volatile,0
27,59,29,14,16,27.23728813559322,35.0,21.142857142857142,18.5,0.30522518598096693,0.01774907839520374,Volatile,0
28,50,29,11,10,35.04,36.0,28.0,40.0,0.3298546668002167,0.016240647402371917,Volatile,0
29,50,29,11,10,35.32,37.0,27.545454545454547,39.0,0.3298546668002167,0.016240647402371917,Volatile,0
30,50,29,11,10,35.6,38.0,27.09090909090909,38.0,0.3298546668002167,0.016240647402371917,Volatile,0
31,50,29,11,10,35.88,39.0,26.636363636363637,37.0,0.3298546668002166,0.01624064740237192,Volatile,0
32,50,29,11,10,36.16,40.0,26.181818181818183,36.0,0.3298546668002167,0.01624064740237192,Volatile,0
33,50,29,11,10,36.44,41.0,25.727272727272727,35.0,0.3298546668002166,0.016240647402371917,Volatile,0
34,50,29,11,10,36.72,42.0,25.272727272727273,34.0,0.3298546668002167,0.016240647402371917,Volatile,0
35,50,29,11,10,39.8,43.0,28.454545454545453,43.0,0.3298546668002167,0.016240647402371917,Volatile,0
36,50,29,11,10,40.08,44.0,28.0,42.0,0.3298546668002167,0.016240647402371917,Volatile,0
37,50,29,11,10,40.36,45.0,27.545454545454547,41.0,0.3298546668002167,0.01624064740237192,Volatile,0
38,50,29,11,10,40.64,46.0,27.09090909090909,40.0,0.3298546668002167,0.01624064740237192,Volatile,0
39,50,29,11,10,40.92,47.0,26.636363636363637,39.0,0.3298546668002167,0.01624064740237192,Volatile,0
40,50,29,11,10,41.2,48.0,26.181818181818183,38.0,0.3298546668002166,0.016240647402371917,Volatile,0
41,50,29,11,10,41.48,49.0,25.727272727272727,37.0,0.3298546668002166,0.016240647402371917,Volatile,0
42,50,29,11,10,44.96,50.0,34.36363636363637,42.0,0.3298546668002167,0.01624064740237192,Volatile,0
43,50,29,11,10,45.24,51.0,33.90909090909091,41.0,0.3298546668002166,0.016240647402371917,Volatile,0
44,50,29,11,10,45.52,52.0,33.45454545454545,40.0,0.3298546668002166,0.016240647402371917,Volatile,0
45,50,29,11,10,45.8,53.0,33.0,39.0,0.3298546668002167,0.016240647402371917,Volatile,0
46,50,29,11,10,46.08,54.0,32.54545454545455,38.0,0.3298546668002167,0.016240647402371917,Volatile,0
47,50,29,11,10,46.36,55.0,32.09090909090909,37.0,0.3298546668002167,0.01624064740237192,Volatile,0
48,48,29,9,10,48.583333333333336,56.0,38.666666666666664,36.0,0.33198438152573595,0.01681124203315871,Volatile,0
49,48,29,9,10,52.25,57.0,45.0,45.0,0.331984381525736,0.01681124203315871,Volatile,0
50,48,29,9,10,52.583333333333336,58.0,44.666666666666664,44.0,0.331984381525736,0.01681124203315871,Volatile,0
51,48,29,9,10,52.916666666666664,59.0,44.333333333333336,43.0,0.331984381525736,0.01681124203315871,Volatile,0
52,48,29,9,10,53.25,60.0,44.0,42.0,0.331984381525736,0.01681124203315871,Volatile,0
53,48,29,9,10,53.583333333333336,61.0,43.666666666666664,41.0,0.331984381525736,0.01681124203315871,Volatile,0
54,48,29,9,10,53.916666666666664,62.0,43.333333333333336,40.0,0.331984381525736,0.01681124203315871,Volatile,0
55,48,29,9,10,54.25,63.0,43.0,39.0,0.331984381525736,0.01681124203315871,Volatile,0
56,48,29,9,10,58.333333333333336,64.0,47.111111111111114,52.0,0.331984381525736,0.01681124203315871,Volatile,0
57,48,29,9,10,58.666666666666664,65.0,46.77777777777778,51.0,0.33198438152573595,0.01681124203315871,Volatile,0
58,48,29,9,10,59.0,66.0,46.44444444444444,50.0,0.331984381525736,0.01681124203315871,Volatile,0
59,48,29,9,10,59.333333333333336,67.0,46.111111111111114,49.0,0.331984381525736,0.01681124203315871,Volatile,0
60,48,29,9,10,59.666666666666664,68.0,45.77777777777778,48.0,0.331984381525736,0.01681124203315871,Volatile,0
61,48,29,9,10,60.0,69.0,45.44444444444444,47.0,0.331984381525736,0.01681124203315871,Volatile,0
62,48,29,9,10,60.333333333333336,70.0,45.111111111111114,46.0,0.331984381525736,0.01681124203315871,Volatile,0
63,48,29,9,10,64.41666666666667,71.0,49.22222222222222,59.0,0.331984381525736,0.01681124203315871,Volatile,0
64,48,29,9,10,64.75,72.0,48.888888888888886,58.0,0.33198438152573595,0.01681124203315871,Volatile,0
65,48,29,9,10,65.08333333333333,73.0,48.55555555555556,57.0,0.331984381525736,0.01681124203315871,Volatile,0
66,48,29,9,10,65.41666666666667,74.0,48.22222222222222,56.0,0.331984381525736,0.01681124203315871,Volatile,0
67,48,29,9,10,65.75,75.0,47.888888888888886,55.0,0.331984381525736,0.01681124203315871,Volatile,0
68,47,29,9,9,67.48936170212765,76.0,47.55555555555556,60.0,0.3377610268363751,0.015540141041763034,Volatile,0
69,47,29,9,9,67.85106382978724,77.0,47.22222222222222,59.0,0.33776102683637504,0.015540141041763034,Volatile,0
70,47,29,9,9,71.19148936170212,78.0,51.333333333333336,69.11111111111111,0.3377610268363751,0.015540141041763034,Volatile,0
71,47,29,9,9,71.55319148936171,79.0,51.0,68.11111111111111,0.3377610268363751,0.015540141041763034,Volatile,0
72,47,29,9,9,71.91489361702128,80.0,50.666666666666664,67.11111111111111,0.33776102683637516,0.015540141041763034,Volatile,0
73,47,29,9,9,72.27659574468085,81.0,50.333333333333336,66.11111111111111,0.3377610268363751,0.015540141041763033,Volatile,0
74,47,29,9,9,72.63829787234043,82.0,50.0,65.11111111111111,0.33776102683637516,0.015540141041763034,Volatile,0
75,47,29,9,9,73.0,83.0,49.666666666666664,64.11111111111111,0.3377610268363751,0.015540141041763033,Volatile,0
76,47,29,9,9,73.36170212765957,84.0,49.333333333333336,63.111111111111114,0.33776102683637504,0.015540141041763038,Volatile,0
77,47,29,9,9,76.70212765957447,85.0,53.44444444444444,73.22222222222223,0.33776102683637504,0.015540141041763033,Volatile,0
78,47,29,9,9,77.06382978723404,86.0,53.111111111111114,72.22222222222223,0.33776102683637504,0.015540141041763034,Volatile,0
79,47,29,9,9,77.42553191489361,87.0,52.77777777777778,71.22222222222223,0.3377610268363751,0.015540141041763034,Volatile,0
80,47,29,9,9,77.7872340425532,88.0,52.44444444444444,70.22222222222223,0.3377610268363751,0.015540141041763038,Volatile,0
81,47,29,9,9,78.14893617021276,89.0,52.111111111111114,69.22222222222223,0.33776102683637504,0.015540141041763034,Volatile,0
82,47,29,9,9,78.51063829787235,90.0,51.77777777777778,68.22222222222223,0.33776102683637516,0.015540141041763034,Volatile,0
83,47,29,9,9,78.87234042553192,91.0,51.44444444444444,67.22222222222223,0.3377610268363751,0.015540141041763031,Volatile,0
84,47,29,9,9,80.08510638297872,92.0,51.111111111111114,70.66666666666667,0.3377610268363751,0.015540141041763038,Volatile,0
85,47,29,9,9,80.44680851063829,93.0,50.77777777777778,69.66666666666667,0.33776102683637516,0.015540141041763033,Volatile,0
86,47,29,9,9,80.80851063829788,94.0,50.44444444444444,68.66666666666667,0.3377610268363751,0.015540141041763034,Volatile,0
87,47,29,9,9,81.17021276595744,95.0,50.111111111111114,67.66666666666667,0.33776102683637516,0.015540141041763034,Volatile,0
88,47,29,9,9,81.53191489361703,96.0,49.77777777777778,66.66666666666667,0.33776102683637516,0.015540141041763034,Volatile,0
89,47,29,9,9,81.8936170212766,97.0,49.44444444444444,65.66666666666667,0.33776102683637516,0.015540141041763038,Volatile,0
90,47,29,9,9,82.25531914893617,98.0,49.111111111111114,64.66666666666667,0.33776102683637516,0.015540141041763034,Volatile,0
91,47,29,9,9,86.87234042553192,99.0,57.666666666666664,77.0,0.33776102683637516,0.015540141041763034,Volatile,0
92,47,29,9,9,87.23404255319149,100.0,57.333333333333336,76.0,0.33776102683637516,0.015540141041763033,Volatile,0
93,47,29,9,9,87.59574468085107,101.0,57.0,75.0,0.3377610268363751,0.015540141041763034,Volatile,0
94,47,29,9,9,87.95744680851064,102.0,56.666666666666664,74.0,0.33776102683637516,0.015540141041763034,Volatile,0
95,47,29,9,9,88.31914893617021,103.0,56.333333333333336,73.0,0.3377610268363751,0.015540141041763034,Volatile,0
96,47,29,9,9,88.68085106382979,104.0,56.0,72.0,0.33776102683637516,0.015540141041763034,Volatile,0
97,47,29,9,9,89.04255319148936,105.0,55.666666666666664,71.0,0.3377610268363751,0.015540141041763033,Volatile,0
98,47,29,9,9,91.53191489361703,106.0,59.77777777777778,76.66666666666667,0.33776102683637516,0.015540141041763038,Volatile,0
99,47,29,9,9,91.8936170212766,107.0,59.44444444444444,75.66666666666667,0.3377610268363751,0.015540141041763034,Volatile,0
100,47,29,9,9,92.25531914893617,108.0,59.111111111111114,74.66666666666667,0.3377610268363751,0.015540141041763034,Volatile,0
101,47,29,9,9,92.61702127659575,109.0,58.77777777777778,73.66666666666667,0.33776102683637504,0.015540141041763033,Volatile,0
102,47,29,9,9,92.97872340425532,110.0,58.44444444444444,72.66666666666667,0.33776102683637516,0.015540141041763033,Volatile,0
103,47,29,9,9,93.34042553191489,111.0,58.111111111111114,71.66666666666667,0.33776102683637516,0.01554014104176304,Volatile,0
104,47,29,9,9,93.70212765957447,112.0,57.77777777777778,70.66666666666667,0.33776102683637516,0.015540141041763034,Volatile,0
105,47,29,9,9,96.61702127659575,113.0,59.666666666666664,80.77777777777777,0.33776102683637516,0.015540141041763038,Volatile,0
106,47,29,9,9,96.97872340425532,114.0,59.333333333333336,79.77777777777777,0.33776102683637516,0.015540141041763034,Volatile,0
107,47,29,9,9,97.34042553191489,115.0,59.0,78.77777777777777,0.33776102683637516,0.015540141041763034,Volatile,0
108,46,29,8,9,99.82608695652173,116.0,66.0,77.77777777777777,0.3392445209532516,0.01577974346788281,Volatile,0
109,46,29,8,9,100.21739130434783,117.0,65.75,76.77777777777777,0.3392445209532516,0.01577974346788281,Volatile,0
110,46,29,8,9,100.6086956521739,118.0,65.5,75.77777777777777,0.3392445209532516,0.015779743467882808,Volatile,0
0,100,38,32,30,8.0,8.0,8.0,8.0,0.29048039509466483,0.01565962495259215,Volatile,1
1,100,38,32,30,7.84,9.0,7.25,7.0,0.29048039509466483,0.01565962495259215,Volatile,1
2,100,38,32,30,7.68,10.0,6.5,6.0,0.2904803950946649,0.01565962495259215,Volatile,1
3,100,38,32,30,7.52,11.0,5.75,5.0,0.2904803950946649,0.01565962495259215,Volatile,1
4,100,38,32,30,7.36,12.0,5.0,4.0,0.29048039509466483,0.01565962495259215,Volatile,1
5,100,38,32,30,7.2,13.0,4.25,3.0,0.29048039509466483,0.01565962495259215,Volatile,1
6,100,38,32,30,7.04,14.0,3.5,2.0,0.29048039509466483,0.01565962495259215,Volatile,1
7,100,38,32,30,13.68,15.0,12.125,13.666666666666666,0.2904803950946649,0.01565962495259215,Volatile,1
8,76,38,19,19,17.789473684210527,16.0,19.157894736842106,20.0,0.3179806184509598,0.015438175658227943,Volatile,1
9,76,38,19,19,17.894736842105264,17.0,18.57894736842105,19.0,0.3179806184509598,0.015438175658227943,Volatile,1
10,76,38,19,19,18.0,18.0,18.0,18.0,0.3179806184509599,0.015438175658227946,Volatile,1
11,76,38,19,19,18.105263157894736,19.0,17.42105263157895,17.0,0.31798061845095976,0.015438175658227943,Volatile,1
12,76,38,19,19,18.210526315789473,20.0,16.842105263157894,16.0,0.31798061845095976,0.015438175658227946,Volatile,1
13,76,38,19,19,18.31578947368421,21.0,16.263157894736842,15.0,0.3179806184509598,0.015438175658227943,Volatile,1
14,76,38,19,19,22.63157894736842,22.0,23.05263157894737,23.473684210526315,0.31798061845095976,0.015438175658227946,Volatile,1
15,76,38,19,19,22.736842105263158,23.0,22.473684210526315,22.473684210526315,0.31798061845095976,0.015438175658227941,Volatile,1
16,76,38,19,19,22.842105263157894,24.0,21.894736842105264,21.473684210526315,0.3179806184509598,0.015438175658227943,Volatile,1
17,76,38,19,19,22.94736842105263,25.0,21.31578947368421,20.473684210526315,0.3179806184509599,0.01543817565822795,Volatile,1
18,76,38,19,19,23.05263157894737,26.0,20.736842105263158,19.473684210526315,0.3179806184509598,0.015438175658227946,Volatile,1
19,76,38,19,19,23.157894736842106,27.0,20.157894736842106,18.473684210526315,0.31798061845095976,0.015438175658227943,Volatile,1
20,76,38,19,19,23.263157894736842,28.0,19.57894736842105,17.473684210526315,0.3179806184509598,0.015438175658227946,Volatile,1
21,76,38,19,19,28.36842105263158,29.0,29.526315789473685,25.94736842105263,0.31798061845095976,0.015438175658227946,Volatile,1
22,76,38,19,19,28.473684210526315,30.0,28.94736842105263,24.94736842105263,0.31798061845095976,0.015438175658227946,Volatile,1
23,76,38,19,19,28.57894736842105,31.0,28.36842105263158,23.94736842105263,0.31798061845095976,0.015438175658227943,Volatile,1
24,76,38,19,19,28.68421052631579,32.0,27.789473684210527,22.94736842105263,0.31798061845095976,0.015438175658227941,Volatile,1
25,76,38,19,19,28.789473684210527,33.0,27.210526315789473,21.94736842105263,0.3179806184509598,0.015438175658227941,Volatile,1
26,76,38,19,19,28.894736842105264,34.0,26.63157894736842,20.94736842105263,0.31798061845095976,0.015438175658227946,Volatile,1
27,76,38,19,19,29.0,35.0,26.05263157894737,19.94736842105263,0.3179806184509598,0.015438175658227941,Volatile,1
28,69,38,15,16,35.53623188405797,36.0,36.266666666666666,33.75,0.3261391212890366,0.01583237557415297,Volatile,1
29,69,38,15,16,35.7536231884058,37.0,35.8,32.75,0.3261391212890367,0.015832375574152978,Volatile,1
30,69,38,15,16,35.971014492753625,38.0,35.333333333333336,31.75,0.3261391212890366,0.015832375574152974,Volatile,1
31,69,38,15,16,36.18840579710145,39.0,34.86666666666667,30.75,0.3261391212890366,0.015832375574152974,Volatile,1
32,69,38,15,16,36.405797101449274,40.0,34.4,29.75,0.32613912128903666,0.015832375574152974,Volatile,1
33,69,38,15,16,36.6231884057971,41.0,33.93333333333333,28.75,0.32613912128903666,0.015832375574152974,Volatile,1
34,69,38,15,16,36.84057971014493,42.0,33.46666666666667,27.75,0.32613912128903666,0.01583237557415297,Volatile,1
35,69,38,15,16,41.405797101449274,43.0,39.666666666666664,39.25,0.3261391212890367,0.015832375574152974,Volatile,1
36,69,38,15,16,41.6231884057971,44.0,39.2,38.25,0.32613912128903666,0.015832375574152974,Volatile,1
37,69,38,15,16,41.84057971014493,45.0,38.733333333333334,37.25,0.3261391212890366,0.015832375574152978,Volatile,1
38,69,38,15,16,42.05797101449275,46.0,38.266666666666666,36.25,0.32613912128903666,0.015832375574152974,Volatile,1
39,69,38,15,16,42.27536231884058,47.0,37.8,35.25,0.3261391212890366,0.015832375574152978,Volatile,1
40,69,38,15,16,42.492753623188406,48.0,37.333333333333336,34.25,0.3261391212890366,0.01583237557415297,Volatile,1
41,69,38,15,16,42.710144927536234,49.0,36.86666666666667,33.25,0.3261391212890366,0.015832375574152974,Volatile,1
42,69,38,15,16,48.43478260869565,50.0,47.06666666666667,46.0,0.3261391212890367,0.015832375574152974,Volatile,1
43,69,38,15,16,48.65217391304348,51.0,46.6,45.0,0.32613912128903666,0.01583237557415297,Volatile,1
44,69,38,15,16,48.869565217391305,52.0,46.13333333333333,44.0,0.32613912128903666,0.015832375574152974,Volatile,1
45,69,38,15,16,49.08695652173913,53.0,45.666666666666664,43.0,0.3261391212890367,0.015832375574152974,Volatile,1
46,69,38,15,16,49.30434782608695,54.0,45.2,42.0,0.3261391212890367,0.015832375574152974,Volatile,1
47,69,38,15,16,49.52173913043478,55.0,44.733333333333334,41.0,0.3261391212890366,0.01583237557415297,Volatile,1
48,68,38,14,16,50.470588235294116,56.0,47.42857142857143,40.0,0.32613523878942635,0.01606867863158384,Volatile,1
49,68,38,14,16,54.529411764705884,57.0,51.285714285714285,51.5,0.32613523878942624,0.01606867863158384,Volatile,1
50,68,38,14,16,54.76470588235294,58.0,50.857142857142854,50.5,0.3261352387894263,0.01606867863158384,Volatile,1
51,68,38,14,16,55.0,59.0,50.42857142857143,49.5,0.32613523878942635,0.016068678631583844,Volatile,1
52,68,38,14,16,55.23529411764706,60.0,50.0,48.5,0.32613523878942624,0.016068678631583844,Volatile,1
53,68,38,14,16,55.470588235294116,61.0,49.57142857142857,47.5,0.32613523878942624,0.016068678631583844,Volatile,1
54,68,38,14,16,55.705882352941174,62.0,49.142857142857146,46.5,0.32613523878942624,0.01606867863158384,Volatile,1
55,68,38,14,16,55.94117647058823,63.0,48.714285714285715,45.5,0.32613523878942624,0.01606867863158384,Volatile,1
56,68,38,14,16,60.294117647058826,64.0,54.0,57.0,0.3261352387894262,0.016068678631583837,Volatile,1
57,68,38,14,16,60.529411764705884,65.0,53.57142857142857,56.0,0.3261352387894263,0.016068678631583837,Volatile,1
58,68,38,14,16,60.76470588235294,66.0,53.142857142857146,55.0,0.32613523878942624,0.01606867863158384,Volatile,1
59,68,38,14,16,61.0,67.0,52.714285714285715,54.0,0.3261352387894263,0.01606867863158384,Volatile,1
60,68,38,14,16,61.23529411764706,68.0,52.285714285714285,53.0,0.3261352387894262,0.01606867863158384,Volatile,1
61,68,38,14,16,61.470588235294116,69.0,51.857142857142854,52.0,0.3261352387894263,0.01606867863158384,Volatile,1
62,68,38,14,16,61.705882352941174,70.0,51.42857142857143,51.0,0.3261352387894263,0.01606867863158384,Volatile,1
63,68,38,14,16,66.05882352941177,71.0,59.57142857142857,60.0,0.32613523878942624,0.01606867863158384,Volatile,1
64,68,38,14,16,66.29411764705883,72.0,59.142857142857146,59.0,0.32613523878942624,0.01606867863158384,Volatile,1
65,68,38,14,16,66.52941176470588,73.0,58.714285714285715,58.0,0.32613523878942624,0.01606867863158384,Volatile,1
66,68,38,14,16,66.76470588235294,74.0,58.285714285714285,57.0,0.32613523878942635,0.016068678631583837,Volatile,1
67,68,38,14,16,67.0,75.0,57.857142857142854,56.0,0.32613523878942624,0.01606867863158384,Volatile,1
68,67,38,14,15,68.23880597014926,76.0,57.42857142857143,58.666666666666664,0.3288066199615752,0.015819524070188887,Volatile,1
69,67,38,14,15,68.49253731343283,77.0,57.0,57.666666666666664,0.3288066199615752,0.01581952407018889,Volatile,1
70,67,38,14,15,73.22388059701493,78.0,65.14285714285714,68.66666666666667,0.3288066199615752,0.01581952407018889,Volatile,1
71,67,38,14,15,73.4776119402985,79.0,64.71428571428571,67.66666666666667,0.32880661996157523,0.01581952407018889,Volatile,1
72,67,38,14,15,73.73134328358209,80.0,64.28571428571429,66.66666666666667,0.3288066199615752,0.01581952407018889,Volatile,1
73,67,38,14,15,73.98507462686567,81.0,63.857142857142854,65.66666666666667,0.32880661996157523,0.01581952407018889,Volatile,1
74,67,38,14,15,74.23880597014926,82.0,63.42857142857143,64.66666666666667,0.3288066199615752,0.015819524070188887,Volatile,1
75,67,38,14,15,74.49253731343283,83.0,63.0,63.666666666666664,0.32880661996157523,0.01581952407018889,Volatile,1
76,67,38,14,15,74.74626865671642,84.0,62.57142857142857,62.666666666666664,0.3288066199615752,0.01581952407018889,Volatile,1
77,67,38,14,15,77.38805970149254,85.0,63.57142857142857,71.0,0.3288066199615752,0.01581952407018889,Volatile,1
78,67,38,14,15,77.64179104477611,86.0,63.142857142857146,70.0,0.3288066199615752,0.01581952407018889,Volatile,1
79,67,38,14,15,77.8955223880597,87.0,62.714285714285715,69.0,0.32880661996157523,0.01581952407018889,Volatile,1
80,67,38,14,15,78.14925373134328,88.0,62.285714285714285,68.0,0.32880661996157523,0.01581952407018889,Volatile,1
81,67,38,14,15,78.40298507462687,89.0,61.857142857142854,67.0,0.32880661996157523,0.015819524070188887,Volatile,1
82,67,38,14,15,78.65671641791045,90.0,61.42857142857143,66.0,0.3288066199615751,0.015819524070188887,Volatile,1
83,67,38,14,15,78.91044776119404,91.0,61.0,65.0,0.32880661996157523,0.01581952407018889,Volatile,1
84,67,38,14,15,82.44776119402985,92.0,66.28571428571429,73.33333333333333,0.3288066199615752,0.01581952407018889,Volatile,1
85,67,38,14,15,82.70149253731343,93.0,65.85714285714286,72.33333333333333,0.3288066199615751,0.01581952407018889,Volatile,1
86,67,38,14,15,82.95522388059702,94.0,65.42857142857143,71.33333333333333,0.3288066199615751,0.01581952407018889,Volatile,1
87,67,38,14,15,83.2089552238806,95.0,65.0,70.33333333333333,0.32880661996157523,0.015819524070188894,Volatile,1
88,67,38,14,15,83.46268656716418,96.0,64.57142857142857,69.33333333333333,0.3288066199615752,0.01581952407018889,Volatile,1
89,67,38,14,15,83.71641791044776,97.0,64.14285714285714,68.33333333333333,0.32880661996157523,0.015819524070188887,Volatile,1
90,67,38,14,15,83.97014925373135,98.0,63.714285714285715,67.33333333333333,0.3288066199615752,0.015819524070188887,Volatile,1
91,67,38,14,15,87.80597014925372,99.0,71.85714285714286,74.33333333333333,0.32880661996157523,0.015819524070188887,Volatile,1
92,67,38,14,15,88.05970149253731,100.0,71.42857142857143,73.33333333333333,0.3288066199615752,0.015819524070188894,Volatile,1
93,67,38,14,15,88.31343283582089,101.0,71.0,72.33333333333333,0.3288066199615752,0.015819524070188894,Volatile,1
94,67,38,14,15,88.56716417910448,102.0,70.57142857142857,71.33333333333333,0.32880661996157523,0.01581952407018889,Volatile,1
95,67,38,14,15,88.82089552238806,103.0,70.14285714285714,70.33333333333333,0.3288066199615752,0.01581952407018889,Volatile,1
96,67,38,14,15,89.07462686567165,104.0,69.71428571428571,69.33333333333333,0.3288066199615751,0.015819524070188887,Volatile,1
97,67,38,14,15,89.32835820895522,105.0,69.28571428571429,68.33333333333333,0.3288066199615751,0.01581952407018889,Volatile,1
98,67,38,14,15,92.86567164179104,106.0,74.57142857142857,76.66666666666667,0.3288066199615752,0.01581952407018889,Volatile,1
99,67,38,14,15,93.11940298507463,107.0,74.14285714285714,75.66666666666667,0.3288066199615752,0.01581952407018889,Volatile,1
100,67,38,14,15,93.3731343283582,108.0,73.71428571428571,74.66666666666667,0.3288066199615752,0.015819524070188894,Volatile,1
101,67,38,14,15,93.6268656716418,109.0,73.28571428571429,73.66666666666667,0.32880661996157523,0.015819524070188894,Volatile,1
102,67,38,14,15,93.88059701492537,110.0,72.85714285714286,72.66666666666667,0.3288066199615753,0.01581952407018889,Volatile,1
103,67,38,14,15,94.13432835820896,111.0,72.42857142857143,71.66666666666667,0.3288066199615752,0.01581952407018889,Volatile,1
104,67,38,14,15,94.38805970149254,112.0,72.0,70.66666666666667,0.3288066199615752,0.01581952407018889,Volatile,1
105,67,38,14,15,97.32835820895522,113.0,75.85714285714286,77.66666666666667,0.3288066199615752,0.015819524070188887,Volatile,1
106,67,38,14,15,97.58208955223881,114.0,75.42857142857143,76.66666666666667,0.32880661996157523,0.01581952407018889,Volatile,1
107,67,38,14,15,97.83582089552239,115.0,75.0,75.66666666666667,0.3288066199615752,0.01581952407018889,Volatile,1
108,66,38,13,15,99.57575757575758,116.0,80.3076923076923,74.66666666666667,0.3299453685766762,0.01597468257185457,Volatile,1
109,66,38,13,15,99.84848484848484,117.0,79.92307692307692,73.66666666666667,0.3299453685766762,0.01597468257185457,Volatile,1
110,66,38,13,15,100.12121212121212,118.0,79.53846153846153,72.66666666666667,0.32994536857667617,0.01597468257185457,Volatile,1
0,100,33,30,37,8.0,8.0,8.0,8.0,0.2728858958020576,0.017855753163011287,Volatile,2
1,100,33,30,37,7.76,9.0,7.333333333333333,7.0,0.2728858958020575,0.01785575316301129,Volatile,2
2,100,33,30,37,7.52,10.0,6.666666666666667,6.0,0.2728858958020575,0.017855753163011287,Volatile,2
3,100,33,30,37,7.28,11.0,6.0,5.0,0.2728858958020576,0.017855753163011287,Volatile,2
4,100,33,30,37,7.04,12.0,5.333333333333333,4.0,0.2728858958020576,0.017855753163011287,Volatile,2
5,100,33,30,37,6.8,13.0,4.666666666666667,3.0,0.2728858958020575,0.01785575316301129,Volatile,2
6,100,33,30,37,6.56,14.0,4.0,2.0,0.2728858958020576,0.017855753163011287,Volatile,2
7,100,33,30,37,11.72,15.0,11.333333333333334,9.108108108108109,0.2728858958020576,0.017855753163011287,Volatile,2
8,65,33,17,15,17.661538461538463,16.0,18.823529411764707,20.0,0.3243775164046448,0.01621589567354939,Volatile,2
9,65,33,17,15,17.83076923076923,17.0,18.41176470588235,19.0,0.32437751640464485,0.016215895673549387,Volatile,2
10,65,33,17,15,18.0,18.0,18.0,18.0,0.3243775164046448,0.016215895673549387,Volatile,2
11,65,33,17,15,18.16923076923077,19.0,17.58823529411765,17.0,0.3243775164046449,0.01621589567354939,Volatile,2
12,65,33,17,15,18.338461538461537,20.0,17.176470588235293,16.0,0.32437751640464485,0.01621589567354939,Volatile,2
13,65,33,17,15,18.50769230769231,21.0,16.764705882352942,15.0,0.3243775164046449,0.016215895673549387,Volatile,2
14,65,33,17,15,22.369230769230768,22.0,21.058823529411764,24.666666666666668,0.32437751640464485,0.01621589567354939,Volatile,2
15,65,33,17,15,22.53846153846154,23.0,20.647058823529413,23.666666666666668,0.32437751640464485,0.01621589567354939,Volatile,2
16,65,33,17,15,22.70769230769231,24.0,20.235294117647058,22.666666666666668,0.3243775164046448,0.01621589567354939,Volatile,2
17,65,33,17,15,22.876923076923077,25.0,19.823529411764707,21.666666666666668,0.32437751640464485,0.01621589567354939,Volatile,2
18,65,33,17,15,23.046153846153846,26.0,19.41176470588235,20.666666666666668,0.32437751640464485,0.01621589567354939,Volatile,2
19,65,33,17,15,23.215384615384615,27.0,19.0,19.666666666666668,0.32437751640464485,0.01621589567354939,Volatile,2
20,65,33,17,15,23.384615384615383,28.0,18.58823529411765,18.666666666666668,0.32437751640464485,0.01621589567354939,Volatile,2
21,65,33,17,15,27.861538461538462,29.0,26.41176470588235,27.0,0.32437751640464485,0.01621589567354939,Volatile,2
22,65,33,17,15,28.03076923076923,30.0,26.0,26.0,0.32437751640464485,0.016215895673549387,Volatile,2
23,65,33,17,15,28.2,31.0,25.58823529411765,25.0,0.3243775164046449,0.01621589567354939,Volatile,2
24,65,33,17,15,28.369230769230768,32.0,25.176470588235293,24.0,0.32437751640464485,0.01621589567354939,Volatile,2
25,65,33,17,15,28.53846153846154,33.0,24.764705882352942,23.0,0.32437751640464485,0.016215895673549387,Volatile,2
26,65,33,17,15,28.70769230769231,34.0,24.352941176470587,22.0,0.32437751640464485,0.01621589567354939,Volatile,2
27,65,33,17,15,28.876923076923077,35.0,23.941176470588236,21.0,0.32437751640464485,0.016215895673549387,Volatile,2
28,60,33,14,13,34.8,36.0,32.857142857142854,33.84615384615385,0.3338806660954273,0.016343996248744865,Volatile,2
29,60,33,14,13,35.06666666666667,37.0,32.57142857142857,32.84615384615385,0.3338806660954274,0.016343996248744868,Volatile,2
30,60,33,14,13,35.333333333333336,38.0,32.285714285714285,31.846153846153847,0.3338806660954274,0.016343996248744868,Volatile,2
31,60,33,14,13,35.6,39.0,32.0,30.846153846153847,0.33388066609542744,0.016343996248744868,Volatile,2
32,60,33,14,13,35.86666666666667,40.0,31.714285714285715,29.846153846153847,0.3338806660954274,0.016343996248744868,Volatile,2
33,60,33,14,13,36.13333333333333,41.0,31.428571428571427,28.846153846153847,0.3338806660954274,0.016343996248744868,Volatile,2
34,60,33,14,13,36.4,42.0,31.142857142857142,27.846153846153847,0.3338806660954273,0.016343996248744868,Volatile,2
35,60,33,14,13,41.0,43.0,38.0,39.15384615384615,0.3338806660954274,0.016343996248744868,Volatile,2
36,60,33,14,13,41.266666666666666,44.0,37.714285714285715,38.15384615384615,0.3338806660954274,0.016343996248744865,Volatile,2
37,60,33,14,13,41.53333333333333,45.0,37.42857142857143,37.15384615384615,0.3338806660954274,0.016343996248744865,Volatile,2
38,60,33,14,13,41.8,46.0,37.142857142857146,36.15384615384615,0.3338806660954274,0.016343996248744868,Volatile,2
39,60,33,14,13,42.06666666666667,47.0,36.857142857142854,35.15384615384615,0.33388066609542744,0.016343996248744868,Volatile,2
40,60,33,14,13,42.333333333333336,48.0,36.57142857142857,34.15384615384615,0.33388066609542744,0.016343996248744868,Volatile,2
41,60,33,14,13,42.6,49.0,36.285714285714285,33.15384615384615,0.3338806660954274,0.016343996248744868,Volatile,2
42,60,33,14,13,46.53333333333333,50.0,44.57142857142857,39.84615384615385,0.3338806660954274,0.016343996248744868,Volatile,2
43,60,33,14,13,46.8,51.0,44.285714285714285,38.84615384615385,0.3338806660954273,0.016343996248744868,Volatile,2
44,60,33,14,13,47.06666666666667,52.0,44.0,37.84615384615385,0.33388066609542744,0.016343996248744868,Volatile,2
45,60,33,14,13,47.333333333333336,53.0,43.714285714285715,36.84615384615385,0.3338806660954273,0.016343996248744868,Volatile,2
46,60,33,14,13,47.6,54.0,43.42857142857143,35.84615384615385,0.3338806660954273,0.016343996248744865,Volatile,2
47,60,33,14,13,47.86666666666667,55.0,43.142857142857146,34.84615384615385,0.3338806660954274,0.016343996248744868,Volatile,2
48,58,33,14,11,49.793103448275865,56.0,42.857142857142854,40.0,0.34019301568295335,0.015697466123680937,Volatile,2
49,58,33,14,11,52.172413793103445,57.0,44.0,48.09090909090909,0.34019301568295335,0.015697466123680937,Volatile,2
50,58,33,14,11,52.48275862068966,58.0,43.714285714285715,47.09090909090909,0.34019301568295335,0.01569746612368094,Volatile,2
51,58,33,14,11,52.793103448275865,59.0,43.42857142857143,46.09090909090909,0.34019301568295335,0.01569746612368094,Volatile,2
52,58,33,14,11,53.10344827586207,60.0,43.142857142857146,45.09090909090909,0.34019301568295335,0.015697466123680937,Volatile,2
53,58,33,14,11,53.41379310344828,61.0,42.857142857142854,44.09090909090909,0.34019301568295335,0.015697466123680937,Volatile,2
54,58,33,14,11,53.724137931034484,62.0,42.57142857142857,43.09090909090909,0.3401930156829533,0.015697466123680937,Volatile,2
55,58,33,14,11,54.03448275862069,63.0,42.285714285714285,42.09090909090909,0.3401930156829534,0.015697466123680937,Volatile,2
56,58,33,14,11,58.13793103448276,64.0,47.714285714285715,53.81818181818182,0.3401930156829533,0.015697466123680937,Volatile,2
57,58,33,14,11,58.44827586206897,65.0,47.42857142857143,52.81818181818182,0.34019301568295335,0.015697466123680937,Volatile,2
58,58,33,14,11,58.758620689655174,66.0,47.142857142857146,51.81818181818182,0.3401930156829534,0.015697466123680937,Volatile,2
59,58,33,14,11,59.06896551724138,67.0,46.857142857142854,50.81818181818182,0.3401930156829534,0.015697466123680937,Volatile,2
60,58,33,14,11,59.37931034482759,68.0,46.57142857142857,49.81818181818182,0.34019301568295335,0.015697466123680937,Volatile,2
61,58,33,14,11,59.689655172413794,69.0,46.285714285714285,48.81818181818182,0.34019301568295335,0.01569746612368094,Volatile,2
62,58,33,14,11,60.0,70.0,46.0,47.81818181818182,0.3401930156829534,0.015697466123680937,Volatile,2
63,58,33,14,11,62.03448275862069,71.0,47.142857142857146,54.09090909090909,0.34019301568295335,0.015697466123680937,Volatile,2
64,58,33,14,11,62.3448275862069,72.0,46.857142857142854,53.09090909090909,0.34019301568295335,0.01569746612368094,Volatile,2
65,58,33,14,11,62.6551724137931,73.0,46.57142857142857,52.09090909090909,0.34019301568295335,0.01569746612368094,Volatile,2
66,58,33,14,11,62.96551724137931,74.0,46.285714285714285,51.09090909090909,0.34019301568295335,0.015697466123680937,Volatile,2
67,58,33,14,11,63.275862068965516,75.0,46.0,50.09090909090909,0.3401930156829533,0.01569746612368094,Volatile,2
68,55,33,13,9,67.05454545454545,76.0,49.23076923076923,60.0,0.350028152290886,0.014602053393785074,Volatile,2
69,55,33,13,9,67.43636363636364,77.0,49.0,59.0,0.3500281522908861,0.014602053393785076,Volatile,2
70,55,33,13,9,72.18181818181819,78.0,58.0,71.33333333333333,0.350028152290886,0.014602053393785073,Volatile,2
71,55,33,13,9,72.56363636363636,79.0,57.76923076923077,70.33333333333333,0.3500281522908861,0.014602053393785073,Volatile,2
72,55,33,13,9,72.94545454545455,80.0,57.53846153846154,69.33333333333333,0.350028152290886,0.014602053393785074,Volatile,2
73,55,33,13,9,73.32727272727273,81.0,57.30769230769231,68.33333333333333,0.350028152290886,0.014602053393785074,Volatile,2
74,55,33,13,9,73.7090909090909,82.0,57.07692307692308,67.33333333333333,0.3500281522908862,0.014602053393785074,Volatile,2
75,55,33,13,9,74.0909090909091,83.0,56.84615384615385,66.33333333333333,0.350028152290886,0.014602053393785073,Volatile,2
76,55,33,13,9,74.47272727272727,84.0,56.61538461538461,65.33333333333333,0.350028152290886,0.014602053393785074,Volatile,2
77,55,33,13,9,77.4,85.0,61.0,73.22222222222223,0.35002815229088596,0.014602053393785078,Volatile,2
78,55,33,13,9,77.78181818181818,86.0,60.76923076923077,72.22222222222223,0.3500281522908861,0.014602053393785076,Volatile,2
79,55,33,13,9,78.16363636363636,87.0,60.53846153846154,71.22222222222223,0.35002815229088613,0.014602053393785073,Volatile,2
80,55,33,13,9,78.54545454545455,88.0,60.30769230769231,70.22222222222223,0.35002815229088613,0.014602053393785074,Volatile,2
81,55,33,13,9,78.92727272727272,89.0,60.07692307692308,69.22222222222223,0.35002815229088613,0.014602053393785076,Volatile,2
82,55,33,13,9,79.30909090909091,90.0,59.84615384615385,68.22222222222223,0.3500281522908861,0.01460205339378507,Volatile,2
83,55,33,13,9,79.69090909090909,91.0,59.61538461538461,67.22222222222223,0.35002815229088596,0.014602053393785074,Volatile,2
84,55,33,13,9,83.7090909090909,92.0,65.53846153846153,79.55555555555556,0.3500281522908861,0.014602053393785074,Volatile,2
85,55,33,13,9,84.0909090909091,93.0,65.3076923076923,78.55555555555556,0.3500281522908861,0.014602053393785074,Volatile,2
86,55,33,13,9,84.47272727272727,94.0,65.07692307692308,77.55555555555556,0.3500281522908861,0.014602053393785073,Volatile,2
87,55,33,13,9,84.85454545454546,95.0,64.84615384615384,76.55555555555556,0.350028152290886,0.014602053393785073,Volatile,2
88,55,33,13,9,85.23636363636363,96.0,64.61538461538461,75.55555555555556,0.3500281522908861,0.014602053393785073,Volatile,2
89,55,33,13,9,85.61818181818182,97.0,64.38461538461539,74.55555555555556,0.35002815229088613,0.014602053393785076,Volatile,2
90,55,33,13,9,86.0,98.0,64.15384615384616,73.55555555555556,0.3500281522908861,0.014602053393785073,Volatile,2
91,55,33,13,9,90.01818181818182,99.0,73.15384615384616,81.44444444444444,0.3500281522908861,0.014602053393785076,Volatile,2
92,55,33,13,9,90.4,100.0,72.92307692307692,80.44444444444444,0.35002815229088613,0.014602053393785073,Volatile,2
93,55,33,13,9,90.78181818181818,101.0,72.6923076923077,79.44444444444444,0.3500281522908861,0.014602053393785076,Volatile,2
94,55,33,13,9,91.16363636363636,102.0,72.46153846153847,78.44444444444444,0.3500281522908861,0.014602053393785073,Volatile,2
95,55,33,13,9,91.54545454545455,103.0,72.23076923076923,77.44444444444444,0.350028152290886,0.014602053393785076,Volatile,2
96,55,33,13,9,91.92727272727272,104.0,72.0,76.44444444444444,0.3500281522908861,0.014602053393785074,Volatile,2
97,55,33,13,9,92.30909090909091,105.0,71.76923076923077,75.44444444444444,0.35002815229088613,0.014602053393785074,Volatile,2
98,55,33,13,9,95.96363636363637,106.0,82.3076923076923,78.88888888888889,0.3500281522908861,0.014602053393785074,Volatile,2
99,55,33,13,9,96.34545454545454,107.0,82.07692307692308,77.88888888888889,0.3500281522908861,0.014602053393785073,Volatile,2
100,55,33,13,9,96.72727272727273,108.0,81.84615384615384,76.88888888888889,0.3500281522908862,0.014602053393785076,Volatile,2
101,55,33,13,9,97.10909090909091,109.0,81.61538461538461,75.88888888888889,0.3500281522908861,0.014602053393785073,Volatile,2
102,55,33,13,9,97.49090909090908,110.0,81.38461538461539,74.88888888888889,0.3500281522908861,0.014602053393785074,Volatile,2
103,55,33,13,9,97.87272727272727,111.0,81.15384615384616,73.88888888888889,0.350028152290886,0.014602053393785074,Volatile,2
104,55,33,13,9,98.25454545454545,112.0,80.92307692307692,72.88888888888889,0.3500281522908862,0.014602053393785074,Volatile,2
105,55,33,13,9,100.0909090909091,113.0,83.76923076923077,76.33333333333333,0.35002815229088596,0.014602053393785074,Volatile,2
106,55,33,13,9,100.47272727272727,114.0,83.53846153846153,75.33333333333333,0.3500281522908861,0.014602053393785074,Volatile,2
107,55,33,13,9,100.85454545454546,115.0,83.3076923076923,74.33333333333333,0.350028152290886,0.014602053393785074,Volatile,2
108,55,33,13,9,101.23636363636363,116.0,83.07692307692308,73.33333333333333,0.3500281522908861,0.014602053393785074,Volatile,2
109,55,33,13,9,101.61818181818182,117.0,82.84615384615384,72.33333333333333,0.3500281522908861,0.014602053393785076,Volatile,2
110,55,33,13,9,102.0,118.0,82.61538461538461,71.33333333333333,0.3500281522908861,0.014602053393785076,Volatile,2
0,100,33,33,34,8.0,8.0,8.0,8.0,0.26543922044925894,0.01649578758521552,Volatile,3
1,100,33,33,34,7.74,9.0,7.242424242424242,7.0,0.26543922044925894,0.01649578758521552,Volatile,3
2,100,33,33,34,7.48,10.0,6.484848484848484,6.0,0.26543922044925894,0.01649578758521552,Volatile,3
3,100,33,33,34,7.22,11.0,5.7272727272727275,5.0,0.2654392204492589,0.016495787585215523,Volatile,3
4,100,33,33,34,6.96,12.0,4.96969696969697,4.0,0.26543922044925894,0.01649578758521552,Volatile,3
5,100,33,33,34,6.7,13.0,4.212121212121212,3.0,0.26543922044925894,0.016495787585215527,Volatile,3
6,100,33,33,34,6.44,14.0,3.4545454545454546,2.0,0.26543922044925894,0.01649578758521552,Volatile,3
7,100,33,33,34,12.38,15.0,11.181818181818182,11.0,0.26543922044925894,0.01649578758521552,Volatile,3
8,68,33,18,17,17.823529411764707,16.0,19.11111111111111,20.0,0.3052329518906617,0.016427124367905246,Volatile,3
9,68,33,18,17,17.91176470588235,17.0,18.555555555555557,19.0,0.30523295189066174,0.01642712436790525,Volatile,3
10,68,33,18,17,18.0,18.0,18.0,18.0,0.3052329518906617,0.016427124367905242,Volatile,3
11,68,33,18,17,18.08823529411765,19.0,17.444444444444443,17.0,0.3052329518906617,0.016427124367905246,Volatile,3
12,68,33,18,17,18.176470588235293,20.0,16.88888888888889,16.0,0.30523295189066174,0.016427124367905246,Volatile,3
13,68,33,18,17,18.264705882352942,21.0,16.333333333333332,15.0,0.30523295189066163,0.01642712436790525,Volatile,3
14,68,33,18,17,22.176470588235293,22.0,21.333333333333332,23.41176470588235,0.3052329518906617,0.016427124367905242,Volatile,3
15,68,33,18,17,22.264705882352942,23.0,20.77777777777778,22.41176470588235,0.30523295189066174,0.016427124367905246,Volatile,3
16,68,33,18,17,22.352941176470587,24.0,20.22222222222222,21.41176470588235,0.30523295189066174,0.016427124367905246,Volatile,3
17,68,33,18,17,22.441176470588236,25.0,19.666666666666668,20.41176470588235,0.3052329518906617,0.016427124367905242,Volatile,3
18,68,33,18,17,22.529411764705884,26.0,19.11111111111111,19.41176470588235,0.30523295189066174,0.016427124367905246,Volatile,3
19,68,33,18,17,22.61764705882353,27.0,18.555555555555557,18.41176470588235,0.3052329518906617,0.01642712436790525,Volatile,3
20,68,33,18,17,22.705882352941178,28.0,18.0,17.41176470588235,0.3052329518906617,0.016427124367905242,Volatile,3
21,68,33,18,17,26.61764705882353,29.0,25.22222222222222,23.470588235294116,0.30523295189066174,0.016427124367905246,Volatile,3
22,68,33,18,17,26.705882352941178,30.0,24.666666666666668,22.470588235294116,0.3052329518906617,0.01642712436790525,Volatile,3
23,68,33,18,17,26.794117647058822,31.0,24.11111111111111,21.470588235294116,0.30523295189066174,0.016427124367905242,Volatile,3
24,68,33,18,17,26.88235294117647,32.0,23.555555555555557,20.470588235294116,0.30523295189066174,0.016427124367905246,Volatile,3
25,68,33,18,17,26.970588235294116,33.0,23.0,19.470588235294116,0.3052329518906617,0.016427124367905246,Volatile,3
26,68,33,18,17,27.058823529411764,34.0,22.444444444444443,18.470588235294116,0.30523295189066174,0.01642712436790525,Volatile,3
27,68,33,18,17,27.147058823529413,35.0,21.88888888888889,17.470588235294116,0.30523295189066174,0.016427124367905246,Volatile,3
28,58,33,13,12,35.37931034482759,36.0,38.76923076923077,30.0,0.32410987367262495,0.015659483803557715,Volatile,3
29,58,33,13,12,35.6551724137931,37.0,38.38461538461539,29.0,0.324109873672625,0.015659483803557715,Volatile,3
30,58,33,13,12,35.93103448275862,38.0,38.0,28.0,0.324109873672625,0.015659483803557715,Volatile,3
31,58,33,13,12,36.206896551724135,39.0,37.61538461538461,27.0,0.324109873672625,0.015659483803557715,Volatile,3
32,58,33,13,12,36.48275862068966,40.0,37.23076923076923,26.0,0.32410987367262506,0.015659483803557715,Volatile,3
33,58,33,13,12,36.758620689655174,41.0,36.84615384615385,25.0,0.324109873672625,0.015659483803557715,Volatile,3
34,58,33,13,12,37.03448275862069,42.0,36.46153846153846,24.0,0.324109873672625,0.015659483803557715,Volatile,3
35,58,33,13,12,41.10344827586207,43.0,43.76923076923077,33.0,0.324109873672625,0.015659483803557715,Volatile,3
36,58,33,13,12,41.37931034482759,44.0,43.38461538461539,32.0,0.324109873672625,0.015659483803557715,Volatile,3
37,58,33,13,12,41.6551724137931,45.0,43.0,31.0,0.32410987367262495,0.01565948380355772,Volatile,3
38,58,33,13,12,41.93103448275862,46.0,42.61538461538461,30.0,0.32410987367262495,0.015659483803557715,Volatile,3
39,58,33,13,12,42.206896551724135,47.0,42.23076923076923,29.0,0.32410987367262495,0.015659483803557715,Volatile,3
40,58,33,13,12,42.48275862068966,48.0,41.84615384615385,28.0,0.324109873672625,0.015659483803557715,Volatile,3
41,58,33,13,12,42.758620689655174,49.0,41.46153846153846,27.0,0.324109873672625,0.015659483803557715,Volatile,3
42,58,33,13,12,47.51724137931034,50.0,51.84615384615385,36.0,0.324109873672625,0.015659483803557715,Volatile,3
43,58,33,13,12,47.793103448275865,51.0,51.46153846153846,35.0,0.32410987367262495,0.015659483803557715,Volatile,3
44,58,33,13,12,48.06896551724138,52.0,51.07692307692308,34.0,0.324109873672625,0.015659483803557715,Volatile,3
45,58,33,13,12,48.3448275862069,53.0,50.69230769230769,33.0,0.324109873672625,0.015659483803557715,Volatile,3
46,58,33,13,12,48.62068965517241,54.0,50.30769230769231,32.0,0.32410987367262495,0.01565948380355772,Volatile,3
47,58,33,13,12,48.89655172413793,55.0,49.92307692307692,31.0,0.324109873672625,0.015659483803557715,Volatile,3
48,56,33,13,10,50.92857142857143,56.0,49.53846153846154,36.0,0.331647929418181,0.01443092248515348,Volatile,3
49,56,33,13,10,55.892857142857146,57.0,61.46153846153846,45.0,0.331647929418181,0.01443092248515348,Volatile,3
50,56,33,13,10,56.214285714285715,58.0,61.07692307692308,44.0,0.331647929418181,0.01443092248515348,Volatile,3
51,56,33,13,10,56.535714285714285,59.0,60.69230769230769,43.0,0.331647929418181,0.014430922485153482,Volatile,3
52,56,33,13,10,56.857142857142854,60.0,60.30769230769231,42.0,0.331647929418181,0.01443092248515348,Volatile,3
53,56,33,13,10,57.17857142857143,61.0,59.92307692307692,41.0,0.33164792941818105,0.01443092248515348,Volatile,3
54,56,33,13,10,57.5,62.0,59.53846153846154,40.0,0.331647929418181,0.01443092248515348,Volatile,3
55,56,33,13,10,57.82142857142857,63.0,59.15384615384615,39.0,0.331647929418181,0.014430922485153482,Volatile,3
56,56,33,13,10,60.642857142857146,64.0,64.92307692307692,44.0,0.331647929418181,0.01443092248515348,Volatile,3
57,56,33,13,10,60.964285714285715,65.0,64.53846153846153,43.0,0.331647929418181,0.01443092248515348,Volatile,3
58,56,33,13,10,61.285714285714285,66.0,64.15384615384616,42.0,0.33164792941818105,0.01443092248515348,Volatile,3
59,56,33,13,10,61.607142857142854,67.0,63.76923076923077,41.0,0.331647929418181,0.01443092248515348,Volatile,3
60,56,33,13,10,61.92857142857143,68.0,63.38461538461539,40.0,0.33164792941818105,0.014430922485153482,Volatile,3
61,56,33,13,10,62.25,69.0,63.0,39.0,0.331647929418181,0.01443092248515348,Volatile,3
62,56,33,13,10,62.57142857142857,70.0,62.61538461538461,38.0,0.331647929418181,0.01443092248515348,Volatile,3
63,56,33,13,10,66.10714285714286,71.0,69.92307692307692,45.0,0.33164792941818105,0.01443092248515348,Volatile,3
64,56,33,13,10,66.42857142857143,72.0,69.53846153846153,44.0,0.331647929418181,0.014430922485153482,Volatile,3
65,56,33,13,10,66.75,73.0,69.15384615384616,43.0,0.331647929418181,0.01443092248515348,Volatile,3
66,56,33,13,10,67.07142857142857,74.0,68.76923076923077,42.0,0.331647929418181,0.01443092248515348,Volatile,3
67,56,33,13,10,67.39285714285714,75.0,68.38461538461539,41.0,0.331647929418181,0.01443092248515348,Volatile,3
68,54,33,13,8,70.22222222222223,76.0,68.0,50.0,0.3411466373996043,0.012399194832283624,Volatile,3
69,54,33,13,8,70.5925925925926,77.0,67.61538461538461,49.0,0.34114663739960444,0.012399194832283621,Volatile,3
70,54,33,13,8,75.03703703703704,78.0,76.46153846153847,60.5,0.3411466373996045,0.01239919483228362,Volatile,3
71,54,33,13,8,75.4074074074074,79.0,76.07692307692308,59.5,0.3411466373996043,0.012399194832283624,Volatile,3
72,54,33,13,8,75.77777777777777,80.0,75.6923076923077,58.5,0.3411466373996043,0.012399194832283624,Volatile,3
73,54,33,13,8,76.14814814814815,81.0,75.3076923076923,57.5,0.34114663739960444,0.012399194832283621,Volatile,3
74,54,33,13,8,76.51851851851852,82.0,74.92307692307692,56.5,0.3411466373996043,0.012399194832283624,Volatile,3
75,54,33,13,8,76.88888888888889,83.0,74.53846153846153,55.5,0.3411466373996045,0.012399194832283624,Volatile,3
76,54,33,13,8,77.25925925925925,84.0,74.15384615384616,54.5,0.34114663739960444,0.012399194832283621,Volatile,3
77,54,33,13,8,80.5925925925926,85.0,79.92307692307692,63.5,0.34114663739960444,0.012399194832283621,Volatile,3
78,54,33,13,8,80.96296296296296,86.0,79.53846153846153,62.5,0.3411466373996043,0.012399194832283621,Volatile,3
79,54,33,13,8,81.33333333333333,87.0,79.15384615384616,61.5,0.34114663739960444,0.012399194832283621,Volatile,3
80,54,33,13,8,81.70370370370371,88.0,78.76923076923077,60.5,0.34114663739960427,0.012399194832283624,Volatile,3
81,54,33,13,8,82.07407407407408,89.0,78.38461538461539,59.5,0.3411466373996043,0.012399194832283621,Volatile,3
82,54,33,13,8,82.44444444444444,90.0,78.0,58.5,0.34114663739960444,0.012399194832283621,Volatile,3
83,54,33,13,8,82.81481481481481,91.0,77.61538461538461,57.5,0.3411466373996043,0.012399194832283626,Volatile,3
84,54,33,13,8,87.62962962962963,92.0,84.92307692307692,74.0,0.3411466373996043,0.012399194832283621,Volatile,3
85,54,33,13,8,88.0,93.0,84.53846153846153,73.0,0.34114663739960427,0.012399194832283621,Volatile,3
86,54,33,13,8,88.37037037037037,94.0,84.15384615384616,72.0,0.3411466373996043,0.012399194832283624,Volatile,3
87,54,33,13,8,88.74074074074075,95.0,83.76923076923077,71.0,0.3411466373996043,0.012399194832283624,Volatile,3
88,54,33,13,8,89.11111111111111,96.0,83.38461538461539,70.0,0.34114663739960444,0.012399194832283624,Volatile,3
89,54,33,13,8,89.48148148148148,97.0,83.0,69.0,0.34114663739960444,0.01239919483228362,Volatile,3
90,54,33,13,8,89.85185185185185,98.0,82.61538461538461,68.0,0.3411466373996043,0.012399194832283626,Volatile,3
91,54,33,13,8,92.81481481481481,99.0,86.84615384615384,77.0,0.3411466373996043,0.012399194832283621,Volatile,3
92,54,33,13,8,93.18518518518519,100.0,86.46153846153847,76.0,0.34114663739960444,0.012399194832283624,Volatile,3
93,54,33,13,8,93.55555555555556,101.0,86.07692307692308,75.0,0.34114663739960444,0.012399194832283621,Volatile,3
94,54,33,13,8,93.92592592592592,102.0,85.6923076923077,74.0,0.3411466373996045,0.012399194832283624,Volatile,3
95,54,33,13,8,94.29629629629629,103.0,85.3076923076923,73.0,0.34114663739960444,0.012399194832283624,Volatile,3
96,54,33,13,8,94.66666666666667,104.0,84.92307692307692,72.0,0.3411466373996043,0.012399194832283621,Volatile,3
97,54,33,13,8,95.03703703703704,105.0,84.53846153846153,71.0,0.3411466373996045,0.012399194832283624,Volatile,3
98,54,33,13,8,98.0,106.0,90.3076923076923,77.5,0.34114663739960444,0.012399194832283621,Volatile,3
99,54,33,13,8,98.37037037037037,107.0,89.92307692307692,76.5,0.3411466373996043,0.012399194832283626,Volatile,3
100,54,33,13,8,98.74074074074075,108.0,89.53846153846153,75.5,0.34114663739960427,0.012399194832283624,Volatile,3
101,54,33,13,8,99.11111111111111,109.0,89.15384615384616,74.5,0.3411466373996043,0.012399194832283624,Volatile,3
102,54,33,13,8,99.48148148148148,110.0,88.76923076923077,73.5,0.34114663739960444,0.012399194832283624,Volatile,3
103,54,33,13,8,99.85185185185185,111.0,88.38461538461539,72.5,0.3411466373996043,0.012399194832283624,Volatile,3
104,54,33,13,8,100.22222222222223,112.0,88.0,71.5,0.3411466373996043,0.012399194832283626,Volatile,3
105,54,33,13,8,103.55555555555556,113.0,93.76923076923077,80.5,0.34114663739960444,0.012399194832283624,Volatile,3
106,54,33,13,8,103.92592592592592,114.0,93.38461538461539,79.5,0.34114663739960444,0.012399194832283621,Volatile,3
107,54,33,13,8,104.29629629629629,115.0,93.0,78.5,0.34114663739960444,0.012399194832283626,Volatile,3
108,54,33,13,8,104.66666666666667,116.0,92.61538461538461,77.5,0.3411466373996043,0.012399194832283626,Volatile,3
109,54,33,13,8,105.03703703703704,117.0,92.23076923076923,76.5,0.3411466373996043,0.012399194832283626,Volatile,3
110,54,33,13,8,105.4074074074074,118.0,91.84615384615384,75.5,0.34114663739960427,0.012399194832283624,Volatile,3
0,100,36,36,28,8.0,8.0,8.0,8.0,0.28951520192047114,0.017185061608335828,Volatile,4
1,100,36,36,28,7.86,9.0,7.388888888888889,7.0,0.28951520192047114,0.017185061608335828,Volatile,4
2,100,36,36,28,7.72,10.0,6.777777777777778,6.0,0.2895152019204712,0.017185061608335828,Volatile,4
3,100,36,36,28,7.58,11.0,6.166666666666667,5.0,0.28951520192047114,0.017185061608335824,Volatile,4
4,100,36,36,28,7.44,12.0,5.555555555555555,4.0,0.2895152019204712,0.017185061608335824,Volatile,4
5,100,36,36,28,7.3,13.0,4.944444444444445,3.0,0.28951520192047114,0.017185061608335828,Volatile,4
6,100,36,36,28,7.16,14.0,4.333333333333333,2.0,0.28951520192047114,0.017185061608335828,Volatile,4
7,100,36,36,28,13.02,15.0,12.61111111111111,11.0,0.28951520192047114,0.01718506160833583,Volatile,4
8,73,36,23,14,17.643835616438356,16.0,18.782608695652176,20.0,0.3304770978698909,0.0146726894738885,Volatile,4
9,73,36,23,14,17.82191780821918,17.0,18.391304347826086,19.0,0.3304770978698909,0.014672689473888497,Volatile,4
10,73,36,23,14,18.0,18.0,18.0,18.0,0.3304770978698909,0.0146726894738885,Volatile,4
11,73,36,23,14,18.17808219178082,19.0,17.608695652173914,17.0,0.3304770978698909,0.0146726894738885,Volatile,4
12,73,36,23,14,18.356164383561644,20.0,17.217391304347824,16.0,0.3304770978698909,0.014672689473888497,Volatile,4
13,73,36,23,14,18.534246575342465,21.0,16.82608695652174,15.0,0.3304770978698909,0.014672689473888497,Volatile,4
14,73,36,23,14,22.0,22.0,21.652173913043477,22.571428571428573,0.3304770978698909,0.0146726894738885,Volatile,4
15,73,36,23,14,22.17808219178082,23.0,21.26086956521739,21.571428571428573,0.3304770978698909,0.0146726894738885,Volatile,4
16,73,36,23,14,22.356164383561644,24.0,20.869565217391305,20.571428571428573,0.3304770978698909,0.014672689473888497,Volatile,4
17,73,36,23,14,22.534246575342465,25.0,20.47826086956522,19.571428571428573,0.3304770978698909,0.014672689473888497,Volatile,4
18,73,36,23,14,22.71232876712329,26.0,20.08695652173913,18.571428571428573,0.33047709786989093,0.014672689473888497,Volatile,4
19,73,36,23,14,22.89041095890411,27.0,19.695652173913043,17.571428571428573,0.3304770978698909,0.014672689473888497,Volatile,4
20,73,36,23,14,23.068493150684933,28.0,19.304347826086957,16.571428571428573,0.3304770978698909,0.014672689473888497,Volatile,4
21,73,36,23,14,27.356164383561644,29.0,24.130434782608695,28.428571428571427,0.3304770978698909,0.0146726894738885,Volatile,4
22,73,36,23,14,27.534246575342465,30.0,23.73913043478261,27.428571428571427,0.3304770978698909,0.0146726894738885,Volatile,4
23,73,36,23,14,27.71232876712329,31.0,23.347826086956523,26.428571428571427,0.3304770978698909,0.014672689473888497,Volatile,4
24,73,36,23,14,27.89041095890411,32.0,22.956521739130434,25.428571428571427,0.3304770978698909,0.0146726894738885,Volatile,4
25,73,36,23,14,28.068493150684933,33.0,22.565217391304348,24.428571428571427,0.3304770978698909,0.0146726894738885,Volatile,4
26,73,36,23,14,28.246575342465754,34.0,22.17391304347826,23.428571428571427,0.3304770978698909,0.0146726894738885,Volatile,4
27,73,36,23,14,28.424657534246574,35.0,21.782608695652176,22.428571428571427,0.3304770978698909,0.014672689473888497,Volatile,4
28,64,36,18,10,35.75,36.0,36.22222222222222,34.0,0.34718879185088486,0.013112627882848548,Volatile,4
29,64,36,18,10,36.09375,37.0,36.0,33.0,0.3471887918508848,0.013112627882848546,Volatile,4
30,64,36,18,10,36.4375,38.0,35.77777777777778,32.0,0.34718879185088486,0.013112627882848548,Volatile,4
31,64,36,18,10,36.78125,39.0,35.55555555555556,31.0,0.34718879185088486,0.013112627882848548,Volatile,4
32,64,36,18,10,37.125,40.0,35.333333333333336,30.0,0.34718879185088486,0.013112627882848548,Volatile,4
33,64,36,18,10,37.46875,41.0,35.111111111111114,29.0,0.3471887918508848,0.013112627882848548,Volatile,4
34,64,36,18,10,37.8125,42.0,34.888888888888886,28.0,0.3471887918508848,0.013112627882848548,Volatile,4
35,64,36,18,10,42.53125,43.0,41.333333333333336,43.0,0.34718879185088486,0.013112627882848548,Volatile,4
36,64,36,18,10,42.875,44.0,41.111111111111114,42.0,0.3471887918508848,0.013112627882848546,Volatile,4
37,64,36,18,10,43.21875,45.0,40.888888888888886,41.0,0.34718879185088486,0.013112627882848548,Volatile,4
38,64,36,18,10,43.5625,46.0,40.666666666666664,40.0,0.3471887918508848,0.013112627882848546,Volatile,4
39,64,36,18,10,43.90625,47.0,40.44444444444444,39.0,0.34718879185088486,0.01311262788284855,Volatile,4
40,64,36,18,10,44.25,48.0,40.22222222222222,38.0,0.3471887918508848,0.013112627882848548,Volatile,4
41,64,36,18,10,44.59375,49.0,40.0,37.0,0.3471887918508848,0.013112627882848548,Volatile,4
42,64,36,18,10,49.0,50.0,49.77777777777778,44.0,0.34718879185088486,0.013112627882848548,Volatile,4
43,64,36,18,10,49.34375,51.0,49.55555555555556,43.0,0.34718879185088486,0.013112627882848548,Volatile,4
44,64,36,18,10,49.6875,52.0,49.333333333333336,42.0,0.3471887918508848,0.013112627882848548,Volatile,4
45,64,36,18,10,50.03125,53.0,49.111111111111114,41.0,0.3471887918508848,0.013112627882848548,Volatile,4
46,64,36,18,10,50.375,54.0,48.888888888888886,40.0,0.34718879185088486,0.013112627882848548,Volatile,4
47,64,36,18,10,50.71875,55.0,48.666666666666664,39.0,0.3471887918508848,0.013112627882848548,Volatile,4
48,63,36,17,10,51.87301587301587,56.0,51.294117647058826,38.0,0.34787806021553236,0.013293225648344042,Volatile,4
49,63,36,17,10,55.41269841269841,57.0,57.0,47.0,0.3478780602155324,0.013293225648344042,Volatile,4
50,63,36,17,10,55.77777777777778,58.0,56.8235294117647,46.0,0.3478780602155324,0.013293225648344042,Volatile,4
51,63,36,17,10,56.142857142857146,59.0,56.64705882352941,45.0,0.3478780602155324,0.013293225648344042,Volatile,4
52,63,36,17,10,56.507936507936506,60.0,56.470588235294116,44.0,0.3478780602155324,0.013293225648344042,Volatile,4
53,63,36,17,10,56.87301587301587,61.0,56.294117647058826,43.0,0.3478780602155324,0.013293225648344039,Volatile,4
54,63,36,17,10,57.23809523809524,62.0,56.11764705882353,42.0,0.34787806021553247,0.01329322564834404,Volatile,4
55,63,36,17,10,57.6031746031746,63.0,55.94117647058823,41.0,0.3478780602155324,0.013293225648344042,Volatile,4
56,63,36,17,10,62.095238095238095,64.0,62.8235294117647,54.0,0.34787806021553247,0.01329322564834404,Volatile,4
57,63,36,17,10,62.46031746031746,65.0,62.64705882352941,53.0,0.34787806021553247,0.01329322564834404,Volatile,4
58,63,36,17,10,62.82539682539682,66.0,62.470588235294116,52.0,0.3478780602155324,0.01329322564834404,Volatile,4
59,63,36,17,10,63.19047619047619,67.0,62.294117647058826,51.0,0.34787806021553247,0.013293225648344035,Volatile,4
60,63,36,17,10,63.55555555555556,68.0,62.11764705882353,50.0,0.3478780602155324,0.013293225648344044,Volatile,4
61,63,36,17,10,63.92063492063492,69.0,61.94117647058823,49.0,0.3478780602155324,0.01329322564834404,Volatile,4
62,63,36,17,10,64.28571428571429,70.0,61.76470588235294,48.0,0.3478780602155324,0.01329322564834404,Volatile,4
63,63,36,17,10,68.46031746031746,71.0,71.0,55.0,0.34787806021553236,0.013293225648344039,Volatile,4
64,63,36,17,10,68.82539682539682,72.0,70.82352941176471,54.0,0.34787806021553247,0.013293225648344042,Volatile,4
65,63,36,17,10,69.19047619047619,73.0,70.6470588235294,53.0,0.34787806021553236,0.013293225648344042,Volatile,4
66,63,36,17,10,69.55555555555556,74.0,70.47058823529412,52.0,0.3478780602155324,0.013293225648344042,Volatile,4
67,63,36,17,10,69.92063492063492,75.0,70.29411764705883,51.0,0.34787806021553247,0.01329322564834404,Volatile,4
68,63,36,17,10,70.28571428571429,76.0,70.11764705882354,50.0,0.3478780602155324,0.013293225648344042,Volatile,4
69,63,36,17,10,70.65079365079364,77.0,69.94117647058823,49.0,0.3478780602155324,0.01329322564834404,Volatile,4
70,63,36,17,10,73.55555555555556,78.0,75.6470588235294,54.0,0.34787806021553236,0.013293225648344044,Volatile,4
71,63,36,17,10,73.92063492063492,79.0,75.47058823529412,53.0,0.34787806021553236,0.01329322564834404,Volatile,4
72,63,36,17,10,74.28571428571429,80.0,75.29411764705883,52.0,0.3478780602155324,0.013293225648344039,Volatile,4
73,63,36,17,10,74.65079365079364,81.0,75.11764705882354,51.0,0.3478780602155324,0.013293225648344042,Volatile,4
74,63,36,17,10,75.01587301587301,82.0,74.94117647058823,50.0,0.34787806021553247,0.013293225648344039,Volatile,4
75,63,36,17,10,75.38095238095238,83.0,74.76470588235294,49.0,0.3478780602155324,0.01329322564834404,Volatile,4
76,63,36,17,10,75.74603174603175,84.0,74.58823529411765,48.0,0.3478780602155324,0.013293225648344042,Volatile,4
77,63,36,17,10,79.28571428571429,85.0,77.94117647058823,61.0,0.3478780602155324,0.01329322564834404,Volatile,4
78,63,36,17,10,79.65079365079364,86.0,77.76470588235294,60.0,0.3478780602155324,0.013293225648344042,Volatile,4
79,63,36,17,10,80.01587301587301,87.0,77.58823529411765,59.0,0.34787806021553236,0.013293225648344042,Volatile,4
80,63,36,17,10,80.38095238095238,88.0,77.41176470588235,58.0,0.34787806021553247,0.01329322564834404,Volatile,4
81,63,36,17,10,80.74603174603175,89.0,77.23529411764706,57.0,0.3478780602155324,0.013293225648344042,Volatile,4
82,63,36,17,10,81.11111111111111,90.0,77.05882352941177,56.0,0.3478780602155324,0.01329322564834404,Volatile,4
83,63,36,17,10,81.47619047619048,91.0,76.88235294117646,55.0,0.34787806021553236,0.013293225648344042,Volatile,4
84,63,36,17,10,84.38095238095238,92.0,82.58823529411765,60.0,0.3478780602155324,0.013293225648344042,Volatile,4
85,63,36,17,10,84.74603174603175,93.0,82.41176470588235,59.0,0.34787806021553236,0.013293225648344042,Volatile,4
86,63,36,17,10,85.11111111111111,94.0,82.23529411764706,58.0,0.3478780602155324,0.013293225648344042,Volatile,4
87,63,36,17,10,85.47619047619048,95.0,82.05882352941177,57.0,0.3478780602155324,0.01329322564834404,Volatile,4
88,62,36,17,9,87.2258064516129,96.0,81.88235294117646,62.22222222222222,0.351187954663986,0.012809642506166348,Volatile,4
89,62,36,17,9,87.61290322580645,97.0,81.70588235294117,61.22222222222222,0.35118795466398595,0.012809642506166348,Volatile,4
90,62,36,17,9,88.0,98.0,81.52941176470588,60.22222222222222,0.35118795466398606,0.01280964250616635,Volatile,4
91,62,36,17,9,91.29032258064517,99.0,87.23529411764706,68.11111111111111,0.351187954663986,0.012809642506166348,Volatile,4
92,62,36,17,9,91.6774193548387,100.0,87.05882352941177,67.11111111111111,0.35118795466398595,0.012809642506166351,Volatile,4
93,62,36,17,9,92.06451612903226,101.0,86.88235294117646,66.11111111111111,0.351187954663986,0.01280964250616635,Volatile,4
94,62,36,17,9,92.45161290322581,102.0,86.70588235294117,65.11111111111111,0.351187954663986,0.012809642506166348,Volatile,4
95,62,36,17,9,92.83870967741936,103.0,86.52941176470588,64.11111111111111,0.35118795466398595,0.012809642506166348,Volatile,4
96,62,36,17,9,93.2258064516129,104.0,86.3529411764706,63.111111111111114,0.35118795466398595,0.012809642506166351,Volatile,4
97,62,36,17,9,93.61290322580645,105.0,86.17647058823529,62.111111111111114,0.35118795466398606,0.012809642506166348,Volatile,4
98,62,36,17,9,97.87096774193549,106.0,95.41176470588235,70.0,0.351187954663986,0.012809642506166348,Volatile,4
99,62,36,17,9,98.25806451612904,107.0,95.23529411764706,69.0,0.351187954663986,0.01280964250616635,Volatile,4
100,62,36,17,9,98.64516129032258,108.0,95.05882352941177,68.0,0.3511879546639859,0.01280964250616635,Volatile,4
101,62,36,17,9,99.03225806451613,109.0,94.88235294117646,67.0,0.35118795466398595,0.012809642506166348,Volatile,4
102,62,36,17,9,99.41935483870968,110.0,94.70588235294117,66.0,0.351187954663986,0.012809642506166348,Volatile,4
103,62,36,17,9,99.80645161290323,111.0,94.52941176470588,65.0,0.3511879546639859,0.012809642506166346,Volatile,4
104,62,36,17,9,100.19354838709677,112.0,94.3529411764706,64.0,0.35118795466398595,0.012809642506166348,Volatile,4
105,62,36,17,9,103.80645161290323,113.0,102.41176470588235,69.66666666666667,0.351187954663986,0.012809642506166348,Volatile,4
106,62,36,17,9,104.19354838709677,114.0,102.23529411764706,68.66666666666667,0.35118795466398595,0.01280964250616635,Volatile,4
107,62,36,17,9,104.58064516129032,115.0,102.05882352941177,67.66666666666667,0.35118795466398595,0.01280964250616635,Volatile,4
108,62,36,17,9,104.96774193548387,116.0,101.88235294117646,66.66666666666667,0.351187954663986,0.012809642506166348,Volatile,4
109,62,36,17,9,105.35483870967742,117.0,101.70588235294117,65.66666666666667,0.35118795466398595,0.012809642506166348,Volatile,4
110,62,36,17,9,105.74193548387096,118.0,101.52941176470588,64.66666666666667,0.35118795466398606,0.01280964250616635,Volatile,4
0,100,35,37,28,8.0,8.0,8.0,8.0,0.28556599456778486,0.01657496017116259,Volatile,5
1,100,35,37,28,7.88,9.0,7.486486486486487,7.0,0.28556599456778486,0.016574960171162587,Volatile,5
2,100,35,37,28,7.76,10.0,6.972972972972973,6.0,0.28556599456778486,0.01657496017116259,Volatile,5
3,100,35,37,28,7.64,11.0,6.45945945945946,5.0,0.28556599456778486,0.01657496017116259,Volatile,5
4,100,35,37,28,7.52,12.0,5.945945945945946,4.0,0.2855659945677848,0.01657496017116259,Volatile,5
5,100,35,37,28,7.4,13.0,5.4324324324324325,3.0,0.28556599456778486,0.016574960171162587,Volatile,5
6,100,35,37,28,7.28,14.0,4.918918918918919,2.0,0.28556599456778486,0.01657496017116259,Volatile,5
7,100,35,37,28,12.76,15.0,11.972972972972974,11.0,0.2855659945677849,0.016574960171162587,Volatile,5
8,72,35,23,14,17.555555555555557,16.0,18.434782608695652,20.0,0.3261139407236693,0.014563473503949367,Volatile,5
9,72,35,23,14,17.77777777777778,17.0,18.217391304347824,19.0,0.3261139407236693,0.014563473503949367,Volatile,5
10,72,35,23,14,18.0,18.0,18.0,18.0,0.3261139407236693,0.01456347350394937,Volatile,5
11,72,35,23,14,18.22222222222222,19.0,17.782608695652176,17.0,0.3261139407236693,0.01456347350394937,Volatile,5
12,72,35,23,14,18.444444444444443,20.0,17.565217391304348,16.0,0.3261139407236693,0.01456347350394937,Volatile,5
13,72,35,23,14,18.666666666666668,21.0,17.347826086956523,15.0,0.3261139407236693,0.01456347350394937,Volatile,5
14,72,35,23,14,23.61111111111111,22.0,23.217391304347824,28.285714285714285,0.3261139407236693,0.01456347350394937,Volatile,5
15,72,35,23,14,23.833333333333332,23.0,23.0,27.285714285714285,0.3261139407236693,0.01456347350394937,Volatile,5
16,72,35,23,14,24.055555555555557,24.0,22.782608695652176,26.285714285714285,0.3261139407236693,0.01456347350394937,Volatile,5
17,72,35,23,14,24.27777777777778,25.0,22.565217391304348,25.285714285714285,0.3261139407236693,0.01456347350394937,Volatile,5
18,72,35,23,14,24.5,26.0,22.347826086956523,24.285714285714285,0.3261139407236693,0.01456347350394937,Volatile,5
19,72,35,23,14,24.72222222222222,27.0,22.130434782608695,23.285714285714285,0.3261139407236693,0.01456347350394937,Volatile,5
20,72,35,23,14,24.944444444444443,28.0,21.91304347826087,22.285714285714285,0.3261139407236693,0.01456347350394937,Volatile,5
21,72,35,23,14,27.666666666666668,29.0,25.17391304347826,28.428571428571427,0.3261139407236693,0.01456347350394937,Volatile,5
22,72,35,23,14,27.88888888888889,30.0,24.956521739130434,27.428571428571427,0.3261139407236693,0.01456347350394937,Volatile,5
23,72,35,23,14,28.11111111111111,31.0,24.73913043478261,26.428571428571427,0.3261139407236693,0.014563473503949367,Volatile,5
24,72,35,23,14,28.333333333333332,32.0,24.52173913043478,25.428571428571427,0.3261139407236693,0.014563473503949367,Volatile,5
25,72,35,23,14,28.555555555555557,33.0,24.304347826086957,24.428571428571427,0.3261139407236693,0.01456347350394937,Volatile,5
26,72,35,23,14,28.77777777777778,34.0,24.08695652173913,23.428571428571427,0.3261139407236693,0.01456347350394937,Volatile,5
27,72,35,23,14,29.0,35.0,23.869565217391305,22.428571428571427,0.3261139407236693,0.01456347350394937,Volatile,5
28,64,35,18,11,36.625,36.0,39.111111111111114,34.54545454545455,0.33629621846959273,0.014738557498877255,Volatile,5
29,64,35,18,11,37.0,37.0,39.111111111111114,33.54545454545455,0.33629621846959273,0.014738557498877255,Volatile,5
30,64,35,18,11,37.375,38.0,39.111111111111114,32.54545454545455,0.33629621846959273,0.014738557498877253,Volatile,5
31,64,35,18,11,37.75,39.0,39.111111111111114,31.545454545454547,0.33629621846959273,0.014738557498877253,Volatile,5
32,64,35,18,11,38.125,40.0,39.111111111111114,30.545454545454547,0.33629621846959273,0.014738557498877253,Volatile,5
33,64,35,18,11,38.5,41.0,39.111111111111114,29.545454545454547,0.33629621846959273,0.014738557498877255,Volatile,5
34,64,35,18,11,38.875,42.0,39.111111111111114,28.545454545454547,0.33629621846959273,0.014738557498877255,Volatile,5
35,64,35,18,11,43.0,43.0,43.55555555555556,42.09090909090909,0.33629621846959273,0.014738557498877255,Volatile,5
36,64,35,18,11,43.375,44.0,43.55555555555556,41.09090909090909,0.33629621846959273,0.014738557498877255,Volatile,5
37,64,35,18,11,43.75,45.0,43.55555555555556,40.09090909090909,0.3362962184695928,0.014738557498877255,Volatile,5
38,64,35,18,11,44.125,46.0,43.55555555555556,39.09090909090909,0.33629621846959273,0.014738557498877255,Volatile,5
39,64,35,18,11,44.5,47.0,43.55555555555556,38.09090909090909,0.33629621846959273,0.014738557498877255,Volatile,5
40,64,35,18,11,44.875,48.0,43.55555555555556,37.09090909090909,0.3362962184695928,0.014738557498877251,Volatile,5
41,64,35,18,11,45.25,49.0,43.55555555555556,36.09090909090909,0.33629621846959273,0.014738557498877255,Volatile,5
42,64,35,18,11,46.875,50.0,45.77777777777778,38.72727272727273,0.3362962184695927,0.014738557498877253,Volatile,5
43,64,35,18,11,47.25,51.0,45.77777777777778,37.72727272727273,0.33629621846959273,0.014738557498877253,Volatile,5
44,64,35,18,11,47.625,52.0,45.77777777777778,36.72727272727273,0.33629621846959273,0.014738557498877255,Volatile,5
45,64,35,18,11,48.0,53.0,45.77777777777778,35.72727272727273,0.3362962184695928,0.014738557498877251,Volatile,5
46,64,35,18,11,48.375,54.0,45.77777777777778,34.72727272727273,0.3362962184695928,0.014738557498877251,Volatile,5
47,64,35,18,11,48.75,55.0,45.77777777777778,33.72727272727273,0.33629621846959273,0.014738557498877253,Volatile,5
48,64,35,18,11,49.125,56.0,45.77777777777778,32.72727272727273,0.33629621846959273,0.014738557498877253,Volatile,5
49,64,35,18,11,53.25,57.0,49.111111111111114,48.09090909090909,0.33629621846959273,0.014738557498877255,Volatile,5
50,64,35,18,11,53.625,58.0,49.111111111111114,47.09090909090909,0.3362962184695928,0.014738557498877253,Volatile,5
51,64,35,18,11,54.0,59.0,49.111111111111114,46.09090909090909,0.3362962184695928,0.014738557498877255,Volatile,5
52,64,35,18,11,54.375,60.0,49.111111111111114,45.09090909090909,0.33629621846959273,0.014738557498877255,Volatile,5
53,64,35,18,11,54.75,61.0,49.111111111111114,44.09090909090909,0.3362962184695928,0.014738557498877253,Volatile,5
54,64,35,18,11,55.125,62.0,49.111111111111114,43.09090909090909,0.3362962184695927,0.014738557498877253,Volatile,5
55,64,35,18,11,55.5,63.0,49.111111111111114,42.09090909090909,0.33629621846959273,0.014738557498877255,Volatile,5
56,64,35,18,11,59.625,64.0,55.77777777777778,52.0,0.3362962184695928,0.014738557498877253,Volatile,5
57,64,35,18,11,60.0,65.0,55.77777777777778,51.0,0.3362962184695928,0.014738557498877255,Volatile,5
58,64,35,18,11,60.375,66.0,55.77777777777778,50.0,0.33629621846959273,0.014738557498877255,Volatile,5
59,64,35,18,11,60.75,67.0,55.77777777777778,49.0,0.3362962184695928,0.014738557498877253,Volatile,5
60,64,35,18,11,61.125,68.0,55.77777777777778,48.0,0.33629621846959273,0.014738557498877251,Volatile,5
61,64,35,18,11,61.5,69.0,55.77777777777778,47.0,0.33629621846959273,0.014738557498877255,Volatile,5
62,64,35,18,11,61.875,70.0,55.77777777777778,46.0,0.3362962184695928,0.014738557498877253,Volatile,5
63,64,35,18,11,66.3125,71.0,62.44444444444444,57.72727272727273,0.33629621846959273,0.014738557498877255,Volatile,5
64,64,35,18,11,66.6875,72.0,62.44444444444444,56.72727272727273,0.3362962184695928,0.014738557498877255,Volatile,5
65,64,35,18,11,67.0625,73.0,62.44444444444444,55.72727272727273,0.33629621846959273,0.014738557498877255,Volatile,5
66,64,35,18,11,67.4375,74.0,62.44444444444444,54.72727272727273,0.33629621846959273,0.014738557498877255,Volatile,5
67,64,35,18,11,67.8125,75.0,62.44444444444444,53.72727272727273,0.3362962184695928,0.014738557498877253,Volatile,5
68,64,35,18,11,68.1875,76.0,62.44444444444444,52.72727272727273,0.33629621846959273,0.014738557498877253,Volatile,5
69,64,35,18,11,68.5625,77.0,62.44444444444444,51.72727272727273,0.3362962184695928,0.014738557498877255,Volatile,5
70,64,35,18,11,70.8125,78.0,65.77777777777777,56.18181818181818,0.33629621846959273,0.014738557498877253,Volatile,5
71,64,35,18,11,71.1875,79.0,65.77777777777777,55.18181818181818,0.3362962184695928,0.014738557498877255,Volatile,5
72,64,35,18,11,71.5625,80.0,65.77777777777777,54.18181818181818,0.3362962184695928,0.014738557498877255,Volatile,5
73,64,35,18,11,71.9375,81.0,65.77777777777777,53.18181818181818,0.33629621846959273,0.014738557498877255,Volatile,5
74,64,35,18,11,72.3125,82.0,65.77777777777777,52.18181818181818,0.33629621846959273,0.014738557498877255,Volatile,5
75,64,35,18,11,72.6875,83.0,65.77777777777777,51.18181818181818,0.3362962184695928,0.014738557498877253,Volatile,5
76,64,35,18,11,73.0625,84.0,65.77777777777777,50.18181818181818,0.3362962184695928,0.014738557498877251,Volatile,5
77,64,35,18,11,75.9375,85.0,70.22222222222223,56.45454545454545,0.3362962184695928,0.014738557498877253,Volatile,5
78,64,35,18,11,76.3125,86.0,70.22222222222223,55.45454545454545,0.33629621846959273,0.014738557498877253,Volatile,5
79,64,35,18,11,76.6875,87.0,70.22222222222223,54.45454545454545,0.3362962184695928,0.014738557498877255,Volatile,5
80,64,35,18,11,77.0625,88.0,70.22222222222223,53.45454545454545,0.3362962184695928,0.014738557498877253,Volatile,5
81,64,35,18,11,77.4375,89.0,70.22222222222223,52.45454545454545,0.3362962184695928,0.014738557498877253,Volatile,5
82,64,35,18,11,77.8125,90.0,70.22222222222223,51.45454545454545,0.33629621846959273,0.014738557498877255,Volatile,5
83,64,35,18,11,78.1875,91.0,70.22222222222223,50.45454545454545,0.33629621846959273,0.014738557498877253,Volatile,5
84,64,35,18,11,81.375,92.0,73.55555555555556,60.36363636363637,0.33629621846959273,0.014738557498877255,Volatile,5
85,64,35,18,11,81.75,93.0,73.55555555555556,59.36363636363637,0.33629621846959273,0.014738557498877253,Volatile,5
86,64,35,18,11,82.125,94.0,73.55555555555556,58.36363636363637,0.33629621846959273,0.014738557498877253,Volatile,5
87,64,35,18,11,82.5,95.0,73.55555555555556,57.36363636363637,0.33629621846959273,0.014738557498877253,Volatile,5
88,64,35,18,11,82.875,96.0,73.55555555555556,56.36363636363637,0.33629621846959273,0.014738557498877255,Volatile,5
89,64,35,18,11,83.25,97.0,73.55555555555556,55.36363636363637,0.33629621846959273,0.014738557498877255,Volatile,5
90,64,35,18,11,83.625,98.0,73.55555555555556,54.36363636363637,0.33629621846959273,0.014738557498877253,Volatile,5
91,64,35,18,11,87.4375,99.0,79.11111111111111,64.27272727272727,0.3362962184695928,0.014738557498877255,Volatile,5
92,64,35,18,11,87.8125,100.0,79.11111111111111,63.27272727272727,0.3362962184695928,0.014738557498877255,Volatile,5
93,64,35,18,11,88.1875,101.0,79.11111111111111,62.27272727272727,0.3362962184695928,0.014738557498877253,Volatile,5
94,64,35,18,11,88.5625,102.0,79.11111111111111,61.27272727272727,0.3362962184695928,0.014738557498877253,Volatile,5
95,64,35,18,11,88.9375,103.0,79.11111111111111,60.27272727272727,0.3362962184695928,0.014738557498877253,Volatile,5
96,64,35,18,11,89.3125,104.0,79.11111111111111,59.27272727272727,0.33629621846959273,0.014738557498877253,Volatile,5
97,64,35,18,11,89.6875,105.0,79.11111111111111,58.27272727272727,0.3362962184695928,0.014738557498877253,Volatile,5
98,64,35,18,11,93.1875,106.0,85.77777777777777,64.54545454545455,0.3362962184695928,0.014738557498877255,Volatile,5
99,64,35,18,11,93.5625,107.0,85.77777777777777,63.54545454545455,0.3362962184695928,0.014738557498877253,Volatile,5
100,64,35,18,11,93.9375,108.0,85.77777777777777,62.54545454545455,0.33629621846959273,0.014738557498877253,Volatile,5
101,64,35,18,11,94.3125,109.0,85.77777777777777,61.54545454545455,0.33629621846959273,0.014738557498877253,Volatile,5
102,64,35,18,11,94.6875,110.0,85.77777777777777,60.54545454545455,0.3362962184695928,0.014738557498877253,Volatile,5
103,64,35,18,11,95.0625,111.0,85.77777777777777,59.54545454545455,0.3362962184695927,0.014738557498877251,Volatile,5
104,64,35,18,11,95.4375,112.0,85.77777777777777,58.54545454545455,0.33629621846959273,0.014738557498877255,Volatile,5
105,64,35,18,11,99.25,113.0,90.22222222222223,70.27272727272727,0.33629621846959273,0.014738557498877255,Volatile,5
106,64,35,18,11,99.625,114.0,90.22222222222223,69.27272727272727,0.33629621846959273,0.014738557498877253,Volatile,5
107,64,35,18,11,100.0,115.0,90.22222222222223,68.27272727272727,0.33629621846959273,0.014738557498877255,Volatile,5
108,63,35,18,10,101.96825396825396,116.0,90.22222222222223,74.0,0.33950546913425844,0.014306490094195483,Volatile,5
109,63,35,18,10,102.36507936507937,117.0,90.22222222222223,73.0,0.3395054691342585,0.014306490094195481,Volatile,5
110,63,35,18,10,102.76190476190476,118.0,90.22222222222223,72.0,0.33950546913425855,0.014306490094195481,Volatile,5
0,100,28,38,34,8.0,8.0,8.0,8.0,0.26426050320133315,0.017470289132498564,Volatile,6
1,100,28,38,34,7.7,9.0,7.368421052631579,7.0,0.26426050320133315,0.017470289132498564,Volatile,6
2,100,28,38,34,7.4,10.0,6.7368421052631575,6.0,0.26426050320133315,0.01747028913249857,Volatile,6
3,100,28,38,34,7.1,11.0,6.105263157894737,5.0,0.26426050320133315,0.017470289132498564,Volatile,6
4,100,28,38,34,6.8,12.0,5.473684210526316,4.0,0.2642605032013332,0.017470289132498564,Volatile,6
5,100,28,38,34,6.5,13.0,4.842105263157895,3.0,0.26426050320133315,0.017470289132498564,Volatile,6
6,100,28,38,34,6.2,14.0,4.2105263157894735,2.0,0.2642605032013332,0.017470289132498564,Volatile,6
7,100,28,38,34,11.5,15.0,8.842105263157896,11.588235294117647,0.26426050320133315,0.017470289132498564,Volatile,6
8,63,28,17,18,17.77777777777778,16.0,18.352941176470587,20.0,0.3005888239643236,0.02109648115862181,Volatile,6
9,63,28,17,18,17.88888888888889,17.0,18.176470588235293,19.0,0.3005888239643236,0.021096481158621807,Volatile,6
10,63,28,17,18,18.0,18.0,18.0,18.0,0.3005888239643236,0.021096481158621814,Volatile,6
11,63,28,17,18,18.11111111111111,19.0,17.823529411764707,17.0,0.3005888239643237,0.021096481158621814,Volatile,6
12,63,28,17,18,18.22222222222222,20.0,17.647058823529413,16.0,0.3005888239643236,0.02109648115862181,Volatile,6
13,63,28,17,18,18.333333333333332,21.0,17.470588235294116,15.0,0.3005888239643237,0.02109648115862181,Volatile,6
14,63,28,17,18,23.841269841269842,22.0,25.529411764705884,25.11111111111111,0.30058882396432357,0.02109648115862181,Volatile,6
15,63,28,17,18,23.952380952380953,23.0,25.352941176470587,24.11111111111111,0.3005888239643236,0.021096481158621807,Volatile,6
16,63,28,17,18,24.063492063492063,24.0,25.176470588235293,23.11111111111111,0.3005888239643237,0.021096481158621803,Volatile,6
17,63,28,17,18,24.174603174603174,25.0,25.0,22.11111111111111,0.3005888239643236,0.02109648115862181,Volatile,6
18,63,28,17,18,24.285714285714285,26.0,24.823529411764707,21.11111111111111,0.3005888239643237,0.02109648115862181,Volatile,6
19,63,28,17,18,24.396825396825395,27.0,24.647058823529413,20.11111111111111,0.3005888239643237,0.021096481158621807,Volatile,6
20,63,28,17,18,24.50793650793651,28.0,24.470588235294116,19.11111111111111,0.3005888239643237,0.02109648115862181,Volatile,6
21,63,28,17,18,30.650793650793652,29.0,31.352941176470587,32.55555555555556,0.3005888239643236,0.021096481158621807,Volatile,6
22,63,28,17,18,30.761904761904763,30.0,31.176470588235293,31.555555555555557,0.3005888239643237,0.02109648115862181,Volatile,6
23,63,28,17,18,30.873015873015873,31.0,31.0,30.555555555555557,0.3005888239643237,0.021096481158621807,Volatile,6
24,63,28,17,18,30.984126984126984,32.0,30.823529411764707,29.555555555555557,0.3005888239643236,0.02109648115862181,Volatile,6
25,63,28,17,18,31.095238095238095,33.0,30.647058823529413,28.555555555555557,0.3005888239643236,0.021096481158621807,Volatile,6
26,63,28,17,18,31.206349206349206,34.0,30.470588235294116,27.555555555555557,0.3005888239643238,0.02109648115862181,Volatile,6
27,63,28,17,18,31.317460317460316,35.0,30.294117647058822,26.555555555555557,0.30058882396432357,0.02109648115862181,Volatile,6
28,59,28,15,16,36.610169491525426,36.0,38.13333333333333,36.25,0.3078026603570581,0.02128172259640499,Volatile,6
29,59,28,15,16,36.79661016949152,37.0,38.06666666666667,35.25,0.3078026603570581,0.02128172259640499,Volatile,6
30,59,28,15,16,36.983050847457626,38.0,38.0,34.25,0.3078026603570581,0.02128172259640499,Volatile,6
31,59,28,15,16,37.16949152542373,39.0,37.93333333333333,33.25,0.3078026603570582,0.021281722596404987,Volatile,6
32,59,28,15,16,37.355932203389834,40.0,37.86666666666667,32.25,0.3078026603570582,0.021281722596404994,Volatile,6
33,59,28,15,16,37.54237288135593,41.0,37.8,31.25,0.3078026603570582,0.02128172259640499,Volatile,6
34,59,28,15,16,37.728813559322035,42.0,37.733333333333334,30.25,0.3078026603570583,0.021281722596404994,Volatile,6
35,59,28,15,16,42.66101694915254,43.0,44.333333333333336,40.5,0.3078026603570582,0.02128172259640499,Volatile,6
36,59,28,15,16,42.847457627118644,44.0,44.266666666666666,39.5,0.3078026603570582,0.021281722596404994,Volatile,6
37,59,28,15,16,43.03389830508475,45.0,44.2,38.5,0.3078026603570581,0.021281722596404994,Volatile,6
38,59,28,15,16,43.220338983050844,46.0,44.13333333333333,37.5,0.3078026603570581,0.021281722596404994,Volatile,6
39,59,28,15,16,43.40677966101695,47.0,44.06666666666667,36.5,0.3078026603570582,0.02128172259640499,Volatile,6
40,59,28,15,16,43.59322033898305,48.0,44.0,35.5,0.3078026603570581,0.02128172259640499,Volatile,6
41,59,28,15,16,43.779661016949156,49.0,43.93333333333333,34.5,0.3078026603570581,0.021281722596404987,Volatile,6
42,59,28,15,16,49.728813559322035,50.0,50.53333333333333,48.5,0.3078026603570582,0.02128172259640499,Volatile,6
43,59,28,15,16,49.91525423728814,51.0,50.46666666666667,47.5,0.3078026603570582,0.021281722596404994,Volatile,6
44,59,28,15,16,50.101694915254235,52.0,50.4,46.5,0.3078026603570582,0.02128172259640499,Volatile,6
45,59,28,15,16,50.28813559322034,53.0,50.333333333333336,45.5,0.3078026603570583,0.021281722596404994,Volatile,6
46,59,28,15,16,50.47457627118644,54.0,50.266666666666666,44.5,0.3078026603570581,0.02128172259640499,Volatile,6
47,59,28,15,16,50.66101694915254,55.0,50.2,43.5,0.3078026603570581,0.02128172259640499,Volatile,6
48,58,28,15,15,51.724137931034484,56.0,50.13333333333333,45.333333333333336,0.31151855044865306,0.020826131314774093,Volatile,6
49,58,28,15,15,56.758620689655174,57.0,56.733333333333334,56.333333333333336,0.3115185504486531,0.0208261313147741,Volatile,6
50,58,28,15,15,56.96551724137931,58.0,56.666666666666664,55.333333333333336,0.31151855044865306,0.02082613131477409,Volatile,6
51,58,28,15,15,57.172413793103445,59.0,56.6,54.333333333333336,0.31151855044865306,0.02082613131477409,Volatile,6
52,58,28,15,15,57.37931034482759,60.0,56.53333333333333,53.333333333333336,0.31151855044865306,0.02082613131477409,Volatile,6
53,58,28,15,15,57.58620689655172,61.0,56.46666666666667,52.333333333333336,0.3115185504486531,0.02082613131477409,Volatile,6
54,58,28,15,15,57.793103448275865,62.0,56.4,51.333333333333336,0.3115185504486531,0.020826131314774093,Volatile,6
55,58,28,15,15,58.0,63.0,56.333333333333336,50.333333333333336,0.31151855044865295,0.020826131314774093,Volatile,6
56,58,28,15,15,61.6551724137931,64.0,58.93333333333333,60.0,0.31151855044865306,0.0208261313147741,Volatile,6
57,58,28,15,15,61.86206896551724,65.0,58.86666666666667,59.0,0.31151855044865295,0.02082613131477409,Volatile,6
58,58,28,15,15,62.06896551724138,66.0,58.8,58.0,0.3115185504486531,0.020826131314774093,Volatile,6
59,58,28,15,15,62.275862068965516,67.0,58.733333333333334,57.0,0.31151855044865306,0.02082613131477409,Volatile,6
60,58,28,15,15,62.48275862068966,68.0,58.666666666666664,56.0,0.31151855044865306,0.02082613131477409,Volatile,6
61,58,28,15,15,62.689655172413794,69.0,58.6,55.0,0.31151855044865306,0.020826131314774093,Volatile,6
62,58,28,15,15,62.89655172413793,70.0,58.53333333333333,54.0,0.31151855044865306,0.020826131314774093,Volatile,6
63,58,28,15,15,66.89655172413794,71.0,63.8,62.333333333333336,0.31151855044865306,0.020826131314774093,Volatile,6
64,58,28,15,15,67.10344827586206,72.0,63.733333333333334,61.333333333333336,0.31151855044865306,0.02082613131477409,Volatile,6
65,58,28,15,15,67.3103448275862,73.0,63.666666666666664,60.333333333333336,0.31151855044865306,0.020826131314774093,Volatile,6
66,58,28,15,15,67.51724137931035,74.0,63.6,59.333333333333336,0.31151855044865306,0.020826131314774093,Volatile,6
67,58,28,15,15,67.72413793103448,75.0,63.53333333333333,58.333333333333336,0.31151855044865306,0.020826131314774093,Volatile,6
68,58,28,15,15,67.93103448275862,76.0,63.46666666666667,57.333333333333336,0.31151855044865306,0.02082613131477409,Volatile,6
69,58,28,15,15,68.13793103448276,77.0,63.4,56.333333333333336,0.31151855044865306,0.020826131314774093,Volatile,6
70,58,28,15,15,71.79310344827586,78.0,72.66666666666667,59.333333333333336,0.31151855044865306,0.020826131314774093,Volatile,6
71,58,28,15,15,72.0,79.0,72.6,58.333333333333336,0.31151855044865295,0.020826131314774093,Volatile,6
72,58,28,15,15,72.20689655172414,80.0,72.53333333333333,57.333333333333336,0.31151855044865306,0.020826131314774093,Volatile,6
73,58,28,15,15,72.41379310344827,81.0,72.46666666666667,56.333333333333336,0.31151855044865306,0.020826131314774093,Volatile,6
74,58,28,15,15,72.62068965517241,82.0,72.4,55.333333333333336,0.31151855044865306,0.02082613131477409,Volatile,6
75,58,28,15,15,72.82758620689656,83.0,72.33333333333333,54.333333333333336,0.31151855044865306,0.020826131314774093,Volatile,6
76,58,28,15,15,73.03448275862068,84.0,72.26666666666667,53.333333333333336,0.31151855044865306,0.020826131314774093,Volatile,6
77,58,28,15,15,76.34482758620689,85.0,76.2,60.333333333333336,0.31151855044865306,0.02082613131477409,Volatile,6
78,58,28,15,15,76.55172413793103,86.0,76.13333333333334,59.333333333333336,0.31151855044865306,0.020826131314774093,Volatile,6
79,58,28,15,15,76.75862068965517,87.0,76.06666666666666,58.333333333333336,0.3115185504486531,0.020826131314774093,Volatile,6
80,58,28,15,15,76.96551724137932,88.0,76.0,57.333333333333336,0.3115185504486531,0.02082613131477409,Volatile,6
81,58,28,15,15,77.17241379310344,89.0,75.93333333333334,56.333333333333336,0.31151855044865306,0.020826131314774093,Volatile,6
82,58,28,15,15,77.37931034482759,90.0,75.86666666666666,55.333333333333336,0.31151855044865306,0.0208261313147741,Volatile,6
83,58,28,15,15,77.58620689655173,91.0,75.8,54.333333333333336,0.31151855044865306,0.020826131314774093,Volatile,6
84,58,28,15,15,82.27586206896552,92.0,82.4,64.0,0.3115185504486531,0.02082613131477409,Volatile,6
85,58,28,15,15,82.48275862068965,93.0,82.33333333333333,63.0,0.31151855044865306,0.020826131314774093,Volatile,6
86,58,28,15,15,82.6896551724138,94.0,82.26666666666667,62.0,0.31151855044865306,0.020826131314774093,Volatile,6
87,58,28,15,15,82.89655172413794,95.0,82.2,61.0,0.31151855044865306,0.0208261313147741,Volatile,6
88,57,28,15,14,84.56140350877193,96.0,82.13333333333334,64.28571428571429,0.31600875990168936,0.020007749571080008,Volatile,6
89,57,28,15,14,84.78947368421052,97.0,82.06666666666666,63.285714285714285,0.3160087599016893,0.020007749571080015,Volatile,6
90,57,28,15,14,85.01754385964912,98.0,82.0,62.285714285714285,0.31600875990168936,0.02000774957108001,Volatile,6
91,57,28,15,14,89.80701754385964,99.0,87.26666666666667,74.14285714285714,0.3160087599016893,0.02000774957108001,Volatile,6
92,57,28,15,14,90.03508771929825,100.0,87.2,73.14285714285714,0.3160087599016893,0.02000774957108001,Volatile,6
93,57,28,15,14,90.26315789473684,101.0,87.13333333333334,72.14285714285714,0.3160087599016893,0.02000774957108001,Volatile,6
94,57,28,15,14,90.49122807017544,102.0,87.06666666666666,71.14285714285714,0.3160087599016893,0.020007749571080015,Volatile,6
95,57,28,15,14,90.71929824561404,103.0,87.0,70.14285714285714,0.3160087599016893,0.02000774957108001,Volatile,6
96,57,28,15,14,90.94736842105263,104.0,86.93333333333334,69.14285714285714,0.3160087599016893,0.02000774957108001,Volatile,6
97,57,28,15,14,91.17543859649123,105.0,86.86666666666666,68.14285714285714,0.31600875990168936,0.020007749571080008,Volatile,6
98,57,28,15,14,94.91228070175438,106.0,92.13333333333334,75.71428571428571,0.31600875990168936,0.02000774957108001,Volatile,6
99,57,28,15,14,95.14035087719299,107.0,92.06666666666666,74.71428571428571,0.3160087599016893,0.02000774957108001,Volatile,6
100,57,28,15,14,95.36842105263158,108.0,92.0,73.71428571428571,0.3160087599016893,0.02000774957108001,Volatile,6
101,57,28,15,14,95.59649122807018,109.0,91.93333333333334,72.71428571428571,0.31600875990168936,0.020007749571080008,Volatile,6
102,57,28,15,14,95.82456140350877,110.0,91.86666666666666,71.71428571428571,0.31600875990168936,0.02000774957108001,Volatile,6
103,57,28,15,14,96.05263157894737,111.0,91.8,70.71428571428571,0.3160087599016893,0.02000774957108001,Volatile,6
104,57,28,15,14,96.28070175438596,112.0,91.73333333333333,69.71428571428571,0.31600875990168936,0.02000774957108001,Volatile,6
105,57,28,15,14,98.6140350877193,113.0,95.66666666666667,73.0,0.31600875990168936,0.020007749571080008,Volatile,6
106,57,28,15,14,98.84210526315789,114.0,95.6,72.0,0.3160087599016893,0.02000774957108001,Volatile,6
107,57,28,15,14,99.0701754385965,115.0,95.53333333333333,71.0,0.31600875990168936,0.020007749571080008,Volatile,6
108,57,28,15,14,99.29824561403508,116.0,95.46666666666667,70.0,0.3160087599016893,0.020007749571080008,Volatile,6
109,57,28,15,14,99.52631578947368,117.0,95.4,69.0,0.31600875990168936,0.02000774957108001,Volatile,6
110,57,28,15,14,99.75438596491227,118.0,95.33333333333333,68.0,0.3160087599016893,0.02000774957108001,Volatile,6
0,100,37,30,33,8.0,8.0,8.0,8.0,0.27675784374385065,0.01956397062440291,Volatile,7
1,100,37,30,33,7.8,9.0,7.2,7.0,0.2767578437438506,0.01956397062440291,Volatile,7
2,100,37,30,33,7.6,10.0,6.4,6.0,0.2767578437438506,0.019563970624402908,Volatile,7
3,100,37,30,33,7.4,11.0,5.6,5.0,0.27675784374385065,0.01956397062440291,Volatile,7
4,100,37,30,33,7.2,12.0,4.8,4.0,0.27675784374385065,0.019563970624402908,Volatile,7
5,100,37,30,33,7.0,13.0,4.0,3.0,0.27675784374385065,0.01956397062440291,Volatile,7
6,100,37,30,33,6.8,14.0,3.2,2.0,0.27675784374385065,0.019563970624402915,Volatile,7
7,100,37,30,33,13.6,15.0,11.066666666666666,14.333333333333334,0.27675784374385065,0.019563970624402915,Volatile,7
8,75,37,16,22,17.866666666666667,16.0,19.25,20.0,0.30704928627127553,0.01958486964000722,Volatile,7
9,75,37,16,22,17.933333333333334,17.0,18.625,19.0,0.3070492862712754,0.01958486964000722,Volatile,7
10,75,37,16,22,18.0,18.0,18.0,18.0,0.3070492862712754,0.01958486964000722,Volatile,7
11,75,37,16,22,18.066666666666666,19.0,17.375,17.0,0.30704928627127537,0.01958486964000722,Volatile,7
12,75,37,16,22,18.133333333333333,20.0,16.75,16.0,0.3070492862712755,0.019584869640007222,Volatile,7
13,75,37,16,22,18.2,21.0,16.125,15.0,0.3070492862712754,0.01958486964000722,Volatile,7
14,75,37,16,22,23.333333333333332,22.0,25.5,24.0,0.30704928627127553,0.01958486964000722,Volatile,7
15,75,37,16,22,23.4,23.0,24.875,23.0,0.3070492862712755,0.019584869640007222,Volatile,7
16,75,37,16,22,23.466666666666665,24.0,24.25,22.0,0.3070492862712755,0.01958486964000722,Volatile,7
17,75,37,16,22,23.533333333333335,25.0,23.625,21.0,0.3070492862712755,0.019584869640007215,Volatile,7
18,75,37,16,22,23.6,26.0,23.0,20.0,0.3070492862712754,0.01958486964000722,Volatile,7
19,75,37,16,22,23.666666666666668,27.0,22.375,19.0,0.3070492862712754,0.019584869640007215,Volatile,7
20,75,37,16,22,23.733333333333334,28.0,21.75,18.0,0.3070492862712754,0.019584869640007215,Volatile,7
21,75,37,16,22,30.733333333333334,29.0,34.875,30.636363636363637,0.3070492862712754,0.01958486964000722,Volatile,7
22,75,37,16,22,30.8,30.0,34.25,29.636363636363637,0.3070492862712755,0.01958486964000722,Volatile,7
23,75,37,16,22,30.866666666666667,31.0,33.625,28.636363636363637,0.3070492862712754,0.01958486964000722,Volatile,7
24,75,37,16,22,30.933333333333334,32.0,33.0,27.636363636363637,0.3070492862712755,0.01958486964000722,Volatile,7
25,75,37,16,22,31.0,33.0,32.375,26.636363636363637,0.3070492862712755,0.01958486964000722,Volatile,7
26,75,37,16,22,31.066666666666666,34.0,31.75,25.636363636363637,0.3070492862712755,0.01958486964000722,Volatile,7
27,75,37,16,22,31.133333333333333,35.0,31.125,24.636363636363637,0.3070492862712754,0.01958486964000722,Volatile,7
28,71,37,16,18,37.74647887323944,36.0,38.0,41.111111111111114,0.31603077570635,0.019109913629895614,Volatile,7
29,71,37,16,18,37.87323943661972,37.0,37.375,40.111111111111114,0.31603077570635013,0.01910991362989562,Volatile,7
30,71,37,16,18,38.0,38.0,36.75,39.111111111111114,0.3160307757063501,0.019109913629895614,Volatile,7
31,71,37,16,18,38.12676056338028,39.0,36.125,38.111111111111114,0.3160307757063501,0.019109913629895614,Volatile,7
32,71,37,16,18,38.25352112676056,40.0,35.5,37.111111111111114,0.31603077570635,0.01910991362989562,Volatile,7
33,71,37,16,18,38.38028169014085,41.0,34.875,36.111111111111114,0.3160307757063501,0.019109913629895624,Volatile,7
34,71,37,16,18,38.50704225352113,42.0,34.25,35.111111111111114,0.3160307757063501,0.019109913629895618,Volatile,7
35,71,37,16,18,43.140845070422536,43.0,42.375,44.111111111111114,0.31603077570635,0.019109913629895614,Volatile,7
36,71,37,16,18,43.267605633802816,44.0,41.75,43.111111111111114,0.31603077570635,0.019109913629895618,Volatile,7
37,71,37,16,18,43.394366197183096,45.0,41.125,42.111111111111114,0.31603077570635,0.019109913629895618,Volatile,7
38,71,37,16,18,43.521126760563384,46.0,40.5,41.111111111111114,0.31603077570635,0.01910991362989562,Volatile,7
39,71,37,16,18,43.647887323943664,47.0,39.875,40.111111111111114,0.3160307757063501,0.019109913629895614,Volatile,7
40,71,37,16,18,43.774647887323944,48.0,39.25,39.111111111111114,0.31603077570635,0.019109913629895618,Volatile,7
41,71,37,16,18,43.901408450704224,49.0,38.625,38.111111111111114,0.3160307757063501,0.019109913629895618,Volatile,7
42,71,37,16,18,48.25352112676056,50.0,44.25,48.22222222222222,0.31603077570635,0.019109913629895614,Volatile,7
43,71,37,16,18,48.38028169014085,51.0,43.625,47.22222222222222,0.31603077570635,0.019109913629895614,Volatile,7
44,71,37,16,18,48.50704225352113,52.0,43.0,46.22222222222222,0.31603077570635013,0.019109913629895614,Volatile,7
45,71,37,16,18,48.63380281690141,53.0,42.375,45.22222222222222,0.31603077570634996,0.019109913629895614,Volatile,7
46,71,37,16,18,48.76056338028169,54.0,41.75,44.22222222222222,0.3160307757063501,0.019109913629895614,Volatile,7
47,71,37,16,18,48.88732394366197,55.0,41.125,43.22222222222222,0.31603077570634996,0.019109913629895614,Volatile,7
48,66,37,12,17,52.72727272727273,56.0,54.0,44.705882352941174,0.32124717364595057,0.019617208575966768,Volatile,7
49,66,37,12,17,57.18181818181818,57.0,60.166666666666664,55.470588235294116,0.3212471736459505,0.019617208575966764,Volatile,7
50,66,37,12,17,57.39393939393939,58.0,59.666666666666664,54.470588235294116,0.32124717364595057,0.019617208575966768,Volatile,7
51,66,37,12,17,57.60606060606061,59.0,59.166666666666664,53.470588235294116,0.32124717364595057,0.019617208575966768,Volatile,7
52,66,37,12,17,57.81818181818182,60.0,58.666666666666664,52.470588235294116,0.32124717364595057,0.019617208575966768,Volatile,7
53,66,37,12,17,58.03030303030303,61.0,58.166666666666664,51.470588235294116,0.3212471736459505,0.019617208575966768,Volatile,7
54,66,37,12,17,58.24242424242424,62.0,57.666666666666664,50.470588235294116,0.32124717364595057,0.019617208575966768,Volatile,7
55,66,37,12,17,58.45454545454545,63.0,57.166666666666664,49.470588235294116,0.3212471736459505,0.019617208575966768,Volatile,7
56,66,37,12,17,62.0,64.0,63.333333333333336,56.705882352941174,0.3212471736459505,0.019617208575966764,Volatile,7
57,66,37,12,17,62.21212121212121,65.0,62.833333333333336,55.705882352941174,0.32124717364595046,0.01961720857596677,Volatile,7
58,66,37,12,17,62.42424242424242,66.0,62.333333333333336,54.705882352941174,0.3212471736459505,0.019617208575966764,Volatile,7
59,66,37,12,17,62.63636363636363,67.0,61.833333333333336,53.705882352941174,0.32124717364595057,0.01961720857596677,Volatile,7
60,66,37,12,17,62.84848484848485,68.0,61.333333333333336,52.705882352941174,0.3212471736459505,0.01961720857596677,Volatile,7
61,66,37,12,17,63.06060606060606,69.0,60.833333333333336,51.705882352941174,0.3212471736459505,0.019617208575966768,Volatile,7
62,66,37,12,17,63.27272727272727,70.0,60.333333333333336,50.705882352941174,0.32124717364595057,0.019617208575966764,Volatile,7
63,66,37,12,17,67.12121212121212,71.0,66.5,59.11764705882353,0.32124717364595057,0.019617208575966768,Volatile,7
64,66,37,12,17,67.33333333333333,72.0,66.0,58.11764705882353,0.3212471736459505,0.019617208575966768,Volatile,7
65,66,37,12,17,67.54545454545455,73.0,65.5,57.11764705882353,0.3212471736459505,0.019617208575966768,Volatile,7
66,66,37,12,17,67.75757575757575,74.0,65.0,56.11764705882353,0.3212471736459505,0.019617208575966764,Volatile,7
67,66,37,12,17,67.96969696969697,75.0,64.5,55.11764705882353,0.3212471736459505,0.01961720857596677,Volatile,7
68,65,37,12,16,69.23076923076923,76.0,64.0,57.5,0.3251530234477819,0.018901121321318427,Volatile,7
69,65,37,12,16,69.46153846153847,77.0,63.5,56.5,0.32515302344778196,0.018901121321318427,Volatile,7
70,65,37,12,16,74.61538461538461,78.0,74.66666666666667,66.75,0.3251530234477819,0.018901121321318427,Volatile,7
71,65,37,12,16,74.84615384615384,79.0,74.16666666666667,65.75,0.3251530234477819,0.018901121321318427,Volatile,7
72,65,37,12,16,75.07692307692308,80.0,73.66666666666667,64.75,0.32515302344778196,0.01890112132131843,Volatile,7
73,65,37,12,16,75.3076923076923,81.0,73.16666666666667,63.75,0.3251530234477819,0.01890112132131843,Volatile,7
74,65,37,12,16,75.53846153846153,82.0,72.66666666666667,62.75,0.32515302344778196,0.018901121321318427,Volatile,7
75,65,37,12,16,75.76923076923077,83.0,72.16666666666667,61.75,0.3251530234477819,0.018901121321318427,Volatile,7
76,65,37,12,16,76.0,84.0,71.66666666666667,60.75,0.3251530234477819,0.01890112132131843,Volatile,7
77,65,37,12,16,80.23076923076923,85.0,74.5,73.5,0.3251530234477819,0.01890112132131843,Volatile,7
78,65,37,12,16,80.46153846153847,86.0,74.0,72.5,0.3251530234477819,0.01890112132131843,Volatile,7
79,65,37,12,16,80.6923076923077,87.0,73.5,71.5,0.32515302344778185,0.01890112132131843,Volatile,7
80,65,37,12,16,80.92307692307692,88.0,73.0,70.5,0.3251530234477819,0.018901121321318427,Volatile,7
81,65,37,12,16,81.15384615384616,89.0,72.5,69.5,0.3251530234477819,0.01890112132131843,Volatile,7
82,65,37,12,16,81.38461538461539,90.0,72.0,68.5,0.32515302344778196,0.018901121321318427,Volatile,7
83,65,37,12,16,81.61538461538461,91.0,71.5,67.5,0.32515302344778196,0.018901121321318427,Volatile,7
84,65,37,12,16,85.84615384615384,92.0,79.33333333333333,76.5,0.3251530234477819,0.018901121321318427,Volatile,7
85,65,37,12,16,86.07692307692308,93.0,78.83333333333333,75.5,0.3251530234477819,0.018901121321318427,Volatile,7
86,65,37,12,16,86.3076923076923,94.0,78.33333333333333,74.5,0.3251530234477819,0.018901121321318427,Volatile,7
87,65,37,12,16,86.53846153846153,95.0,77.83333333333333,73.5,0.32515302344778196,0.018901121321318427,Volatile,7
88,65,37,12,16,86.76923076923077,96.0,77.33333333333333,72.5,0.32515302344778196,0.018901121321318427,Volatile,7
89,65,37,12,16,87.0,97.0,76.83333333333333,71.5,0.3251530234477819,0.018901121321318427,Volatile,7
90,65,37,12,16,87.23076923076923,98.0,76.33333333333333,70.5,0.3251530234477819,0.018901121321318427,Volatile,7
91,65,37,12,16,91.46153846153847,99.0,82.5,80.75,0.3251530234477819,0.018901121321318427,Volatile,7
92,65,37,12,16,91.6923076923077,100.0,82.0,79.75,0.32515302344778196,0.018901121321318427,Volatile,7
93,65,37,12,16,91.92307692307692,101.0,81.5,78.75,0.3251530234477819,0.01890112132131843,Volatile,7
94,65,37,12,16,92.15384615384616,102.0,81.0,77.75,0.3251530234477819,0.018901121321318427,Volatile,7
95,65,37,12,16,92.38461538461539,103.0,80.5,76.75,0.32515302344778185,0.01890112132131843,Volatile,7
96,65,37,12,16,92.61538461538461,104.0,80.0,75.75,0.3251530234477819,0.018901121321318427,Volatile,7
97,65,37,12,16,92.84615384615384,105.0,79.5,74.75,0.32515302344778196,0.018901121321318427,Volatile,7
98,65,37,12,16,96.76923076923077,106.0,84.0,85.0,0.3251530234477819,0.01890112132131843,Volatile,7
99,65,37,12,16,97.0,107.0,83.5,84.0,0.32515302344778196,0.018901121321318427,Volatile,7
100,65,37,12,16,97.23076923076923,108.0,83.0,83.0,0.3251530234477819,0.018901121321318427,Volatile,7
101,65,37,12,16,97.46153846153847,109.0,82.5,82.0,0.3251530234477819,0.018901121321318427,Volatile,7
102,65,37,12,16,97.6923076923077,110.0,82.0,81.0,0.3251530234477819,0.01890112132131843,Volatile,7
103,65,37,12,16,97.92307692307692,111.0,81.5,80.0,0.3251530234477819,0.01890112132131843,Volatile,7
104,65,37,12,16,98.15384615384616,112.0,81.0,79.0,0.3251530234477819,0.018901121321318427,Volatile,7
105,65,37,12,16,103.3076923076923,113.0,90.5,90.5,0.32515302344778196,0.018901121321318427,Volatile,7
106,65,37,12,16,103.53846153846153,114.0,90.0,89.5,0.3251530234477819,0.01890112132131843,Volatile,7
107,65,37,12,16,103.76923076923077,115.0,89.5,88.5,0.3251530234477819,0.01890112132131843,Volatile,7
108,64,37,11,16,105.625,116.0,97.0909090909091,87.5,0.3269739652477447,0.01898218913909136,Volatile,7
109,64,37,11,16,105.875,117.0,96.63636363636364,86.5,0.32697396524774475,0.01898218913909136,Volatile,7
110,64,37,11,16,106.125,118.0,96.18181818181819,85.5,0.3269739652477447,0.01898218913909136,Volatile,7
0,100,29,35,36,8.0,8.0,8.0,8.0,0.25973309567658726,0.01645484613051671,Volatile,8
1,100,29,35,36,7.66,9.0,7.228571428571429,7.0,0.25973309567658726,0.01645484613051671,Volatile,8
2,100,29,35,36,7.32,10.0,6.457142857142857,6.0,0.25973309567658726,0.016454846130516714,Volatile,8
3,100,29,35,36,6.98,11.0,5.685714285714286,5.0,0.25973309567658726,0.01645484613051671,Volatile,8
4,100,29,35,36,6.64,12.0,4.914285714285715,4.0,0.25973309567658726,0.01645484613051671,Volatile,8
5,100,29,35,36,6.3,13.0,4.142857142857143,3.0,0.25973309567658726,0.01645484613051671,Volatile,8
6,100,29,35,36,5.96,14.0,3.3714285714285714,2.0,0.25973309567658726,0.01645484613051671,Volatile,8
7,100,29,35,36,12.22,15.0,10.028571428571428,12.11111111111111,0.25973309567658726,0.01645484613051671,Volatile,8
8,66,29,17,20,18.0,16.0,19.058823529411764,20.0,0.28806101496328385,0.01909845496961313,Volatile,8
9,66,29,17,20,18.0,17.0,18.529411764705884,19.0,0.28806101496328385,0.01909845496961313,Volatile,8
10,66,29,17,20,18.0,18.0,18.0,18.0,0.28806101496328385,0.01909845496961313,Volatile,8
11,66,29,17,20,18.0,19.0,17.470588235294116,17.0,0.28806101496328385,0.01909845496961313,Volatile,8
12,66,29,17,20,18.0,20.0,16.941176470588236,16.0,0.28806101496328385,0.01909845496961313,Volatile,8
13,66,29,17,20,18.0,21.0,16.41176470588235,15.0,0.28806101496328385,0.019098454969613134,Volatile,8
14,66,29,17,20,21.939393939393938,22.0,21.764705882352942,22.0,0.28806101496328385,0.019098454969613134,Volatile,8
15,66,29,17,20,21.939393939393938,23.0,21.235294117647058,21.0,0.28806101496328385,0.01909845496961313,Volatile,8
16,66,29,17,20,21.939393939393938,24.0,20.705882352941178,20.0,0.28806101496328385,0.01909845496961313,Volatile,8
17,66,29,17,20,21.939393939393938,25.0,20.176470588235293,19.0,0.28806101496328385,0.01909845496961313,Volatile,8
18,66,29,17,20,21.939393939393938,26.0,19.647058823529413,18.0,0.28806101496328385,0.019098454969613134,Volatile,8
19,66,29,17,20,21.939393939393938,27.0,19.11764705882353,17.0,0.28806101496328385,0.019098454969613134,Volatile,8
20,66,29,17,20,21.939393939393938,28.0,18.58823529411765,16.0,0.2880610149632839,0.019098454969613134,Volatile,8
21,66,29,17,20,28.606060606060606,29.0,27.470588235294116,29.0,0.28806101496328385,0.01909845496961313,Volatile,8
22,66,29,17,20,28.606060606060606,30.0,26.941176470588236,28.0,0.28806101496328385,0.01909845496961313,Volatile,8
23,66,29,17,20,28.606060606060606,31.0,26.41176470588235,27.0,0.28806101496328385,0.01909845496961313,Volatile,8
24,66,29,17,20,28.606060606060606,32.0,25.88235294117647,26.0,0.2880610149632839,0.01909845496961313,Volatile,8
25,66,29,17,20,28.606060606060606,33.0,25.352941176470587,25.0,0.2880610149632839,0.019098454969613134,Volatile,8
26,66,29,17,20,28.606060606060606,34.0,24.823529411764707,24.0,0.28806101496328385,0.01909845496961313,Volatile,8
27,66,29,17,20,28.606060606060606,35.0,24.294117647058822,23.0,0.28806101496328385,0.019098454969613134,Volatile,8
28,60,29,14,17,35.8,36.0,37.42857142857143,34.11764705882353,0.2983532810883919,0.01922875144919906,Volatile,8
29,60,29,14,17,35.9,37.0,37.0,33.11764705882353,0.2983532810883919,0.01922875144919906,Volatile,8
30,60,29,14,17,36.0,38.0,36.57142857142857,32.11764705882353,0.29835328108839193,0.01922875144919906,Volatile,8
31,60,29,14,17,36.1,39.0,36.142857142857146,31.11764705882353,0.2983532810883919,0.019228751449199055,Volatile,8
32,60,29,14,17,36.2,40.0,35.714285714285715,30.11764705882353,0.2983532810883919,0.019228751449199055,Volatile,8
33,60,29,14,17,36.3,41.0,35.285714285714285,29.11764705882353,0.29835328108839193,0.01922875144919906,Volatile,8
34,60,29,14,17,36.4,42.0,34.857142857142854,28.11764705882353,0.2983532810883918,0.019228751449199055,Volatile,8
35,60,29,14,17,41.5,43.0,40.142857142857146,40.05882352941177,0.2983532810883918,0.01922875144919906,Volatile,8
36,60,29,14,17,41.6,44.0,39.714285714285715,39.05882352941177,0.2983532810883919,0.019228751449199055,Volatile,8
37,60,29,14,17,41.7,45.0,39.285714285714285,38.05882352941177,0.2983532810883918,0.01922875144919906,Volatile,8
38,60,29,14,17,41.8,46.0,38.857142857142854,37.05882352941177,0.2983532810883919,0.01922875144919906,Volatile,8
39,60,29,14,17,41.9,47.0,38.42857142857143,36.05882352941177,0.29835328108839193,0.019228751449199062,Volatile,8
40,60,29,14,17,42.0,48.0,38.0,35.05882352941177,0.2983532810883919,0.01922875144919906,Volatile,8
41,60,29,14,17,42.1,49.0,37.57142857142857,34.05882352941177,0.2983532810883919,0.019228751449199062,Volatile,8
42,60,29,14,17,46.53333333333333,50.0,41.42857142857143,44.8235294117647,0.29835328108839193,0.01922875144919906,Volatile,8
43,60,29,14,17,46.63333333333333,51.0,41.0,43.8235294117647,0.29835328108839193,0.01922875144919906,Volatile,8
44,60,29,14,17,46.733333333333334,52.0,40.57142857142857,42.8235294117647,0.29835328108839193,0.01922875144919906,Volatile,8
45,60,29,14,17,46.833333333333336,53.0,40.142857142857146,41.8235294117647,0.2983532810883919,0.01922875144919906,Volatile,8
46,60,29,14,17,46.93333333333333,54.0,39.714285714285715,40.8235294117647,0.29835328108839193,0.019228751449199055,Volatile,8
47,60,29,14,17,47.03333333333333,55.0,39.285714285714285,39.8235294117647,0.2983532810883919,0.019228751449199055,Volatile,8
48,56,29,12,15,50.5,56.0,45.333333333333336,44.0,0.30750371983296254,0.01888122372022186,Volatile,8
49,56,29,12,15,54.607142857142854,57.0,51.666666666666664,52.333333333333336,0.30750371983296254,0.01888122372022186,Volatile,8
50,56,29,12,15,54.785714285714285,58.0,51.333333333333336,51.333333333333336,0.30750371983296254,0.01888122372022186,Volatile,8
51,56,29,12,15,54.964285714285715,59.0,51.0,50.333333333333336,0.30750371983296254,0.01888122372022186,Volatile,8
52,56,29,12,15,55.142857142857146,60.0,50.666666666666664,49.333333333333336,0.30750371983296254,0.01888122372022186,Volatile,8
53,56,29,12,15,55.32142857142857,61.0,50.333333333333336,48.333333333333336,0.30750371983296254,0.01888122372022186,Volatile,8
54,56,29,12,15,55.5,62.0,50.0,47.333333333333336,0.30750371983296254,0.01888122372022186,Volatile,8
55,56,29,12,15,55.67857142857143,63.0,49.666666666666664,46.333333333333336,0.30750371983296254,0.01888122372022186,Volatile,8
56,56,29,12,15,60.142857142857146,64.0,57.666666666666664,54.666666666666664,0.30750371983296254,0.01888122372022186,Volatile,8
57,56,29,12,15,60.32142857142857,65.0,57.333333333333336,53.666666666666664,0.30750371983296254,0.01888122372022186,Volatile,8
58,56,29,12,15,60.5,66.0,57.0,52.666666666666664,0.30750371983296254,0.01888122372022186,Volatile,8
59,56,29,12,15,60.67857142857143,67.0,56.666666666666664,51.666666666666664,0.3075037198329625,0.01888122372022186,Volatile,8
60,56,29,12,15,60.857142857142854,68.0,56.333333333333336,50.666666666666664,0.30750371983296254,0.01888122372022186,Volatile,8
61,56,29,12,15,61.035714285714285,69.0,56.0,49.666666666666664,0.30750371983296254,0.01888122372022186,Volatile,8
62,56,29,12,15,61.214285714285715,70.0,55.666666666666664,48.666666666666664,0.30750371983296254,0.01888122372022186,Volatile,8
63,56,29,12,15,65.32142857142857,71.0,60.333333333333336,58.333333333333336,0.30750371983296254,0.01888122372022186,Volatile,8
64,56,29,12,15,65.5,72.0,60.0,57.333333333333336,0.30750371983296254,0.01888122372022186,Volatile,8
65,56,29,12,15,65.67857142857143,73.0,59.666666666666664,56.333333333333336,0.30750371983296254,0.018881223720221864,Volatile,8
66,56,29,12,15,65.85714285714286,74.0,59.333333333333336,55.333333333333336,0.30750371983296254,0.01888122372022186,Volatile,8
67,56,29,12,15,66.03571428571429,75.0,59.0,54.333333333333336,0.30750371983296254,0.018881223720221864,Volatile,8
68,55,29,12,14,67.41818181818182,76.0,58.666666666666664,57.142857142857146,0.31175032629039534,0.018202289112720874,Volatile,8
69,55,29,12,14,67.61818181818182,77.0,58.333333333333336,56.142857142857146,0.31175032629039534,0.018202289112720874,Volatile,8
70,55,29,12,14,72.54545454545455,78.0,66.33333333333333,66.57142857142857,0.31175032629039534,0.018202289112720874,Volatile,8
71,55,29,12,14,72.74545454545455,79.0,66.0,65.57142857142857,0.31175032629039534,0.018202289112720878,Volatile,8
72,55,29,12,14,72.94545454545455,80.0,65.66666666666667,64.57142857142857,0.31175032629039534,0.018202289112720874,Volatile,8
73,55,29,12,14,73.14545454545454,81.0,65.33333333333333,63.57142857142857,0.31175032629039534,0.018202289112720878,Volatile,8
74,55,29,12,14,73.34545454545454,82.0,65.0,62.57142857142857,0.3117503262903953,0.018202289112720878,Volatile,8
75,55,29,12,14,73.54545454545455,83.0,64.66666666666667,61.57142857142857,0.31175032629039534,0.018202289112720874,Volatile,8
76,55,29,12,14,73.74545454545455,84.0,64.33333333333333,60.57142857142857,0.31175032629039534,0.018202289112720874,Volatile,8
77,55,29,12,14,79.03636363636363,85.0,74.0,71.0,0.31175032629039534,0.018202289112720874,Volatile,8
78,55,29,12,14,79.23636363636363,86.0,73.66666666666667,70.0,0.31175032629039534,0.018202289112720874,Volatile,8
79,55,29,12,14,79.43636363636364,87.0,73.33333333333333,69.0,0.31175032629039534,0.018202289112720874,Volatile,8
80,55,29,12,14,79.63636363636364,88.0,73.0,68.0,0.31175032629039534,0.018202289112720878,Volatile,8
81,55,29,12,14,79.83636363636364,89.0,72.66666666666667,67.0,0.31175032629039534,0.018202289112720878,Volatile,8
82,55,29,12,14,80.03636363636363,90.0,72.33333333333333,66.0,0.31175032629039534,0.018202289112720874,Volatile,8
83,55,29,12,14,80.23636363636363,91.0,72.0,65.0,0.31175032629039534,0.018202289112720874,Volatile,8
84,55,29,12,14,84.8,92.0,78.33333333333333,75.42857142857143,0.3117503262903954,0.018202289112720878,Volatile,8
85,55,29,12,14,85.0,93.0,78.0,74.42857142857143,0.31175032629039534,0.018202289112720874,Volatile,8
86,55,29,12,14,85.2,94.0,77.66666666666667,73.42857142857143,0.31175032629039534,0.018202289112720874,Volatile,8
87,55,29,12,14,85.4,95.0,77.33333333333333,72.42857142857143,0.31175032629039534,0.018202289112720874,Volatile,8
88,55,29,12,14,85.6,96.0,77.0,71.42857142857143,0.31175032629039534,0.018202289112720878,Volatile,8
89,55,29,12,14,85.8,97.0,76.66666666666667,70.42857142857143,0.31175032629039534,0.018202289112720874,Volatile,8
90,55,29,12,14,86.0,98.0,76.33333333333333,69.42857142857143,0.3117503262903953,0.018202289112720874,Volatile,8
91,55,29,12,14,90.92727272727272,99.0,84.33333333333333,79.85714285714286,0.31175032629039534,0.018202289112720874,Volatile,8
92,55,29,12,14,91.12727272727273,100.0,84.0,78.85714285714286,0.3117503262903953,0.018202289112720874,Volatile,8
93,55,29,12,14,91.32727272727273,101.0,83.66666666666667,77.85714285714286,0.3117503262903954,0.018202289112720874,Volatile,8
94,55,29,12,14,91.52727272727273,102.0,83.33333333333333,76.85714285714286,0.31175032629039534,0.018202289112720874,Volatile,8
95,55,29,12,14,91.72727272727273,103.0,83.0,75.85714285714286,0.3117503262903953,0.018202289112720874,Volatile,8
96,55,29,12,14,91.92727272727272,104.0,82.66666666666667,74.85714285714286,0.31175032629039534,0.018202289112720874,Volatile,8
97,55,29,12,14,92.12727272727273,105.0,82.33333333333333,73.85714285714286,0.3117503262903954,0.018202289112720878,Volatile,8
98,55,29,12,14,97.05454545454545,106.0,90.33333333333333,84.28571428571429,0.31175032629039534,0.018202289112720874,Volatile,8
99,55,29,12,14,97.25454545454545,107.0,90.0,83.28571428571429,0.3117503262903953,0.018202289112720874,Volatile,8
100,55,29,12,14,97.45454545454545,108.0,89.66666666666667,82.28571428571429,0.3117503262903954,0.018202289112720874,Volatile,8
101,55,29,12,14,97.65454545454546,109.0,89.33333333333333,81.28571428571429,0.3117503262903953,0.018202289112720874,Volatile,8
102,55,29,12,14,97.85454545454546,110.0,89.0,80.28571428571429,0.3117503262903954,0.018202289112720874,Volatile,8
103,55,29,12,14,98.05454545454545,111.0,88.66666666666667,79.28571428571429,0.3117503262903953,0.018202289112720878,Volatile,8
104,55,29,12,14,98.25454545454545,112.0,88.33333333333333,78.28571428571429,0.31175032629039534,0.018202289112720874,Volatile,8
105,55,29,12,14,102.81818181818181,113.0,96.33333333333333,87.28571428571429,0.31175032629039534,0.018202289112720874,Volatile,8
106,55,29,12,14,103.01818181818182,114.0,96.0,86.28571428571429,0.3117503262903954,0.018202289112720874,Volatile,8
107,55,29,12,14,103.21818181818182,115.0,95.66666666666667,85.28571428571429,0.31175032629039534,0.01820228911272087,Volatile,8
108,55,29,12,14,103.41818181818182,116.0,95.33333333333333,84.28571428571429,0.31175032629039534,0.018202289112720874,Volatile,8
109,55,29,12,14,103.61818181818182,117.0,95.0,83.28571428571429,0.31175032629039534,0.018202289112720874,Volatile,8
110,55,29,12,14,103.81818181818181,118.0,94.66666666666667,82.28571428571429,0.31175032629039534,0.018202289112720874,Volatile,8
0,100,31,28,41,8.0,8.0,8.0,8.0,0.25481509767880506,0.01774413600145765,Volatile,9
1,100,31,28,41,7.68,9.0,7.214285714285714,7.0,0.2548150976788051,0.017744136001457654,Volatile,9
2,100,31,28,41,7.36,10.0,6.428571428571429,6.0,0.2548150976788051,0.01774413600145765,Volatile,9
3,100,31,28,41,7.04,11.0,5.642857142857143,5.0,0.2548150976788051,0.017744136001457654,Volatile,9
4,100,31,28,41,6.72,12.0,4.857142857142857,4.0,0.2548150976788051,0.017744136001457654,Volatile,9
5,100,31,28,41,6.4,13.0,4.071428571428571,3.0,0.25481509767880506,0.017744136001457654,Volatile,9
6,100,31,28,41,6.08,14.0,3.2857142857142856,2.0,0.25481509767880506,0.017744136001457654,Volatile,9
7,100,31,28,41,11.96,15.0,11.071428571428571,10.268292682926829,0.2548150976788051,0.01774413600145765,Volatile,9
8,65,31,15,19,17.907692307692308,16.0,19.2,20.0,0.29620279350711265,0.019083363430545865,Volatile,9
9,65,31,15,19,17.953846153846154,17.0,18.6,19.0,0.29620279350711265,0.019083363430545865,Volatile,9
10,65,31,15,19,18.0,18.0,18.0,18.0,0.2962027935071127,0.01908336343054587,Volatile,9
11,65,31,15,19,18.046153846153846,19.0,17.4,17.0,0.2962027935071127,0.019083363430545865,Volatile,9
12,65,31,15,19,18.092307692307692,20.0,16.8,16.0,0.29620279350711265,0.019083363430545865,Volatile,9
13,65,31,15,19,18.138461538461538,21.0,16.2,15.0,0.29620279350711265,0.019083363430545862,Volatile,9
14,65,31,15,19,23.107692307692307,22.0,23.6,24.526315789473685,0.2962027935071127,0.019083363430545865,Volatile,9
15,65,31,15,19,23.153846153846153,23.0,23.0,23.526315789473685,0.29620279350711265,0.019083363430545865,Volatile,9
16,65,31,15,19,23.2,24.0,22.4,22.526315789473685,0.2962027935071127,0.019083363430545865,Volatile,9
17,65,31,15,19,23.246153846153845,25.0,21.8,21.526315789473685,0.2962027935071127,0.019083363430545865,Volatile,9
18,65,31,15,19,23.29230769230769,26.0,21.2,20.526315789473685,0.2962027935071127,0.019083363430545865,Volatile,9
19,65,31,15,19,23.338461538461537,27.0,20.6,19.526315789473685,0.29620279350711265,0.019083363430545865,Volatile,9
20,65,31,15,19,23.384615384615383,28.0,20.0,18.526315789473685,0.29620279350711265,0.019083363430545865,Volatile,9
21,65,31,15,19,28.661538461538463,29.0,24.733333333333334,31.210526315789473,0.2962027935071127,0.019083363430545862,Volatile,9
22,65,31,15,19,28.70769230769231,30.0,24.133333333333333,30.210526315789473,0.2962027935071127,0.019083363430545862,Volatile,9
23,65,31,15,19,28.753846153846155,31.0,23.533333333333335,29.210526315789473,0.29620279350711265,0.019083363430545865,Volatile,9
24,65,31,15,19,28.8,32.0,22.933333333333334,28.210526315789473,0.29620279350711265,0.019083363430545865,Volatile,9
25,65,31,15,19,28.846153846153847,33.0,22.333333333333332,27.210526315789473,0.2962027935071127,0.019083363430545862,Volatile,9
26,65,31,15,19,28.892307692307693,34.0,21.733333333333334,26.210526315789473,0.29620279350711265,0.019083363430545865,Volatile,9
27,65,31,15,19,28.93846153846154,35.0,21.133333333333333,25.210526315789473,0.2962027935071127,0.019083363430545862,Volatile,9
28,56,31,10,15,37.214285714285715,36.0,42.8,36.0,0.31237412575511786,0.018933741302909507,Volatile,9
29,56,31,10,15,37.42857142857143,37.0,42.4,35.0,0.31237412575511786,0.0189337413029095,Volatile,9
30,56,31,10,15,37.642857142857146,38.0,42.0,34.0,0.31237412575511786,0.018933741302909507,Volatile,9
31,56,31,10,15,37.857142857142854,39.0,41.6,33.0,0.31237412575511786,0.0189337413029095,Volatile,9
32,56,31,10,15,38.07142857142857,40.0,41.2,32.0,0.31237412575511786,0.0189337413029095,Volatile,9
33,56,31,10,15,38.285714285714285,41.0,40.8,31.0,0.31237412575511786,0.018933741302909507,Volatile,9
34,56,31,10,15,38.5,42.0,40.4,30.0,0.31237412575511786,0.018933741302909507,Volatile,9
35,56,31,10,15,43.0,43.0,46.0,41.0,0.31237412575511786,0.0189337413029095,Volatile,9
36,56,31,10,15,43.214285714285715,44.0,45.6,40.0,0.31237412575511786,0.018933741302909497,Volatile,9
37,56,31,10,15,43.42857142857143,45.0,45.2,39.0,0.31237412575511786,0.018933741302909507,Volatile,9
38,56,31,10,15,43.642857142857146,46.0,44.8,38.0,0.31237412575511786,0.0189337413029095,Volatile,9
39,56,31,10,15,43.857142857142854,47.0,44.4,37.0,0.31237412575511786,0.018933741302909507,Volatile,9
40,56,31,10,15,44.07142857142857,48.0,44.0,36.0,0.31237412575511786,0.018933741302909497,Volatile,9
41,56,31,10,15,44.285714285714285,49.0,43.6,35.0,0.31237412575511786,0.018933741302909497,Volatile,9
42,56,31,10,15,49.142857142857146,50.0,49.2,47.333333333333336,0.3123741257551179,0.0189337413029095,Volatile,9
43,56,31,10,15,49.357142857142854,51.0,48.8,46.333333333333336,0.31237412575511786,0.0189337413029095,Volatile,9
44,56,31,10,15,49.57142857142857,52.0,48.4,45.333333333333336,0.31237412575511786,0.018933741302909507,Volatile,9
45,56,31,10,15,49.785714285714285,53.0,48.0,44.333333333333336,0.31237412575511786,0.0189337413029095,Volatile,9
46,56,31,10,15,50.0,54.0,47.6,43.333333333333336,0.31237412575511786,0.0189337413029095,Volatile,9
47,56,31,10,15,50.214285714285715,55.0,47.2,42.333333333333336,0.31237412575511786,0.0189337413029095,Volatile,9
48,56,31,10,15,50.42857142857143,56.0,46.8,41.333333333333336,0.31237412575511786,0.0189337413029095,Volatile,9
49,56,31,10,15,53.142857142857146,57.0,50.4,47.0,0.31237412575511786,0.0189337413029095,Volatile,9
50,56,31,10,15,53.357142857142854,58.0,50.0,46.0,0.31237412575511786,0.0189337413029095,Volatile,9
51,56,31,10,15,53.57142857142857,59.0,49.6,45.0,0.31237412575511786,0.0189337413029095,Volatile,9
52,56,31,10,15,53.785714285714285,60.0,49.2,44.0,0.31237412575511786,0.0189337413029095,Volatile,9
53,56,31,10,15,54.0,61.0,48.8,43.0,0.31237412575511786,0.018933741302909507,Volatile,9
54,56,31,10,15,54.214285714285715,62.0,48.4,42.0,0.31237412575511786,0.018933741302909507,Volatile,9
55,56,31,10,15,54.42857142857143,63.0,48.0,41.0,0.31237412575511786,0.018933741302909497,Volatile,9
56,56,31,10,15,59.285714285714285,64.0,53.6,53.333333333333336,0.31237412575511786,0.0189337413029095,Volatile,9
57,56,31,10,15,59.5,65.0,53.2,52.333333333333336,0.31237412575511786,0.0189337413029095,Volatile,9
58,56,31,10,15,59.714285714285715,66.0,52.8,51.333333333333336,0.31237412575511786,0.0189337413029095,Volatile,9
59,56,31,10,15,59.92857142857143,67.0,52.4,50.333333333333336,0.31237412575511786,0.0189337413029095,Volatile,9
60,56,31,10,15,60.142857142857146,68.0,52.0,49.333333333333336,0.31237412575511786,0.018933741302909507,Volatile,9
61,56,31,10,15,60.357142857142854,69.0,51.6,48.333333333333336,0.31237412575511786,0.0189337413029095,Volatile,9
62,56,31,10,15,60.57142857142857,70.0,51.2,47.333333333333336,0.31237412575511786,0.0189337413029095,Volatile,9
63,56,31,10,15,64.71428571428571,71.0,56.8,57.0,0.31237412575511786,0.018933741302909497,Volatile,9
64,56,31,10,15,64.92857142857143,72.0,56.4,56.0,0.31237412575511786,0.0189337413029095,Volatile,9
65,56,31,10,15,65.14285714285714,73.0,56.0,55.0,0.31237412575511786,0.0189337413029095,Volatile,9
66,56,31,10,15,65.35714285714286,74.0,55.6,54.0,0.31237412575511786,0.018933741302909497,Volatile,9
67,56,31,10,15,65.57142857142857,75.0,55.2,53.0,0.31237412575511786,0.0189337413029095,Volatile,9
68,56,31,10,15,65.78571428571429,76.0,54.8,52.0,0.31237412575511786,0.0189337413029095,Volatile,9
69,56,31,10,15,66.0,77.0,54.4,51.0,0.31237412575511786,0.0189337413029095,Volatile,9
70,56,31,10,15,69.42857142857143,78.0,60.0,58.0,0.31237412575511786,0.018933741302909507,Volatile,9
71,56,31,10,15,69.64285714285714,79.0,59.6,57.0,0.31237412575511786,0.018933741302909507,Volatile,9
72,56,31,10,15,69.85714285714286,80.0,59.2,56.0,0.31237412575511786,0.0189337413029095,Volatile,9
73,56,31,10,15,70.07142857142857,81.0,58.8,55.0,0.31237412575511786,0.0189337413029095,Volatile,9
74,56,31,10,15,70.28571428571429,82.0,58.4,54.0,0.31237412575511786,0.018933741302909507,Volatile,9
75,56,31,10,15,70.5,83.0,58.0,53.0,0.31237412575511786,0.0189337413029095,Volatile,9
76,56,31,10,15,70.71428571428571,84.0,57.6,52.0,0.31237412575511786,0.0189337413029095,Volatile,9
77,56,31,10,15,74.5,85.0,61.2,61.666666666666664,0.3123741257551179,0.018933741302909507,Volatile,9
78,56,31,10,15,74.71428571428571,86.0,60.8,60.666666666666664,0.31237412575511786,0.0189337413029095,Volatile,9
79,56,31,10,15,74.92857142857143,87.0,60.4,59.666666666666664,0.31237412575511786,0.018933741302909507,Volatile,9
80,56,31,10,15,75.14285714285714,88.0,60.0,58.666666666666664,0.31237412575511786,0.018933741302909497,Volatile,9
81,56,31,10,15,75.35714285714286,89.0,59.6,57.666666666666664,0.3123741257551179,0.018933741302909507,Volatile,9
82,56,31,10,15,75.57142857142857,90.0,59.2,56.666666666666664,0.31237412575511786,0.0189337413029095,Volatile,9
83,56,31,10,15,75.78571428571429,91.0,58.8,55.666666666666664,0.31237412575511786,0.0189337413029095,Volatile,9
84,56,31,10,15,79.21428571428571,92.0,66.4,61.333333333333336,0.31237412575511786,0.018933741302909507,Volatile,9
85,56,31,10,15,79.42857142857143,93.0,66.0,60.333333333333336,0.31237412575511786,0.0189337413029095,Volatile,9
86,56,31,10,15,79.64285714285714,94.0,65.6,59.333333333333336,0.31237412575511786,0.018933741302909507,Volatile,9
87,56,31,10,15,79.85714285714286,95.0,65.2,58.333333333333336,0.31237412575511786,0.0189337413029095,Volatile,9
88,54,31,10,13,83.03703703703704,96.0,64.8,66.15384615384616,0.3201160005205481,0.017863557445719547,Volatile,9
89,54,31,10,13,83.29629629629629,97.0,64.4,65.15384615384616,0.32011600052054806,0.017863557445719547,Volatile,9
90,54,31,10,13,83.55555555555556,98.0,64.0,64.15384615384616,0.32011600052054806,0.01786355744571955,Volatile,9
91,54,31,10,13,87.14814814814815,99.0,69.6,72.38461538461539,0.3201160005205481,0.017863557445719543,Volatile,9
92,54,31,10,13,87.4074074074074,100.0,69.2,71.38461538461539,0.32011600052054817,0.017863557445719547,Volatile,9
93,54,31,10,13,87.66666666666667,101.0,68.8,70.38461538461539,0.3201160005205481,0.017863557445719547,Volatile,9
94,54,31,10,13,87.92592592592592,102.0,68.4,69.38461538461539,0.3201160005205481,0.017863557445719547,Volatile,9
95,54,31,10,13,88.18518518518519,103.0,68.0,68.38461538461539,0.32011600052054806,0.01786355744571955,Volatile,9
96,54,31,10,13,88.44444444444444,104.0,67.6,67.38461538461539,0.32011600052054806,0.01786355744571955,Volatile,9
97,54,31,10,13,88.70370370370371,105.0,67.2,66.38461538461539,0.3201160005205481,0.01786355744571955,Volatile,9
98,54,31,10,13,92.29629629629629,106.0,74.8,73.07692307692308,0.3201160005205481,0.01786355744571955,Volatile,9
99,54,31,10,13,92.55555555555556,107.0,74.4,72.07692307692308,0.32011600052054806,0.017863557445719547,Volatile,9
100,54,31,10,13,92.81481481481481,108.0,74.0,71.07692307692308,0.32011600052054806,0.017863557445719547,Volatile,9
101,54,31,10,13,93.07407407407408,109.0,73.6,70.07692307692308,0.3201160005205481,0.017863557445719547,Volatile,9
102,54,31,10,13,93.33333333333333,110.0,73.2,69.07692307692308,0.3201160005205481,0.017863557445719543,Volatile,9
103,54,31,10,13,93.5925925925926,111.0,72.8,68.07692307692308,0.3201160005205481,0.01786355744571955,Volatile,9
104,54,31,10,13,93.85185185185185,112.0,72.4,67.07692307692308,0.32011600052054806,0.017863557445719547,Volatile,9
105,54,31,10,13,98.18518518518519,113.0,76.0,79.92307692307692,0.32011600052054806,0.01786355744571955,Volatile,9
106,54,31,10,13,98.44444444444444,114.0,75.6,78.92307692307692,0.3201160005205481,0.017863557445719547,Volatile,9
107,54,31,10,13,98.70370370370371,115.0,75.2,77.92307692307692,0.3201160005205481,0.017863557445719547,Volatile,9
108,54,31,10,13,98.96296296296296,116.0,74.8,76.92307692307692,0.320116000520548,0.017863557445719547,Volatile,9
109,54,31,10,13,99.22222222222223,117.0,74.4,75.92307692307692,0.3201160005205481,0.01786355744571955,Volatile,9
110,54,31,10,13,99.48148148148148,118.0,74.0,74.92307692307692,0.32011600052054806,0.01786355744571955,Volatile,9
0,100,36,34,30,8.0,8.0,8.0,8.0,0.28868176927986045,0.016750130454984174,Harsh,0
1,99,36,33,30,7.929292929292929,9.0,7.606060606060606,7.0,0.2886632600251631,0.01692101554466928,Harsh,0
2,99,36,33,30,7.858585858585859,10.0,7.212121212121212,6.0,0.2886632600251631,0.01692101554466928,Harsh,0
3,99,36,33,30,7.787878787878788,11.0,6.818181818181818,5.0,0.2886632600251631,0.016921015544669276,Harsh,0
4,98,36,33,29,7.755102040816326,12.0,6.424242424242424,4.0,0.291094470381186,0.016504258752538546,Harsh,0
5,97,36,33,28,7.742268041237113,13.0,6.03030303030303,3.0,0.29255192391600726,0.016465840951175564,Harsh,0
6,95,35,32,28,7.684210526315789,14.0,5.75,2.0,0.29150624145172743,0.016600339448028207,Harsh,0
7,91,33,32,26,18.164835164835164,15.0,19.125,21.0,0.2908546220642843,0.016436052856339933,Harsh,0
8,90,33,32,25,18.08888888888889,16.0,18.75,20.0,0.29326685552449516,0.016085260781881563,Harsh,0
9,89,32,32,25,18.0561797752809,17.0,18.375,19.0,0.2914241879150804,0.01595898709088617,Harsh,0
10,89,32,32,25,18.0,18.0,18.0,18.0,0.2914241879150804,0.01595898709088617,Harsh,0
11,88,32,32,24,17.954545454545453,19.0,17.625,17.0,0.2936148828036268,0.015710390430439862,Harsh,0
12,88,32,32,24,17.90909090909091,20.0,17.25,16.0,0.2936148828036268,0.015710390430439862,Harsh,0
13,86,32,31,23,17.86046511627907,21.0,16.741935483870968,15.0,0.29433772928806035,0.01591170946069728,Harsh,0
14,85,31,31,23,28.352941176470587,22.0,30.516129032258064,34.0,0.2934827428055135,0.01603752000449345,Harsh,0
15,84,31,31,22,28.238095238095237,23.0,30.096774193548388,33.0,0.29531163919497244,0.015943004405702982,Harsh,0
16,83,31,30,22,28.14457831325301,24.0,29.6,32.0,0.2952713848123181,0.016137293513874593,Harsh,0
17,83,31,30,22,28.10843373493976,25.0,29.2,31.0,0.2952713848123181,0.01613729351387459,Harsh,0
18,82,31,29,22,28.048780487804876,26.0,28.75862068965517,30.0,0.2949639419612586,0.016328577252910332,Harsh,0
19,80,30,29,21,28.025,27.0,28.379310344827587,29.0,0.2965200965985165,0.015822720535146956,Harsh,0
20,80,30,29,21,28.0,28.0,28.0,28.0,0.2965200965985165,0.015822720535146956,Harsh,0
21,76,28,28,20,38.23684210526316,29.0,41.214285714285715,47.0,0.2958355438205962,0.015611483194602599,Harsh,0
22,75,28,27,20,38.10666666666667,30.0,40.666666666666664,46.0,0.2967857053973906,0.015752908642833807,Harsh,0
23,75,28,27,20,38.093333333333334,31.0,40.333333333333336,45.0,0.2967857053973906,0.015752908642833803,Harsh,0
24,75,28,27,20,38.08,32.0,40.0,44.0,0.2967857053973906,0.015752908642833803,Harsh,0
25,73,28,26,19,38.06849315068493,33.0,39.92307692307692,43.0,0.29784258094102095,0.01592422152291465,Harsh,0
26,72,27,26,19,38.111111111111114,34.0,39.53846153846154,42.0,0.2957079743310885,0.015811193621647197,Harsh,0
27,71,27,26,18,38.04225352112676,35.0,39.15384615384615,41.0,0.2981218386648978,0.015611549243318588,Harsh,0
28,71,27,26,18,48.16901408450704,36.0,52.61538461538461,60.0,0.2981218386648977,0.015611549243318581,Harsh,0
29,71,27,26,18,48.15492957746479,37.0,52.23076923076923,59.0,0.29812183866489783,0.015611549243318585,Harsh,0
30,71,27,26,18,48.140845070422536,38.0,51.84615384615385,58.0,0.29812183866489783,0.015611549243318585,Harsh,0
31,71,27,26,18,48.12676056338028,39.0,51.46153846153846,57.0,0.2981218386648978,0.015611549243318588,Harsh,0
32,69,26,26,17,48.11594202898551,40.0,51.07692307692308,56.0,0.29886373125501914,0.015068339931136958,Harsh,0
33,68,26,25,17,48.0,41.0,50.52,55.0,0.29994688043773626,0.015211080655224356,Harsh,0
34,67,26,25,16,47.91044776119403,42.0,50.16,54.0,0.3025388825069433,0.014977773227952294,Harsh,0
35,67,26,25,16,57.776119402985074,43.0,63.4,73.0,0.3025388825069432,0.014977773227952294,Harsh,0
36,63,26,23,14,57.77777777777778,44.0,64.69565217391305,72.0,0.3076510303350251,0.014539692293046615,Harsh,0
37,61,26,21,14,57.78688524590164,45.0,64.80952380952381,71.0,0.30723440563591375,0.015011284240776036,Harsh,0
38,60,26,20,14,57.6,46.0,64.0,70.0,0.3074435247467094,0.015262999995074788,Harsh,0
39,59,26,19,14,57.813559322033896,47.0,64.36842105263158,69.0,0.3069501446751173,0.01551129791587855,Harsh,0
40,58,26,18,14,57.6551724137931,48.0,63.55555555555556,68.0,0.30698802620067545,0.01578333979854051,Harsh,0
41,58,26,18,14,57.689655172413794,49.0,63.0,67.0,0.30698802620067556,0.01578333979854051,Harsh,0
42,54,24,16,14,68.0,50.0,79.25,86.0,0.30159077410135116,0.015774831572460176,Harsh,0
43,53,23,16,14,68.32075471698113,51.0,78.625,85.0,0.29921001925349094,0.01576623606782027,Harsh,0
44,51,23,16,12,67.68627450980392,52.0,78.0,84.0,0.3082370465386103,0.014186819946820237,Harsh,0
45,48,22,14,12,67.375,53.0,76.57142857142857,83.0,0.30459253977372885,0.014333891141072074,Harsh,0
46,46,21,14,11,67.3913043478261,54.0,76.0,82.0,0.30628882909116856,0.014420996020137345,Harsh,0
47,45,21,14,10,67.13333333333334,55.0,75.42857142857143,81.0,0.3112585174974416,0.01358682656807751,Harsh,0
48,45,21,14,10,67.2,56.0,74.85714285714286,80.0,0.3112585174974416,0.013586826568077515,Harsh,0
49,40,20,12,8,74.85,57.0,88.5,99.0,0.32324332931170213,0.011680090004849335,Harsh,0
50,40,20,12,8,75.0,58.0,88.0,98.0,0.3232433293117021,0.011680090004849337,Harsh,0
51,39,19,12,8,75.56410256410257,59.0,87.5,97.0,0.32232685330839156,0.011952979528849456,Harsh,0
52,38,18,12,8,76.10526315789474,60.0,87.0,96.0,0.321284438308203,0.012232509131619981,Harsh,0
53,36,18,11,7,75.16666666666667,61.0,85.72727272727273,95.0,0.3270258620069188,0.012005126067346402,Harsh,0
54,33,16,10,7,75.57575757575758,62.0,84.4,94.0,0.3244602420879723,0.012789574625390812,Harsh,0
55,32,15,10,7,76.125,63.0,84.0,93.0,0.32115272525046673,0.012829487064349086,Harsh,0
56,31,14,10,7,85.6774193548387,64.0,97.6,112.0,0.317979510369584,0.012924178688533605,Harsh,0
57,30,13,10,7,86.46666666666667,65.0,97.2,111.0,0.3167415427680115,0.013320692287525625,Harsh,0
58,26,11,9,6,86.3076923076923,66.0,95.33333333333333,110.0,0.32002111118020726,0.011031551248563438,Harsh,0
59,25,11,9,5,85.48,67.0,95.0,109.0,0.32623807606420585,0.010444410715596637,Harsh,0
60,25,11,9,5,85.6,68.0,94.66666666666667,108.0,0.32623807606420585,0.010444410715596637,Harsh,0
61,24,11,8,5,84.83333333333333,69.0,92.75,107.0,0.32780674763376355,0.010834322559932002,Harsh,0
62,23,11,7,5,85.65217391304348,70.0,95.71428571428571,106.0,0.32751518653728473,0.01132465884238869,Harsh,0
63,23,11,7,5,94.47826086956522,71.0,109.57142857142857,125.0,0.32751518653728484,0.01132465884238869,Harsh,0
64,20,9,6,5,95.4,72.0,106.66666666666667,124.0,0.32081176950833895,0.011920368208197515,Harsh,0
65,19,9,6,4,94.05263157894737,73.0,106.33333333333333,123.0,0.33216086855616794,0.009863456514484885,Harsh,0
66,18,8,6,4,95.33333333333333,74.0,106.0,122.0,0.32769783505295413,0.010042943105138298,Harsh,0
67,18,8,6,4,95.44444444444444,75.0,105.66666666666667,121.0,0.3276978350529541,0.010042943105138298,Harsh,0
68,14,6,4,4,98.0,76.0,109.0,120.0,0.3140571087142375,0.011551363778278704,Harsh,0
69,14,6,4,4,98.0,77.0,108.5,119.0,0.3140571087142376,0.011551363778278704,Harsh,0
70,13,5,4,4,110.3076923076923,78.0,123.0,138.0,0.2999910172860631,0.009513177684137874,Harsh,0
71,13,5,4,4,110.23076923076923,79.0,122.5,137.0,0.2999910172860631,0.009513177684137874,Harsh,0
72,13,5,4,4,110.15384615384616,80.0,122.0,136.0,0.2999910172860631,0.00951317768413787,Harsh,0
73,13,5,4,4,110.07692307692308,81.0,121.5,135.0,0.29999101728606303,0.009513177684137874,Harsh,0
74,12,4,4,4,112.33333333333333,82.0,121.0,134.0,0.29394418836799135,0.009859466034109416,Harsh,0
75,12,4,4,4,112.16666666666667,83.0,120.5,133.0,0.29394418836799124,0.009859466034109417,Harsh,0
76,12,4,4,4,112.0,84.0,120.0,132.0,0.29394418836799135,0.009859466034109417,Harsh,0
77,12,4,4,4,123.5,85.0,134.5,151.0,0.2939441883679913,0.009859466034109416,Harsh,0
78,11,4,3,4,120.9090909090909,86.0,128.66666666666666,150.0,0.29504317923422263,0.01082946992932277,Harsh,0
79,11,4,3,4,120.81818181818181,87.0,128.33333333333334,149.0,0.29504317923422263,0.01082946992932277,Harsh,0
80,11,4,3,4,120.72727272727273,88.0,128.0,148.0,0.2950431792342226,0.01082946992932277,Harsh,0
81,10,3,3,4,123.8,89.0,127.66666666666667,147.0,0.2868202553843277,0.011206320762522102,Harsh,0
82,10,3,3,4,123.6,90.0,127.33333333333333,146.0,0.2868202553843277,0.011206320762522103,Harsh,0
83,10,3,3,4,123.4,91.0,127.0,145.0,0.2868202553843277,0.011206320762522102,Harsh,0
84,9,2,3,4,140.0,92.0,140.0,164.0,0.27069487395255315,0.009681796686734892,Harsh,0
85,9,2,3,4,139.66666666666666,93.0,139.66666666666666,163.0,0.27069487395255315,0.009681796686734894,Harsh,0
86,9,2,3,4,139.33333333333334,94.0,139.33333333333334,162.0,0.27069487395255315,0.009681796686734894,Harsh,0
87,9,2,3,4,139.0,95.0,139.0,161.0,0.2706948739525531,0.009681796686734892,Harsh,0
88,9,2,3,4,138.66666666666666,96.0,138.66666666666666,160.0,0.27069487395255315,0.009681796686734894,Harsh,0
89,8,2,3,3,135.75,97.0,138.33333333333334,159.0,0.28192463640982973,0.009767804117843615,Harsh,0
90,8,2,3,3,135.5,98.0,138.0,158.0,0.28192463640982973,0.009767804117843615,Harsh,0
91,8,2,3,3,147.75,99.0,151.0,177.0,0.2819246364098298,0.009767804117843615,Harsh,0
92,8,2,3,3,147.5,100.0,150.66666666666666,176.0,0.28192463640982973,0.009767804117843615,Harsh,0
93,7,2,3,2,143.28571428571428,101.0,150.33333333333334,175.0,0.30091269783703345,0.008030671021027114,Harsh,0
94,6,1,3,2,150.0,102.0,150.0,174.0,0.2878238063955574,0.008197724960231877,Harsh,0
95,5,0,3,2,159.0,,149.66666666666666,173.0,0.26041056408980773,0.004611012297436774,Harsh,0
96,5,0,3,2,158.4,,149.33333333333334,172.0,0.26041056408980773,0.004611012297436774,Harsh,0
97,5,0,3,2,157.8,,149.0,171.0,0.26041056408980773,0.004611012297436774,Harsh,0
98,5,0,3,2,173.2,,162.0,190.0,0.26041056408980773,0.004611012297436774,Harsh,0
99,5,0,3,2,172.6,,161.66666666666666,189.0,0.26041056408980773,0.004611012297436774,Harsh,0
100,5,0,3,2,172.0,,161.33333333333334,188.0,0.2604105640898077,0.004611012297436774,Harsh,0
101,4,0,3,1,167.5,,161.0,187.0,0.27897405875451237,0.0038506608354722444,Harsh,0
102,4,0,3,1,167.0,,160.66666666666666,186.0,0.27897405875451237,0.0038506608354722444,Harsh,0
103,2,0,1,1,185.0,,185.0,185.0,0.252639360519961,0.0070738180280724375,Harsh,0
104,2,0,1,1,184.0,,184.0,184.0,0.252639360519961,0.0070738180280724375,Harsh,0
105,2,0,1,1,203.0,,203.0,203.0,0.252639360519961,0.0070738180280724375,Harsh,0
106,2,0,1,1,202.0,,202.0,202.0,0.252639360519961,0.0070738180280724375,Harsh,0
107,2,0,1,1,201.0,,201.0,201.0,0.252639360519961,0.0070738180280724375,Harsh,0
108,2,0,1,1,200.0,,200.0,200.0,0.252639360519961,0.0070738180280724375,Harsh,0
109,2,0,1,1,199.0,,199.0,199.0,0.252639360519961,0.0070738180280724375,Harsh,0
110,2,0,1,1,198.0,,198.0,198.0,0.252639360519961,0.0070738180280724375,Harsh,0
0,100,36,24,40,8.0,8.0,8.0,8.0,0.2594639585393409,0.018921797624857774,Harsh,1
1,99,36,24,39,7.747474747474747,9.0,7.083333333333333,7.0,0.2602608287286628,0.019050729021270228,Harsh,1
2,99,36,24,39,7.494949494949495,10.0,6.166666666666667,6.0,0.26026082872866285,0.01905072902127023,Harsh,1
3,96,35,23,38,7.25,11.0,5.260869565217392,5.0,0.26022981030699155,0.01939713397262295,Harsh,1
4,95,35,23,37,7.031578947368421,12.0,4.3478260869565215,4.0,0.2619209285638921,0.019326017160156594,Harsh,1
5,95,35,23,37,6.7894736842105265,13.0,3.4347826086956523,3.0,0.2619209285638921,0.019326017160156587,Harsh,1
6,92,33,23,36,6.434782608695652,14.0,2.5217391304347827,2.0,0.25893794579786134,0.019112148127423987,Harsh,1
7,91,32,23,36,18.824175824175825,15.0,20.73913043478261,21.0,0.2568795851925863,0.01893038427718818,Harsh,1
8,90,32,23,35,18.533333333333335,16.0,19.82608695652174,20.0,0.25896398447536323,0.018743273315913505,Harsh,1
9,88,32,23,33,18.25,17.0,18.91304347826087,19.0,0.2612226301778214,0.01890479303659185,Harsh,1
10,87,32,23,32,18.0,18.0,18.0,18.0,0.263354786764231,0.018719908326274636,Harsh,1
11,84,30,23,31,17.738095238095237,19.0,17.08695652173913,17.0,0.26053921335893826,0.018106617564590116,Harsh,1
12,84,30,23,31,17.476190476190474,20.0,16.17391304347826,16.0,0.26053921335893815,0.018106617564590116,Harsh,1
13,82,30,23,29,17.26829268292683,21.0,15.26086956521739,15.0,0.26431353350121195,0.017913324391387146,Harsh,1
14,82,30,23,29,29.463414634146343,22.0,33.47826086956522,34.0,0.2643135335012119,0.017913324391387146,Harsh,1
15,81,29,23,29,29.296296296296298,23.0,32.56521739130435,33.0,0.26279703880429384,0.017946303690615534,Harsh,1
16,81,29,23,29,29.037037037037038,24.0,31.652173913043477,32.0,0.26279703880429384,0.01794630369061554,Harsh,1
17,80,29,22,29,28.75,25.0,30.727272727272727,31.0,0.2629871190136471,0.018170508477215724,Harsh,1
18,78,29,21,28,28.46153846153846,26.0,29.80952380952381,30.0,0.26579998121219406,0.01804547658560314,Harsh,1
19,77,29,21,27,28.22077922077922,27.0,28.904761904761905,29.0,0.26700687617283086,0.018167807695298733,Harsh,1
20,75,28,21,26,28.0,28.0,28.0,28.0,0.26715658027580924,0.018019652694765964,Harsh,1
21,74,27,21,26,40.189189189189186,29.0,46.142857142857146,47.0,0.2642123269097778,0.01760744403643672,Harsh,1
22,72,27,20,25,39.77777777777778,30.0,45.2,46.0,0.2675869483396442,0.01748791482350491,Harsh,1
23,72,27,20,25,39.55555555555556,31.0,44.3,45.0,0.2675869483396442,0.017487914823504914,Harsh,1
24,72,27,20,25,39.333333333333336,32.0,43.4,44.0,0.2675869483396442,0.017487914823504914,Harsh,1
25,72,27,20,25,39.111111111111114,33.0,42.5,43.0,0.2675869483396442,0.01748791482350491,Harsh,1
26,72,27,20,25,38.888888888888886,34.0,41.6,42.0,0.2675869483396442,0.017487914823504914,Harsh,1
27,71,26,20,25,38.71830985915493,35.0,40.7,41.0,0.26554914933621027,0.017434481922881242,Harsh,1
28,71,26,20,25,50.87323943661972,36.0,58.8,60.0,0.26554914933621027,0.017434481922881245,Harsh,1
29,70,26,19,25,50.51428571428571,37.0,57.8421052631579,59.0,0.26558663075299,0.01768705438354154,Harsh,1
30,68,25,19,24,50.35294117647059,38.0,56.94736842105263,58.0,0.2651154909618245,0.01710013679686162,Harsh,1
31,67,25,18,24,50.014925373134325,39.0,56.0,57.0,0.26449622181265187,0.01733275705233442,Harsh,1
32,64,23,18,23,50.0,40.0,55.111111111111114,56.0,0.2619640953835726,0.017673092475783643,Harsh,1
33,61,21,17,23,49.950819672131146,41.0,54.1764705882353,55.0,0.25686201024867955,0.01741054428484475,Harsh,1
34,60,21,17,22,49.6,42.0,53.294117647058826,54.0,0.25999016020945737,0.017098616574956715,Harsh,1
35,60,21,17,22,62.0,43.0,71.23529411764706,73.0,0.25999016020945737,0.01709861657495671,Harsh,1
36,60,21,17,22,61.733333333333334,44.0,70.3529411764706,72.0,0.25999016020945737,0.017098616574956715,Harsh,1
37,60,21,17,22,61.46666666666667,45.0,69.47058823529412,71.0,0.25999016020945737,0.017098616574956715,Harsh,1
38,60,21,17,22,61.2,46.0,68.58823529411765,70.0,0.25999016020945737,0.01709861657495671,Harsh,1
39,57,20,16,21,60.89473684210526,47.0,67.625,69.0,0.25870163749448694,0.016940511031240658,Harsh,1
40,57,20,16,21,60.63157894736842,48.0,66.75,68.0,0.25870163749448694,0.016940511031240654,Harsh,1
41,56,20,15,21,60.25,49.0,65.8,67.0,0.2595272074110633,0.017208964728655914,Harsh,1
42,56,20,15,21,72.5,50.0,83.6,86.0,0.2595272074110633,0.01720896472865591,Harsh,1
43,56,20,15,21,72.25,51.0,82.73333333333333,85.0,0.2595272074110633,0.01720896472865591,Harsh,1
44,56,20,15,21,72.0,52.0,81.86666666666666,84.0,0.2595272074110632,0.01720896472865591,Harsh,1
45,54,19,15,20,71.88888888888889,53.0,81.0,83.0,0.25980299936208845,0.017471528480256585,Harsh,1
46,52,19,14,19,71.23076923076923,54.0,80.0,82.0,0.260977219640969,0.017837916648115376,Harsh,1
47,50,18,13,19,71.12,55.0,79.0,81.0,0.25873661600397435,0.0182108317933215,Harsh,1
48,50,18,13,19,70.88,56.0,78.15384615384616,80.0,0.25873661600397435,0.018210831793321502,Harsh,1
49,49,17,13,19,83.57142857142857,57.0,95.76923076923077,99.0,0.2556577373980669,0.01810637497648882,Harsh,1
50,49,17,13,19,83.3061224489796,58.0,94.92307692307692,98.0,0.2556577373980669,0.01810637497648882,Harsh,1
51,46,15,13,18,83.78260869565217,59.0,94.07692307692308,97.0,0.25188164008370445,0.017274512745332204,Harsh,1
52,44,14,13,17,83.72727272727273,60.0,93.23076923076923,96.0,0.25411754999443786,0.016948314656136824,Harsh,1
53,41,13,12,16,83.39024390243902,61.0,92.16666666666667,95.0,0.2548240760797803,0.01704788118693141,Harsh,1
54,40,13,11,16,82.8,62.0,91.0909090909091,94.0,0.254667571929836,0.017483976360435353,Harsh,1
55,40,13,11,16,82.5,63.0,90.27272727272727,93.0,0.254667571929836,0.017483976360435353,Harsh,1
56,36,12,10,14,94.66666666666667,64.0,107.2,112.0,0.2580036797068767,0.01829648240686812,Harsh,1
57,33,11,9,13,94.27272727272727,65.0,105.88888888888889,111.0,0.2588331436245,0.018009622224542655,Harsh,1
58,29,9,8,12,94.82758620689656,66.0,104.5,110.0,0.2559014894942023,0.01804077105367497,Harsh,1
59,27,8,8,11,95.0,67.0,103.75,109.0,0.25619900974171367,0.01645380221608386,Harsh,1
60,26,8,8,10,94.15384615384616,68.0,103.0,108.0,0.26195865766144,0.01618044118473665,Harsh,1
61,24,8,6,10,92.75,69.0,100.66666666666667,107.0,0.2621188220504697,0.017456200634216733,Harsh,1
62,24,8,6,10,92.5,70.0,100.0,106.0,0.2621188220504697,0.017456200634216733,Harsh,1
63,23,8,5,10,103.8695652173913,71.0,114.2,125.0,0.260946392535247,0.018215174562388976,Harsh,1
64,21,7,5,9,104.19047619047619,72.0,113.6,124.0,0.2597997085017816,0.019083348560649926,Harsh,1
65,20,7,5,8,103.0,73.0,113.0,123.0,0.26515358100687053,0.019454111151404437,Harsh,1
66,20,7,5,8,102.8,74.0,112.4,122.0,0.26515358100687053,0.019454111151404437,Harsh,1
67,19,7,5,7,101.63157894736842,75.0,111.8,121.0,0.26914211509398484,0.020199051016352047,Harsh,1
68,19,7,5,7,101.47368421052632,76.0,111.2,120.0,0.26914211509398484,0.02019905101635205,Harsh,1
69,19,7,5,7,101.3157894736842,77.0,110.6,119.0,0.26914211509398484,0.02019905101635205,Harsh,1
70,18,7,5,6,111.33333333333333,78.0,126.0,138.0,0.2750399048476637,0.020687459781979754,Harsh,1
71,17,7,4,6,109.70588235294117,79.0,122.5,137.0,0.27547150407672993,0.021976863453620595,Harsh,1
72,13,5,4,4,110.15384615384616,80.0,122.0,136.0,0.28434151003814023,0.01832612692971423,Harsh,1
73,11,5,4,2,105.54545454545455,81.0,121.5,135.0,0.31066212071625415,0.016855680188716502,Harsh,1
74,11,5,4,2,105.63636363636364,82.0,121.0,134.0,0.31066212071625415,0.016855680188716502,Harsh,1
75,11,5,4,2,105.72727272727273,83.0,120.5,133.0,0.31066212071625415,0.016855680188716506,Harsh,1
76,9,3,4,2,110.66666666666667,84.0,120.0,132.0,0.2881470070394437,0.0179160317153046,Harsh,1
77,9,3,4,2,121.66666666666667,85.0,134.5,151.0,0.2881470070394437,0.017916031715304603,Harsh,1
78,8,3,3,2,118.0,86.0,128.66666666666666,150.0,0.2976706082601035,0.019542561021043688,Harsh,1
79,7,3,2,2,122.42857142857143,87.0,149.0,149.0,0.2924710262412907,0.02254732176162759,Harsh,1
80,5,2,1,2,124.0,88.0,148.0,148.0,0.2760889347888028,0.031153418591188357,Harsh,1
81,5,2,1,2,123.8,89.0,147.0,147.0,0.2760889347888028,0.031153418591188357,Harsh,1
82,5,2,1,2,123.6,90.0,146.0,146.0,0.2760889347888028,0.031153418591188357,Harsh,1
83,5,2,1,2,123.4,91.0,145.0,145.0,0.2760889347888028,0.031153418591188357,Harsh,1
84,5,2,1,2,135.2,92.0,164.0,164.0,0.2760889347888028,0.031153418591188357,Harsh,1
85,4,2,1,1,128.0,93.0,163.0,163.0,0.3104774383999735,0.033654096917481134,Harsh,1
86,4,2,1,1,128.0,94.0,162.0,162.0,0.3104774383999735,0.033654096917481134,Harsh,1
87,4,2,1,1,128.0,95.0,161.0,161.0,0.3104774383999735,0.03365409691748114,Harsh,1
88,4,2,1,1,128.0,96.0,160.0,160.0,0.3104774383999735,0.033654096917481134,Harsh,1
89,4,2,1,1,128.0,97.0,159.0,159.0,0.3104774383999735,0.033654096917481134,Harsh,1
90,4,2,1,1,128.0,98.0,158.0,158.0,0.3104774383999735,0.033654096917481134,Harsh,1
91,4,2,1,1,138.0,99.0,177.0,177.0,0.3104774383999735,0.033654096917481134,Harsh,1
92,3,1,1,1,150.66666666666666,100.0,176.0,176.0,0.25640303378393287,0.03293689796874605,Harsh,1
93,3,1,1,1,150.33333333333334,101.0,175.0,175.0,0.25640303378393287,0.03293689796874605,Harsh,1
94,3,1,1,1,150.0,102.0,174.0,174.0,0.25640303378393287,0.03293689796874605,Harsh,1
95,3,1,1,1,149.66666666666666,103.0,173.0,173.0,0.25640303378393287,0.032936897968746055,Harsh,1
96,3,1,1,1,149.33333333333334,104.0,172.0,172.0,0.25640303378393287,0.03293689796874605,Harsh,1
97,3,1,1,1,149.0,105.0,171.0,171.0,0.25640303378393287,0.03293689796874605,Harsh,1
98,3,1,1,1,162.0,106.0,190.0,190.0,0.25640303378393287,0.032936897968746055,Harsh,1
99,3,1,1,1,161.66666666666666,107.0,189.0,189.0,0.25640303378393287,0.03293689796874605,Harsh,1
100,3,1,1,1,161.33333333333334,108.0,188.0,188.0,0.25640303378393287,0.032936897968746055,Harsh,1
101,2,1,0,1,148.0,109.0,,187.0,0.26006906452866707,0.06579315724896408,Harsh,1
102,2,1,0,1,148.0,110.0,,186.0,0.26006906452866707,0.06579315724896408,Harsh,1
103,2,1,0,1,148.0,111.0,,185.0,0.26006906452866707,0.06579315724896408,Harsh,1
104,2,1,0,1,148.0,112.0,,184.0,0.26006906452866707,0.06579315724896408,Harsh,1
105,2,1,0,1,158.0,113.0,,203.0,0.26006906452866707,0.06579315724896408,Harsh,1
106,2,1,0,1,158.0,114.0,,202.0,0.26006906452866707,0.06579315724896408,Harsh,1
107,2,1,0,1,158.0,115.0,,201.0,0.26006906452866707,0.06579315724896408,Harsh,1
108,2,1,0,1,158.0,116.0,,200.0,0.26006906452866707,0.06579315724896408,Harsh,1
109,2,1,0,1,158.0,117.0,,199.0,0.26006906452866707,0.06579315724896408,Harsh,1
110,2,1,0,1,158.0,118.0,,198.0,0.26006906452866707,0.06579315724896408,Harsh,1
0,100,29,37,34,8.0,8.0,8.0,8.0,0.26386964809606084,0.017037080702792737,Harsh,2
1,99,29,36,34,7.666666666666667,9.0,7.222222222222222,7.0,0.2642324052258283,0.0171976349132452,Harsh,2
2,99,29,36,34,7.333333333333333,10.0,6.444444444444445,6.0,0.26423240522582825,0.0171976349132452,Harsh,2
3,96,28,34,34,7.0,11.0,5.705882352941177,5.0,0.2618880699216154,0.017117550830656178,Harsh,2
4,96,28,34,34,6.666666666666667,12.0,4.9411764705882355,4.0,0.26188806992161534,0.017117550830656178,Harsh,2
5,94,28,34,32,6.404255319148936,13.0,4.176470588235294,3.0,0.264088819178618,0.017240532053480834,Harsh,2
6,94,28,34,32,6.085106382978723,14.0,3.411764705882353,2.0,0.26408881917861804,0.017240532053480837,Harsh,2
7,91,26,33,32,19.021978021978022,15.0,20.272727272727273,21.0,0.25997221421508604,0.01704972410602609,Harsh,2
8,90,26,32,32,18.666666666666668,16.0,19.5,20.0,0.26034691212611705,0.01722837422052179,Harsh,2
9,90,26,32,32,18.333333333333332,17.0,18.75,19.0,0.260346912126117,0.01722837422052179,Harsh,2
10,89,25,32,32,18.0,18.0,18.0,18.0,0.25814342069695334,0.016982201773346292,Harsh,2
11,88,24,32,32,17.636363636363637,19.0,17.25,17.0,0.25587914695924374,0.01671585743395612,Harsh,2
12,88,24,32,32,17.272727272727273,20.0,16.5,16.0,0.25587914695924374,0.01671585743395612,Harsh,2
13,87,23,32,32,16.862068965517242,21.0,15.75,15.0,0.2538522443949966,0.016544490600142674,Harsh,2
14,85,22,31,32,30.32941176470588,22.0,32.45161290322581,34.0,0.2512990703679445,0.016522012115907776,Harsh,2
15,83,22,31,30,29.867469879518072,23.0,31.70967741935484,33.0,0.25512883926024904,0.01625360988950784,Harsh,2
16,81,21,31,29,29.530864197530864,24.0,30.967741935483872,32.0,0.2549679491439422,0.01611749553681153,Harsh,2
17,80,21,31,28,29.125,25.0,30.225806451612904,31.0,0.25647556182229675,0.016135079454975963,Harsh,2
18,78,21,29,28,28.71794871794872,26.0,29.448275862068964,30.0,0.2555879324414987,0.016520015365367475,Harsh,2
19,77,21,28,28,28.350649350649352,27.0,28.714285714285715,29.0,0.2560602225060518,0.016719756544150154,Harsh,2
20,76,20,28,28,28.0,28.0,28.0,28.0,0.254043935720929,0.016625476053219,Harsh,2
21,75,20,28,27,41.24,29.0,44.42857142857143,47.0,0.2561230940493175,0.01651716456311799,Harsh,2
22,74,20,28,26,40.810810810810814,30.0,43.714285714285715,46.0,0.25727858207688276,0.016641918915636756,Harsh,2
23,73,19,28,26,40.58904109589041,31.0,43.0,45.0,0.2552361972454253,0.01656009062293249,Harsh,2
24,73,19,28,26,40.21917808219178,32.0,42.285714285714285,44.0,0.2552361972454253,0.01656009062293249,Harsh,2
25,73,19,28,26,39.84931506849315,33.0,41.57142857142857,43.0,0.2552361972454253,0.01656009062293249,Harsh,2
26,72,19,28,25,39.44444444444444,34.0,40.857142857142854,42.0,0.25703355171951703,0.016554184586597645,Harsh,2
27,72,19,28,25,39.083333333333336,35.0,40.142857142857146,41.0,0.2570335517195171,0.01655418458659764,Harsh,2
28,71,19,27,25,52.225352112676056,36.0,56.44444444444444,60.0,0.257151317102349,0.016789660127552865,Harsh,2
29,71,19,27,25,51.87323943661972,37.0,55.74074074074074,59.0,0.2571513171023489,0.01678966012755287,Harsh,2
30,69,19,27,23,51.333333333333336,38.0,55.03703703703704,58.0,0.2609995423569827,0.01674634383865386,Harsh,2
31,67,19,26,22,50.82089552238806,39.0,54.23076923076923,57.0,0.2629570785182555,0.016927200815712348,Harsh,2
32,66,19,26,21,50.42424242424242,40.0,53.53846153846154,56.0,0.2643397594857861,0.017057557612237928,Harsh,2
33,65,18,26,21,50.261538461538464,41.0,52.84615384615385,55.0,0.26238463935544754,0.01706785535045733,Harsh,2
34,64,18,25,21,50.0625,42.0,52.56,54.0,0.26110728120428106,0.017231033397276947,Harsh,2
35,61,16,25,20,63.65573770491803,43.0,69.4,73.0,0.2577948906178433,0.016932206846354665,Harsh,2
36,61,16,25,20,63.278688524590166,44.0,68.64,72.0,0.2577948906178433,0.01693220684635466,Harsh,2
37,59,15,25,19,63.067796610169495,45.0,67.88,71.0,0.2569290112849673,0.016049638927796907,Harsh,2
38,57,14,24,19,62.8421052631579,46.0,67.0,70.0,0.2524143614129012,0.015849079654002944,Harsh,2
39,55,13,23,19,62.6,47.0,66.1304347826087,69.0,0.24880436749169704,0.015439276021545842,Harsh,2
40,53,13,22,18,61.9622641509434,48.0,65.27272727272727,68.0,0.251352069037495,0.015721143840651177,Harsh,2
41,52,13,21,18,61.46153846153846,49.0,64.42857142857143,67.0,0.2509687667835088,0.01602146208805684,Harsh,2
42,52,13,21,18,74.92307692307692,50.0,80.85714285714286,86.0,0.2509687667835089,0.016021462088056836,Harsh,2
43,51,13,21,17,74.33333333333333,51.0,80.14285714285714,85.0,0.2546738452147848,0.015613779097929657,Harsh,2
44,50,12,21,17,74.4,52.0,79.42857142857143,84.0,0.25221990185576243,0.015619046285159028,Harsh,2
45,50,12,21,17,74.0,53.0,78.71428571428571,83.0,0.25221990185576243,0.01561904628515903,Harsh,2
46,50,12,21,17,73.6,54.0,78.0,82.0,0.2522199018557625,0.015619046285159028,Harsh,2
47,49,12,21,16,73.04081632653062,55.0,77.28571428571429,81.0,0.25557305944120906,0.01537054764125703,Harsh,2
48,47,11,21,15,72.85106382978724,56.0,76.57142857142857,80.0,0.2558978549022986,0.014857514685607696,Harsh,2
49,46,11,20,15,86.21739130434783,57.0,92.7,99.0,0.2553400721583517,0.015172734014701645,Harsh,2
50,46,11,20,15,85.82608695652173,58.0,92.0,98.0,0.2553400721583517,0.015172734014701645,Harsh,2
51,45,11,20,14,85.17777777777778,59.0,91.3,97.0,0.2593793144837339,0.014749999773541687,Harsh,2
52,42,10,18,14,84.85714285714286,60.0,90.0,96.0,0.25369864960632454,0.01430877000595288,Harsh,2
53,38,8,16,14,86.05263157894737,61.0,90.75,95.0,0.2424581720224507,0.013965619653405235,Harsh,2
54,34,7,15,12,85.52941176470588,62.0,89.73333333333333,94.0,0.2442683755760551,0.014791111105494416,Harsh,2
55,32,7,14,11,85.5,63.0,90.85714285714286,93.0,0.24561754928219762,0.014879799050549803,Harsh,2
56,31,7,14,10,99.61290322580645,64.0,108.57142857142857,112.0,0.2512331834613385,0.014333023537032663,Harsh,2
57,28,7,12,9,97.85714285714286,65.0,107.16666666666667,111.0,0.25490872658561875,0.014236717080957898,Harsh,2
58,26,7,10,9,96.46153846153847,66.0,105.6,110.0,0.2542389212682798,0.015366096994810386,Harsh,2
59,26,7,10,9,96.07692307692308,67.0,104.8,109.0,0.25423892126827974,0.015366096994810386,Harsh,2
60,23,6,9,8,97.56521739130434,68.0,108.0,108.0,0.24938927581637807,0.016234840773108515,Harsh,2
61,22,5,9,8,98.36363636363636,69.0,107.0,107.0,0.24081488910613455,0.015236443935011728,Harsh,2
62,21,5,8,8,97.42857142857143,70.0,106.0,106.0,0.24118519237661104,0.015995098555532217,Harsh,2
63,19,5,6,8,110.78947368421052,71.0,125.0,125.0,0.2391361461086183,0.017724256987848408,Harsh,2
64,19,5,6,8,110.3157894736842,72.0,124.0,124.0,0.23913614610861825,0.017724256987848408,Harsh,2
65,19,5,6,8,109.84210526315789,73.0,123.0,123.0,0.23913614610861825,0.01772425698784841,Harsh,2
66,18,5,5,8,108.66666666666667,74.0,122.0,122.0,0.23780480126476292,0.018731202231257432,Harsh,2
67,18,5,5,8,108.22222222222223,75.0,121.0,121.0,0.23780480126476286,0.018731202231257432,Harsh,2
68,18,5,5,8,107.77777777777777,76.0,120.0,120.0,0.23780480126476286,0.018731202231257432,Harsh,2
69,16,4,4,8,108.5,77.0,119.0,119.0,0.2235251159767051,0.016352728684568538,Harsh,2
70,16,4,4,8,123.0,78.0,138.0,138.0,0.22352511597670513,0.016352728684568538,Harsh,2
71,16,4,4,8,122.5,79.0,137.0,137.0,0.2235251159767051,0.016352728684568538,Harsh,2
72,15,4,4,7,121.06666666666666,80.0,136.0,136.0,0.22851547264007985,0.01709386085413448,Harsh,2
73,14,3,4,7,123.42857142857143,81.0,135.0,135.0,0.21772344084528297,0.0165273678771771,Harsh,2
74,13,3,4,6,122.0,82.0,134.0,134.0,0.2292534231409911,0.015888384408895166,Harsh,2
75,13,3,4,6,121.46153846153847,83.0,133.0,133.0,0.2292534231409911,0.015888384408895166,Harsh,2
76,12,3,4,5,120.0,84.0,132.0,132.0,0.2373935113041896,0.01639308103629251,Harsh,2
77,12,3,4,5,134.5,85.0,151.0,151.0,0.23739351130418954,0.01639308103629251,Harsh,2
78,12,3,4,5,134.0,86.0,150.0,150.0,0.2373935113041896,0.01639308103629251,Harsh,2
79,11,2,4,5,137.72727272727272,87.0,149.0,149.0,0.2245682849335591,0.015861168244677308,Harsh,2
80,10,2,3,5,136.0,88.0,148.0,148.0,0.21968775357297843,0.017332391994110637,Harsh,2
81,10,2,3,5,135.4,89.0,147.0,147.0,0.21968775357297843,0.017332391994110637,Harsh,2
82,9,2,2,5,133.55555555555554,90.0,146.0,146.0,0.21141610303817987,0.018729213714463844,Harsh,2
83,8,1,2,5,138.25,91.0,145.0,145.0,0.1820645731860776,0.01254354625432479,Harsh,2
84,5,1,1,3,149.6,92.0,164.0,164.0,0.20941290064808613,0.015567746209149842,Harsh,2
85,4,1,1,2,145.5,93.0,163.0,163.0,0.21469563116879592,0.020570946667170197,Harsh,2
86,4,1,1,2,145.0,94.0,162.0,162.0,0.21469563116879592,0.020570946667170197,Harsh,2
87,4,1,1,2,144.5,95.0,161.0,161.0,0.21469563116879592,0.020570946667170197,Harsh,2
88,4,1,1,2,144.0,96.0,160.0,160.0,0.21469563116879592,0.020570946667170197,Harsh,2
89,2,0,1,1,159.0,,159.0,159.0,0.20427364422957348,0.00019711782004771053,Harsh,2
90,1,0,0,1,158.0,,,158.0,0.19434596020842054,0.0,Harsh,2
91,1,0,0,1,177.0,,,177.0,0.19434596020842054,0.0,Harsh,2
92,1,0,0,1,176.0,,,176.0,0.19434596020842054,0.0,Harsh,2
93,0,0,0,0,,,,,,,Harsh,2
94,0,0,0,0,,,,,,,Harsh,2
95,0,0,0,0,,,,,,,Harsh,2
96,0,0,0,0,,,,,,,Harsh,2
97,0,0,0,0,,,,,,,Harsh,2
98,0,0,0,0,,,,,,,Harsh,2
99,0,0,0,0,,,,,,,Harsh,2
100,0,0,0,0,,,,,,,Harsh,2
101,0,0,0,0,,,,,,,Harsh,2
102,0,0,0,0,,,,,,,Harsh,2
103,0,0,0,0,,,,,,,Harsh,2
104,0,0,0,0,,,,,,,Harsh,2
105,0,0,0,0,,,,,,,Harsh,2
106,0,0,0,0,,,,,,,Harsh,2
107,0,0,0,0,,,,,,,Harsh,2
108,0,0,0,0,,,,,,,Harsh,2
109,0,0,0,0,,,,,,,Harsh,2
110,0,0,0,0,,,,,,,Harsh,2
0,100,26,36,38,8.0,8.0,8.0,8.0,0.26347084678483457,0.014953926041923561,Harsh,3
1,99,26,35,38,7.707070707070707,9.0,7.514285714285714,7.0,0.26326919189547243,0.015102409159957518,Harsh,3
2,97,26,33,38,7.443298969072165,10.0,7.090909090909091,6.0,0.262963318747733,0.015412128694121919,Harsh,3
3,94,25,32,37,7.170212765957447,11.0,6.6875,5.0,0.2626997118994149,0.01571366033848372,Harsh,3
4,93,25,31,37,6.924731182795699,12.0,6.32258064516129,4.0,0.2626057355339253,0.015883621804405727,Harsh,3
5,88,23,28,37,6.295454545454546,13.0,5.142857142857143,3.0,0.25726229686639157,0.01621080936525525,Harsh,3
6,86,22,28,36,5.906976744186046,14.0,4.571428571428571,2.0,0.25557220866914504,0.015785174049187084,Harsh,3
7,84,21,28,35,19.071428571428573,15.0,19.714285714285715,21.0,0.2566374535221027,0.015613037656062334,Harsh,3
8,84,21,28,35,18.714285714285715,16.0,19.142857142857142,20.0,0.2566374535221027,0.015613037656062333,Harsh,3
9,84,21,28,35,18.357142857142858,17.0,18.571428571428573,19.0,0.2566374535221027,0.015613037656062333,Harsh,3
10,84,21,28,35,18.0,18.0,18.0,18.0,0.25663745352210265,0.015613037656062333,Harsh,3
11,80,20,28,32,17.65,19.0,17.428571428571427,17.0,0.2574524278547746,0.0152774863803034,Harsh,3
12,78,19,28,31,17.28205128205128,20.0,16.857142857142858,16.0,0.2563224412461731,0.014938390776620018,Harsh,3
13,78,19,28,31,16.923076923076923,21.0,16.285714285714285,15.0,0.2563224412461732,0.014938390776620014,Harsh,3
14,78,19,28,31,30.153846153846153,22.0,31.428571428571427,34.0,0.2563224412461731,0.014938390776620012,Harsh,3
15,76,18,28,30,29.842105263157894,23.0,30.857142857142858,33.0,0.2560945262287733,0.015094903721616119,Harsh,3
16,76,18,28,30,29.473684210526315,24.0,30.285714285714285,32.0,0.2560945262287734,0.015094903721616124,Harsh,3
17,76,18,28,30,29.105263157894736,25.0,29.714285714285715,31.0,0.2560945262287734,0.015094903721616119,Harsh,3
18,76,18,28,30,28.736842105263158,26.0,29.142857142857142,30.0,0.2560945262287734,0.015094903721616123,Harsh,3
19,75,17,28,30,28.386666666666667,27.0,28.571428571428573,29.0,0.25391475781864664,0.014932903436311176,Harsh,3
20,75,17,28,30,28.0,28.0,28.0,28.0,0.25391475781864664,0.014932903436311169,Harsh,3
21,75,17,28,30,41.48,29.0,43.142857142857146,47.0,0.25391475781864664,0.014932903436311172,Harsh,3
22,74,17,27,30,41.027027027027025,30.0,42.44444444444444,46.0,0.2532416091822087,0.015103013532268894,Harsh,3
23,74,17,27,30,40.648648648648646,31.0,41.888888888888886,45.0,0.2532416091822087,0.015103013532268901,Harsh,3
24,74,17,27,30,40.270270270270274,32.0,41.333333333333336,44.0,0.2532416091822087,0.015103013532268901,Harsh,3
25,74,17,27,30,39.891891891891895,33.0,40.77777777777778,43.0,0.2532416091822087,0.015103013532268901,Harsh,3
26,74,17,27,30,39.513513513513516,34.0,40.22222222222222,42.0,0.2532416091822088,0.015103013532268898,Harsh,3
27,72,17,26,29,39.166666666666664,35.0,39.84615384615385,41.0,0.25348174367427245,0.015245130130763642,Harsh,3
28,72,17,26,29,52.666666666666664,36.0,55.38461538461539,60.0,0.25348174367427245,0.015245130130763642,Harsh,3
29,72,17,26,29,52.27777777777778,37.0,54.76923076923077,59.0,0.2534817436742724,0.015245130130763642,Harsh,3
30,70,16,25,29,52.0,38.0,54.0,58.0,0.2513792587850797,0.015472083415319937,Harsh,3
31,70,16,25,29,51.6,39.0,53.4,57.0,0.2513792587850797,0.015472083415319941,Harsh,3
32,66,14,23,29,51.39393939393939,40.0,52.52173913043478,56.0,0.2450607027707803,0.015076246586277174,Harsh,3
33,65,13,23,29,51.12307692307692,41.0,51.95652173913044,55.0,0.24180577530536973,0.014601646821471956,Harsh,3
34,64,13,22,29,50.625,42.0,51.27272727272727,54.0,0.24077773794626645,0.014763632628531474,Harsh,3
35,62,12,21,29,64.7741935483871,43.0,65.85714285714286,73.0,0.23596435274250807,0.014150697648653893,Harsh,3
36,60,12,21,27,64.06666666666666,44.0,65.33333333333333,72.0,0.23925724715190558,0.014177264489941385,Harsh,3
37,58,11,21,26,63.827586206896555,45.0,64.80952380952381,71.0,0.2386826006482656,0.013858930036969083,Harsh,3
38,58,11,21,26,63.37931034482759,46.0,64.28571428571429,70.0,0.2386826006482656,0.013858930036969088,Harsh,3
39,54,11,19,24,62.48148148148148,47.0,63.21052631578947,69.0,0.24167592657567757,0.014479323272849603,Harsh,3
40,53,11,19,23,61.9622641509434,48.0,62.73684210526316,68.0,0.24376019639506757,0.014518674776054081,Harsh,3
41,52,11,18,23,61.46153846153846,49.0,62.0,67.0,0.2427488382422785,0.01474808091512936,Harsh,3
42,50,11,17,22,74.48,50.0,75.41176470588235,86.0,0.24523807637966427,0.014785490071682238,Harsh,3
43,49,11,17,21,73.89795918367346,51.0,75.0,85.0,0.24715579104708682,0.014905808773449871,Harsh,3
44,49,11,17,21,73.55102040816327,52.0,74.58823529411765,84.0,0.24715579104708676,0.014905808773449868,Harsh,3
45,48,11,17,20,73.0,53.0,74.17647058823529,83.0,0.24919053223577228,0.01501576887820406,Harsh,3
46,48,11,17,20,72.66666666666667,54.0,73.76470588235294,82.0,0.24919053223577226,0.015015768878204066,Harsh,3
47,48,11,17,20,72.33333333333333,55.0,73.3529411764706,81.0,0.24919053223577226,0.015015768878204066,Harsh,3
48,47,11,17,19,71.82978723404256,56.0,72.94117647058823,80.0,0.25117047533007725,0.0151499396358719,Harsh,3
49,45,9,17,19,85.93333333333334,57.0,86.6470588235294,99.0,0.24589520084140826,0.015166675822831021,Harsh,3
50,45,9,17,19,85.55555555555556,58.0,86.23529411764706,98.0,0.24589520084140817,0.015166675822831018,Harsh,3
51,43,8,17,18,85.51162790697674,59.0,85.82352941176471,97.0,0.2417821527702074,0.014410880742971118,Harsh,3
52,41,8,15,18,86.34146341463415,60.0,88.8,96.0,0.23728433757004033,0.01468557867439931,Harsh,3
53,39,7,14,18,86.28205128205128,61.0,87.71428571428571,95.0,0.23422537627473666,0.015028115210940055,Harsh,3
54,38,7,13,18,85.57894736842105,62.0,86.61538461538461,94.0,0.23240653580176826,0.01530177443969055,Harsh,3
55,37,7,13,17,84.89189189189189,63.0,86.07692307692308,93.0,0.23480756435872133,0.015501670868220475,Harsh,3
56,36,7,12,17,98.66666666666667,64.0,100.0,112.0,0.23457156211392663,0.015942456079217685,Harsh,3
57,34,7,11,16,97.47058823529412,65.0,98.45454545454545,111.0,0.23519128654063448,0.016253556375124108,Harsh,3
58,33,7,11,15,96.66666666666667,66.0,98.0,110.0,0.23764362325289348,0.016550615702377074,Harsh,3
59,32,7,10,15,95.875,67.0,96.4,109.0,0.23643913826645324,0.0170350862737059,Harsh,3
60,30,7,9,14,94.66666666666667,68.0,94.66666666666667,108.0,0.2364147616572578,0.017970912081532807,Harsh,3
61,27,7,8,12,92.92592592592592,69.0,92.75,107.0,0.2447291096535268,0.01846996812261341,Harsh,3
62,27,7,8,12,92.66666666666667,70.0,92.5,106.0,0.2447291096535268,0.01846996812261341,Harsh,3
63,23,7,6,10,101.52173913043478,71.0,98.0,125.0,0.2572875989343409,0.01934732512431572,Harsh,3
64,21,6,6,9,101.71428571428571,72.0,98.0,124.0,0.25615282427248376,0.020460597324432218,Harsh,3
65,20,6,6,8,100.5,73.0,98.0,123.0,0.2652462263770852,0.019709587500922974,Harsh,3
66,19,6,5,8,101.78947368421052,74.0,102.8,122.0,0.2612746592736278,0.020471571739987548,Harsh,3
67,19,6,5,8,101.63157894736842,75.0,102.6,121.0,0.26127465927362786,0.02047157173998755,Harsh,3
68,18,6,5,7,100.44444444444444,76.0,102.4,120.0,0.2701930472672957,0.020075671584297704,Harsh,3
69,18,6,5,7,100.33333333333333,77.0,102.2,119.0,0.2701930472672957,0.020075671584297707,Harsh,3
70,18,6,5,7,111.33333333333333,78.0,114.0,138.0,0.27019304726729565,0.020075671584297704,Harsh,3
71,15,4,5,6,113.8,79.0,113.8,137.0,0.25850068323699726,0.020155547697252522,Harsh,3
72,14,4,5,5,112.0,80.0,113.6,136.0,0.2726585110002509,0.018468031499769593,Harsh,3
73,13,4,4,5,110.07692307692308,81.0,108.0,135.0,0.27432995064666676,0.019964662848960958,Harsh,3
74,12,3,4,5,112.33333333333333,82.0,108.0,134.0,0.26378145350159565,0.020201610057497994,Harsh,3
75,10,2,4,4,113.0,83.0,108.0,133.0,0.26395520406643586,0.016174087028207242,Harsh,3
76,10,2,4,4,112.8,84.0,108.0,132.0,0.2639552040664359,0.016174087028207242,Harsh,3
77,10,2,4,4,124.6,85.0,118.0,151.0,0.2639552040664359,0.016174087028207242,Harsh,3
78,8,1,3,4,126.0,86.0,107.33333333333333,150.0,0.2444071538316741,0.018446064779633838,Harsh,3
79,7,0,3,4,131.28571428571428,,107.66666666666667,149.0,0.2150124697633331,0.013455966029115416,Harsh,3
80,7,0,3,4,130.85714285714286,,108.0,148.0,0.21501246976333313,0.013455966029115413,Harsh,3
81,7,0,3,4,130.42857142857142,,108.33333333333333,147.0,0.21501246976333316,0.013455966029115413,Harsh,3
82,6,0,2,4,136.66666666666666,,118.0,146.0,0.19342938734878434,0.012234191884227568,Harsh,3
83,5,0,2,3,134.2,,118.0,145.0,0.20259718170175275,0.014662376455547058,Harsh,3
84,5,0,2,3,149.6,,128.0,164.0,0.20259718170175275,0.01466237645554706,Harsh,3
85,5,0,2,3,149.0,,128.0,163.0,0.20259718170175275,0.01466237645554706,Harsh,3
86,5,0,2,3,148.4,,128.0,162.0,0.20259718170175275,0.014662376455547058,Harsh,3
87,4,0,1,3,144.5,,95.0,161.0,0.17454294047686755,0.014302898936035745,Harsh,3
88,4,0,1,3,144.0,,96.0,160.0,0.17454294047686755,0.014302898936035743,Harsh,3
89,3,0,1,2,138.33333333333334,,97.0,159.0,0.19527142069626183,0.018876329050818694,Harsh,3
90,3,0,1,2,138.0,,98.0,158.0,0.1952714206962618,0.018876329050818697,Harsh,3
91,3,0,1,2,151.0,,99.0,177.0,0.1952714206962618,0.018876329050818697,Harsh,3
92,3,0,1,2,150.66666666666666,,100.0,176.0,0.1952714206962618,0.018876329050818697,Harsh,3
93,3,0,1,2,150.33333333333334,,101.0,175.0,0.19527142069626183,0.018876329050818694,Harsh,3
94,3,0,1,2,150.0,,102.0,174.0,0.1952714206962618,0.018876329050818697,Harsh,3
95,3,0,1,2,149.66666666666666,,103.0,173.0,0.19527142069626183,0.018876329050818694,Harsh,3
96,3,0,1,2,149.33333333333334,,104.0,172.0,0.1952714206962618,0.018876329050818697,Harsh,3
97,3,0,1,2,149.0,,105.0,171.0,0.1952714206962618,0.018876329050818697,Harsh,3
98,3,0,1,2,162.0,,106.0,190.0,0.1952714206962618,0.018876329050818697,Harsh,3
99,2,0,1,1,148.0,,107.0,189.0,0.20405078809513438,0.03729019435009107,Harsh,3
100,2,0,1,1,148.0,,108.0,188.0,0.20405078809513438,0.03729019435009107,Harsh,3
101,2,0,1,1,148.0,,109.0,187.0,0.20405078809513438,0.03729019435009107,Harsh,3
102,2,0,1,1,148.0,,110.0,186.0,0.20405078809513438,0.03729019435009107,Harsh,3
103,2,0,1,1,148.0,,111.0,185.0,0.20405078809513438,0.03729019435009107,Harsh,3
104,2,0,1,1,148.0,,112.0,184.0,0.20405078809513438,0.03729019435009107,Harsh,3
105,2,0,1,1,158.0,,113.0,203.0,0.20405078809513438,0.03729019435009107,Harsh,3
106,2,0,1,1,158.0,,114.0,202.0,0.20405078809513438,0.03729019435009107,Harsh,3
107,2,0,1,1,158.0,,115.0,201.0,0.20405078809513438,0.03729019435009107,Harsh,3
108,2,0,1,1,158.0,,116.0,200.0,0.20405078809513438,0.03729019435009107,Harsh,3
109,2,0,1,1,158.0,,117.0,199.0,0.20405078809513438,0.03729019435009107,Harsh,3
110,2,0,1,1,158.0,,118.0,198.0,0.20405078809513438,0.03729019435009107,Harsh,3
0,100,23,48,29,8.0,8.0,8.0,8.0,0.27140709226223353,0.012241376013616311,Harsh,4
1,98,23,46,29,7.612244897959184,9.0,7.304347826086956,7.0,0.27116533566018713,0.012461010123147123,Harsh,4
2,97,23,45,29,7.237113402061856,10.0,6.622222222222222,6.0,0.2711987945456732,0.012590701458402272,Harsh,4
3,96,23,44,29,6.875,11.0,5.954545454545454,5.0,0.2715828654885501,0.012708776024542508,Harsh,4
4,91,21,42,28,6.285714285714286,12.0,4.9523809523809526,4.0,0.26819154685151003,0.012665438005450887,Harsh,4
5,91,21,42,28,5.857142857142857,13.0,4.190476190476191,3.0,0.26819154685151003,0.012665438005450884,Harsh,4
6,90,21,41,28,5.333333333333333,14.0,3.1707317073170733,2.0,0.26729689323934164,0.012734091043125353,Harsh,4
7,88,21,39,28,19.295454545454547,15.0,20.384615384615383,21.0,0.26780229716866333,0.012979497857473023,Harsh,4
8,88,21,39,28,18.863636363636363,16.0,19.58974358974359,20.0,0.2678022971686633,0.012979497857473023,Harsh,4
9,86,20,39,27,18.441860465116278,17.0,18.794871794871796,19.0,0.26729749117611395,0.013069557201621682,Harsh,4
10,85,20,38,27,18.0,18.0,18.0,18.0,0.2666913667297095,0.0131931757655278,Harsh,4
11,84,20,37,27,17.547619047619047,19.0,17.16216216216216,17.0,0.26588411237321347,0.01329607126250977,Harsh,4
12,81,20,34,27,17.135802469135804,20.0,16.352941176470587,16.0,0.2658626762928138,0.013744479463526882,Harsh,4
13,81,20,34,27,16.703703703703702,21.0,15.529411764705882,15.0,0.2658626762928138,0.013744479463526882,Harsh,4
14,80,20,34,26,30.55,22.0,32.94117647058823,34.0,0.266727946031105,0.01385704854096879,Harsh,4
15,78,20,32,26,30.17948717948718,23.0,32.375,33.0,0.2660142775343345,0.014159416846416454,Harsh,4
16,76,20,32,24,29.68421052631579,24.0,31.5,32.0,0.26910421156703707,0.014158023884782569,Harsh,4
17,76,20,32,24,29.263157894736842,25.0,30.625,31.0,0.26910421156703707,0.014158023884782572,Harsh,4
18,75,20,32,23,28.826666666666668,26.0,29.75,30.0,0.27166049139860166,0.013846010295517337,Harsh,4
19,75,20,32,23,28.413333333333334,27.0,28.875,29.0,0.2716604913986018,0.013846010295517337,Harsh,4
20,73,20,31,22,28.0,28.0,28.0,28.0,0.2741307213584458,0.013609971785432568,Harsh,4
21,72,20,30,22,41.5,29.0,45.8,47.0,0.273868420218884,0.013796568251109679,Harsh,4
22,70,20,30,20,40.97142857142857,30.0,44.93333333333333,46.0,0.2777462894245428,0.013647166509941699,Harsh,4
23,69,20,29,20,40.53623188405797,31.0,44.03448275862069,45.0,0.27780637229780986,0.013847603722344988,Harsh,4
24,69,20,29,20,40.17391304347826,32.0,43.172413793103445,44.0,0.27780637229780986,0.013847603722344988,Harsh,4
25,69,20,29,20,39.81159420289855,33.0,42.310344827586206,43.0,0.27780637229780986,0.013847603722344986,Harsh,4
26,69,20,29,20,39.44927536231884,34.0,41.44827586206897,42.0,0.27780637229781,0.013847603722344988,Harsh,4
27,69,20,29,20,39.08695652173913,35.0,40.58620689655172,41.0,0.2778063722978099,0.013847603722344988,Harsh,4
28,67,20,28,19,52.11940298507463,36.0,58.285714285714285,60.0,0.28104767136709896,0.013780731634773835,Harsh,4
29,65,19,27,19,52.23076923076923,37.0,58.18518518518518,59.0,0.27741772058985426,0.013673438438690252,Harsh,4
30,65,19,27,19,51.84615384615385,38.0,57.25925925925926,58.0,0.27741772058985426,0.013673438438690252,Harsh,4
31,63,18,26,19,51.57142857142857,39.0,56.30769230769231,57.0,0.2749515907179921,0.0138162819703565,Harsh,4
32,61,18,24,19,51.01639344262295,40.0,55.333333333333336,56.0,0.2752826510296046,0.014273310864010031,Harsh,4
33,59,17,23,19,50.728813559322035,41.0,54.391304347826086,55.0,0.2729371595260956,0.014139250688133138,Harsh,4
34,57,17,23,17,50.21052631578947,42.0,53.47826086956522,54.0,0.2782926831747244,0.013725300492124183,Harsh,4
35,56,17,22,17,63.357142857142854,43.0,71.63636363636364,73.0,0.27779613768033234,0.013960542113614085,Harsh,4
36,55,16,22,17,63.345454545454544,44.0,70.72727272727273,72.0,0.27637885328347417,0.014104500656650296,Harsh,4
37,53,16,21,16,62.660377358490564,45.0,69.76190476190476,71.0,0.27925041923637395,0.014300032329360045,Harsh,4
38,52,15,21,16,62.61538461538461,46.0,68.85714285714286,70.0,0.2768672264168387,0.01427350355759116,Harsh,4
39,51,15,20,16,62.09803921568628,47.0,67.9,69.0,0.2782863342807765,0.014452158116194823,Harsh,4
40,51,15,20,16,61.72549019607843,48.0,67.0,68.0,0.2782863342807765,0.014452158116194824,Harsh,4
41,51,15,20,16,61.35294117647059,49.0,66.1,67.0,0.2782863342807765,0.014452158116194824,Harsh,4
42,49,13,20,16,75.71428571428571,50.0,84.2,86.0,0.2739534043735622,0.014564683295036506,Harsh,4
43,49,13,20,16,75.28571428571429,51.0,83.3,85.0,0.2739534043735622,0.014564683295036506,Harsh,4
44,49,13,20,16,74.85714285714286,52.0,82.4,84.0,0.2739534043735622,0.01456468329503651,Harsh,4
45,46,13,17,16,73.8695652173913,53.0,81.23529411764706,83.0,0.2736969144852901,0.015427755468590572,Harsh,4
46,45,12,17,16,73.91111111111111,54.0,80.3529411764706,82.0,0.2697914065797719,0.015060802332873673,Harsh,4
47,45,12,17,16,73.4888888888889,55.0,79.47058823529412,81.0,0.26979140657977196,0.01506080233287367,Harsh,4
48,45,12,17,16,73.06666666666666,56.0,78.58823529411765,80.0,0.26979140657977196,0.01506080233287367,Harsh,4
49,45,12,17,16,86.86666666666666,57.0,96.52941176470588,99.0,0.26979140657977196,0.015060802332873673,Harsh,4
50,45,12,17,16,86.44444444444444,58.0,95.6470588235294,98.0,0.26979140657977196,0.015060802332873675,Harsh,4
51,43,10,17,16,87.27906976744185,59.0,94.76470588235294,97.0,0.26406601631234095,0.015019827801182979,Harsh,4
52,39,8,16,15,87.6923076923077,60.0,93.75,96.0,0.2584576798140355,0.014706703603873567,Harsh,4
53,38,8,15,15,86.94736842105263,61.0,92.73333333333333,95.0,0.25771207363632254,0.015081914886571093,Harsh,4
54,34,8,12,14,85.52941176470588,62.0,91.33333333333333,94.0,0.2591729465275801,0.01612759238761842,Harsh,4
55,32,7,11,14,85.5,63.0,90.27272727272727,93.0,0.25306090091234934,0.01555798017879549,Harsh,4
56,30,6,10,14,100.8,64.0,107.2,112.0,0.24607634036939083,0.015468109974786752,Harsh,4
57,29,6,9,14,99.89655172413794,65.0,105.88888888888889,111.0,0.2450818019227123,0.015989809515026567,Harsh,4
58,24,6,7,11,97.16666666666667,66.0,103.71428571428571,110.0,0.2588647864955505,0.016964369569172914,Harsh,4
59,22,5,7,10,97.54545454545455,67.0,103.0,109.0,0.2554883221590498,0.01617317025163011,Harsh,4
60,20,5,7,8,96.0,68.0,102.28571428571429,108.0,0.2658112394336343,0.016567291090788094,Harsh,4
61,18,5,6,7,96.44444444444444,69.0,107.0,107.0,0.2697604683529924,0.016952606833946955,Harsh,4
62,15,4,5,6,96.4,70.0,106.0,106.0,0.2750633325619932,0.017092768744985734,Harsh,4
63,14,4,4,6,109.57142857142857,71.0,125.0,125.0,0.2714277783758547,0.01819408761840976,Harsh,4
64,14,4,4,6,109.14285714285714,72.0,124.0,124.0,0.2714277783758547,0.01819408761840976,Harsh,4
65,13,3,4,6,111.46153846153847,73.0,123.0,123.0,0.2632118059533722,0.01868647817676451,Harsh,4
66,10,1,3,6,117.2,74.0,122.0,122.0,0.21940393736975983,0.012705303217790821,Harsh,4
67,9,1,3,5,115.88888888888889,75.0,121.0,121.0,0.23222749016471,0.012443476674309851,Harsh,4
68,9,1,3,5,115.11111111111111,76.0,120.0,120.0,0.23222749016470998,0.012443476674309851,Harsh,4
69,9,1,3,5,114.33333333333333,77.0,119.0,119.0,0.23222749016470998,0.012443476674309853,Harsh,4
70,9,1,3,5,131.33333333333334,78.0,138.0,138.0,0.23222749016470998,0.012443476674309851,Harsh,4
71,8,1,3,4,129.75,79.0,137.0,137.0,0.24095181592360318,0.013438230782610595,Harsh,4
72,8,1,3,4,129.0,80.0,136.0,136.0,0.2409518159236032,0.013438230782610595,Harsh,4
73,8,1,3,4,128.25,81.0,135.0,135.0,0.24095181592360318,0.013438230782610593,Harsh,4
74,6,0,2,4,134.0,,134.0,134.0,0.1963816446780925,0.006028124758730415,Harsh,4
75,6,0,2,4,133.0,,133.0,133.0,0.1963816446780925,0.006028124758730414,Harsh,4
76,6,0,2,4,132.0,,132.0,132.0,0.1963816446780925,0.006028124758730414,Harsh,4
77,6,0,2,4,151.0,,151.0,151.0,0.19638164467809247,0.006028124758730415,Harsh,4
78,5,0,1,4,150.0,,150.0,150.0,0.17466698886121632,0.0039987088690725675,Harsh,4
79,5,0,1,4,149.0,,149.0,149.0,0.17466698886121632,0.0039987088690725675,Harsh,4
80,5,0,1,4,148.0,,148.0,148.0,0.17466698886121632,0.003998708869072568,Harsh,4
81,5,0,1,4,147.0,,147.0,147.0,0.17466698886121632,0.003998708869072568,Harsh,4
82,5,0,1,4,146.0,,146.0,146.0,0.17466698886121632,0.0039987088690725675,Harsh,4
83,5,0,1,4,145.0,,145.0,145.0,0.17466698886121632,0.0039987088690725675,Harsh,4
84,5,0,1,4,164.0,,164.0,164.0,0.17466698886121632,0.003998708869072568,Harsh,4
85,5,0,1,4,163.0,,163.0,163.0,0.17466698886121632,0.003998708869072568,Harsh,4
86,5,0,1,4,162.0,,162.0,162.0,0.17466698886121632,0.003998708869072568,Harsh,4
87,5,0,1,4,161.0,,161.0,161.0,0.17466698886121632,0.0039987088690725675,Harsh,4
88,5,0,1,4,160.0,,160.0,160.0,0.17466698886121632,0.0039987088690725675,Harsh,4
89,5,0,1,4,159.0,,159.0,159.0,0.17466698886121632,0.0039987088690725675,Harsh,4
90,5,0,1,4,158.0,,158.0,158.0,0.17466698886121632,0.0039987088690725675,Harsh,4
91,5,0,1,4,177.0,,177.0,177.0,0.17466698886121632,0.003998708869072568,Harsh,4
92,5,0,1,4,176.0,,176.0,176.0,0.17466698886121632,0.003998708869072568,Harsh,4
93,5,0,1,4,175.0,,175.0,175.0,0.17466698886121632,0.003998708869072568,Harsh,4
94,5,0,1,4,174.0,,174.0,174.0,0.17466698886121632,0.003998708869072568,Harsh,4
95,5,0,1,4,173.0,,173.0,173.0,0.17466698886121632,0.003998708869072568,Harsh,4
96,5,0,1,4,172.0,,172.0,172.0,0.17466698886121632,0.003998708869072568,Harsh,4
97,5,0,1,4,171.0,,171.0,171.0,0.17466698886121632,0.003998708869072568,Harsh,4
98,4,0,1,3,190.0,,190.0,190.0,0.17787713302035085,0.005262911655280588,Harsh,4
99,4,0,1,3,189.0,,189.0,189.0,0.17787713302035085,0.005262911655280588,Harsh,4
100,4,0,1,3,188.0,,188.0,188.0,0.17787713302035085,0.005262911655280588,Harsh,4
101,3,0,1,2,187.0,,187.0,187.0,0.19261891043837331,0.006590447474265777,Harsh,4
102,3,0,1,2,186.0,,186.0,186.0,0.19261891043837331,0.006590447474265777,Harsh,4
103,2,0,0,2,185.0,,,185.0,0.1458348799495294,4.8421895845081516e-05,Harsh,4
104,1,0,0,1,184.0,,,184.0,0.14091441778398633,0.0,Harsh,4
105,1,0,0,1,203.0,,,203.0,0.14091441778398633,0.0,Harsh,4
106,1,0,0,1,202.0,,,202.0,0.14091441778398633,0.0,Harsh,4
107,1,0,0,1,201.0,,,201.0,0.14091441778398633,0.0,Harsh,4
108,1,0,0,1,200.0,,,200.0,0.14091441778398633,0.0,Harsh,4
109,1,0,0,1,199.0,,,199.0,0.14091441778398633,0.0,Harsh,4
110,1,0,0,1,198.0,,,198.0,0.14091441778398633,0.0,Harsh,4
0,100,35,31,34,8.0,8.0,8.0,8.0,0.27881824224697654,0.017662052995843794,Harsh,5
1,99,35,30,34,7.787878787878788,9.0,7.266666666666667,7.0,0.2792921007441998,0.017819594714511923,Harsh,5
2,99,35,30,34,7.575757575757576,10.0,6.533333333333333,6.0,0.27929210074419974,0.017819594714511923,Harsh,5
3,99,35,30,34,7.363636363636363,11.0,5.8,5.0,0.27929210074419974,0.01781959471451192,Harsh,5
4,98,35,30,33,7.183673469387755,12.0,5.066666666666666,4.0,0.2813708020187926,0.017571112884855144,Harsh,5
5,97,34,30,33,6.917525773195877,13.0,4.333333333333333,3.0,0.2800347198104554,0.017577381669753218,Harsh,5
6,95,33,29,33,6.673684210526316,14.0,3.6551724137931036,2.0,0.27897725596703166,0.017883164121954443,Harsh,5
7,95,33,29,33,18.66315789473684,15.0,20.17241379310345,21.0,0.27897725596703166,0.01788316412195444,Harsh,5
8,94,33,28,33,18.425531914893618,16.0,19.428571428571427,20.0,0.27908497681940186,0.01807434199666819,Harsh,5
9,92,32,27,33,18.217391304347824,17.0,18.703703703703702,19.0,0.2782654317701767,0.01823937714943153,Harsh,5
10,89,31,26,32,18.0,18.0,18.0,18.0,0.2795229616457485,0.01835209310093101,Harsh,5
11,88,31,25,32,17.795454545454547,19.0,17.32,17.0,0.27897273038256704,0.01853578184005162,Harsh,5
12,88,31,25,32,17.59090909090909,20.0,16.64,16.0,0.278972730382567,0.01853578184005162,Harsh,5
13,87,31,25,31,17.413793103448278,21.0,15.96,15.0,0.2806082930373756,0.018513171173605802,Harsh,5
14,87,31,25,31,29.17241379310345,22.0,32.08,34.0,0.2806082930373756,0.0185131711736058,Harsh,5
15,87,31,25,31,28.977011494252874,23.0,31.4,33.0,0.28060829303737567,0.018513171173605802,Harsh,5
16,87,31,25,31,28.7816091954023,24.0,30.72,32.0,0.2806082930373756,0.0185131711736058,Harsh,5
17,86,31,25,30,28.558139534883722,25.0,30.04,31.0,0.28315721963875756,0.01815908195610119,Harsh,5
18,82,29,23,30,28.390243902439025,26.0,29.304347826086957,30.0,0.27928037171540415,0.018331702768914833,Harsh,5
19,81,28,23,30,28.209876543209877,27.0,28.652173913043477,29.0,0.2776794836849555,0.018348069056123316,Harsh,5
20,81,28,23,30,28.0,28.0,28.0,28.0,0.2776794836849555,0.018348069056123316,Harsh,5
21,79,26,23,30,40.164556962025316,29.0,43.869565217391305,47.0,0.2746022988057614,0.018426872647203208,Harsh,5
22,79,26,23,30,39.924050632911396,30.0,43.21739130434783,46.0,0.27460229880576154,0.018426872647203205,Harsh,5
23,79,26,23,30,39.68354430379747,31.0,42.56521739130435,45.0,0.2746022988057614,0.018426872647203208,Harsh,5
24,79,26,23,30,39.44303797468354,32.0,41.91304347826087,44.0,0.27460229880576154,0.018426872647203208,Harsh,5
25,78,25,23,30,39.282051282051285,33.0,41.26086956521739,43.0,0.2726259879271207,0.018353616856987325,Harsh,5
26,77,25,22,30,38.98701298701299,34.0,40.54545454545455,42.0,0.2727078214780526,0.018594582597727567,Harsh,5
27,75,24,22,29,38.76,35.0,39.90909090909091,41.0,0.2725866366908828,0.018780524496862346,Harsh,5
28,75,24,22,29,51.04,36.0,55.63636363636363,60.0,0.27258663669088284,0.018780524496862346,Harsh,5
29,75,24,22,29,50.78666666666667,37.0,55.0,59.0,0.2725866366908828,0.018780524496862346,Harsh,5
30,74,24,21,29,50.432432432432435,38.0,54.19047619047619,58.0,0.2729367887965085,0.019028470502863732,Harsh,5
31,74,24,21,29,50.189189189189186,39.0,53.57142857142857,57.0,0.27293678879650846,0.01902847050286373,Harsh,5
32,73,23,21,29,50.082191780821915,40.0,52.95238095238095,56.0,0.2703037436145938,0.018772592714349588,Harsh,5
33,73,23,21,29,49.821917808219176,41.0,52.333333333333336,55.0,0.2703037436145938,0.018772592714349588,Harsh,5
34,72,23,21,28,49.5,42.0,51.714285714285715,54.0,0.2728308273621977,0.018564240269235154,Harsh,5
35,70,23,20,27,61.857142857142854,43.0,68.5,73.0,0.27494427952184586,0.018346713900423754,Harsh,5
36,69,23,19,27,61.44927536231884,44.0,67.57894736842105,72.0,0.2757736752195832,0.018567657581471993,Harsh,5
37,67,23,19,25,60.91044776119403,45.0,66.89473684210526,71.0,0.27938913099378815,0.018671739329958092,Harsh,5
38,66,23,19,24,60.54545454545455,46.0,66.21052631578948,70.0,0.2812657742380303,0.018719406784447338,Harsh,5
39,66,23,19,24,60.333333333333336,47.0,65.52631578947368,69.0,0.2812657742380303,0.018719406784447338,Harsh,5
40,66,23,19,24,60.121212121212125,48.0,64.84210526315789,68.0,0.28126577423803034,0.018719406784447334,Harsh,5
41,66,23,19,24,59.90909090909091,49.0,64.15789473684211,67.0,0.28126577423803023,0.018719406784447338,Harsh,5
42,66,23,19,24,71.81818181818181,50.0,80.3157894736842,86.0,0.28126577423803023,0.018719406784447338,Harsh,5
43,65,22,19,24,71.92307692307692,51.0,79.63157894736842,85.0,0.2790882514930741,0.01869406178486686,Harsh,5
44,64,22,19,23,71.5,52.0,78.94736842105263,84.0,0.2809284811309116,0.018767180040196514,Harsh,5
45,62,22,19,21,70.90322580645162,53.0,78.26315789473684,83.0,0.2850483303025845,0.018763423961546344,Harsh,5
46,61,22,18,21,70.52459016393442,54.0,77.33333333333333,82.0,0.2850930328236523,0.019076021733758716,Harsh,5
47,60,22,18,20,70.16666666666667,55.0,76.66666666666667,81.0,0.2880232703900712,0.01886670295914298,Harsh,5
48,60,22,18,20,70.0,56.0,76.0,80.0,0.2880232703900711,0.018866702959142983,Harsh,5
49,57,21,17,19,81.3157894736842,57.0,91.58823529411765,99.0,0.2883204715228994,0.01888287836057057,Harsh,5
50,55,20,17,18,81.27272727272727,58.0,90.94117647058823,98.0,0.29038654125171237,0.0184505561068007,Harsh,5
51,53,19,17,17,81.22641509433963,59.0,90.29411764705883,97.0,0.2921199096502738,0.018558029613264755,Harsh,5
52,46,15,17,14,81.91304347826087,60.0,89.6470588235294,96.0,0.29417044375150175,0.017968601457303935,Harsh,5
53,42,14,17,11,81.23809523809524,61.0,89.0,95.0,0.30156276176439184,0.017045870742063474,Harsh,5
54,38,14,14,10,79.6842105263158,62.0,87.14285714285714,94.0,0.3101702525526453,0.017401819128634286,Harsh,5
55,38,14,14,10,79.57894736842105,63.0,86.57142857142857,93.0,0.3101702525526453,0.017401819128634286,Harsh,5
56,38,14,14,10,90.52631578947368,64.0,101.71428571428571,112.0,0.3101702525526453,0.017401819128634283,Harsh,5
57,33,11,14,8,91.48484848484848,65.0,101.14285714285714,111.0,0.30656851183866907,0.017128267047520337,Harsh,5
58,31,10,14,7,91.54838709677419,66.0,100.57142857142857,110.0,0.30828820076479746,0.01772007636293177,Harsh,5
59,28,10,12,6,92.5,67.0,105.5,109.0,0.31248928043374447,0.018368577175590216,Harsh,5
60,27,9,12,6,93.18518518518519,68.0,104.66666666666667,108.0,0.30959440745678146,0.01883138787842524,Harsh,5
61,25,7,12,6,94.84,69.0,103.83333333333333,107.0,0.2972797438582475,0.018261998208034105,Harsh,5
62,22,7,10,5,92.9090909090909,70.0,102.4,106.0,0.30588949679531346,0.018313483881611296,Harsh,5
63,20,7,8,5,103.4,71.0,118.25,125.0,0.30760249793415373,0.020156513805479472,Harsh,5
64,19,7,8,4,102.10526315789474,72.0,117.5,124.0,0.3184392952528672,0.018797111965327653,Harsh,5
65,18,6,8,4,103.55555555555556,73.0,116.75,123.0,0.3142731689516321,0.019553650312795046,Harsh,5
66,18,6,8,4,103.33333333333333,74.0,116.0,122.0,0.31427316895163215,0.019553650312795046,Harsh,5
67,16,6,7,3,100.875,75.0,114.42857142857143,121.0,0.3252461522521623,0.020349017881004162,Harsh,5
68,16,6,7,3,100.75,76.0,113.71428571428571,120.0,0.3252461522521623,0.020349017881004162,Harsh,5
69,15,6,7,2,99.4,77.0,113.0,119.0,0.3426487225582243,0.016610814245234203,Harsh,5
70,14,6,6,2,108.0,78.0,128.0,138.0,0.344394205886041,0.017839353069481912,Harsh,5
71,14,6,6,2,108.0,79.0,127.33333333333333,137.0,0.34439420588604097,0.017839353069481916,Harsh,5
72,13,5,6,2,110.15384615384616,80.0,126.66666666666667,136.0,0.33374399218932643,0.017605655539855866,Harsh,5
73,13,5,6,2,110.07692307692308,81.0,126.0,135.0,0.3337439921893265,0.017605655539855866,Harsh,5
74,11,4,6,1,110.36363636363636,82.0,125.33333333333333,134.0,0.34788463644396467,0.01485375058979691,Harsh,5
75,11,4,6,1,110.27272727272727,83.0,124.66666666666667,133.0,0.34788463644396467,0.014853750589796913,Harsh,5
76,10,4,5,1,112.8,84.0,132.0,132.0,0.3496001024696897,0.016468199476952584,Harsh,5
77,10,4,5,1,124.6,85.0,151.0,151.0,0.3496001024696898,0.016468199476952584,Harsh,5
78,10,4,5,1,124.4,86.0,150.0,150.0,0.34960010246968976,0.016468199476952584,Harsh,5
79,9,3,5,1,128.33333333333334,87.0,149.0,149.0,0.3352053174472089,0.016195613758332957,Harsh,5
80,9,3,5,1,128.0,88.0,148.0,148.0,0.3352053174472089,0.016195613758332957,Harsh,5
81,9,3,5,1,127.66666666666667,89.0,147.0,147.0,0.3352053174472089,0.016195613758332957,Harsh,5
82,7,3,3,1,122.0,90.0,146.0,146.0,0.354870243379042,0.018814844397390028,Harsh,5
83,7,3,3,1,121.85714285714286,91.0,145.0,145.0,0.35487024337904194,0.018814844397390028,Harsh,5
84,6,3,2,1,128.0,92.0,164.0,164.0,0.37166029787441257,0.02020980346522492,Harsh,5
85,6,3,2,1,128.0,93.0,163.0,163.0,0.37166029787441257,0.02020980346522492,Harsh,5
86,6,3,2,1,128.0,94.0,162.0,162.0,0.3716602978744125,0.02020980346522492,Harsh,5
87,5,3,1,1,121.4,95.0,161.0,161.0,0.38274592100198734,0.024340571530581494,Harsh,5
88,5,3,1,1,121.6,96.0,160.0,160.0,0.38274592100198734,0.02434057153058149,Harsh,5
89,5,3,1,1,121.8,97.0,159.0,159.0,0.38274592100198734,0.02434057153058149,Harsh,5
90,5,3,1,1,122.0,98.0,158.0,158.0,0.38274592100198734,0.02434057153058149,Harsh,5
91,5,3,1,1,130.2,99.0,177.0,177.0,0.38274592100198734,0.024340571530581494,Harsh,5
92,5,3,1,1,130.4,100.0,176.0,176.0,0.38274592100198734,0.024340571530581494,Harsh,5
93,4,3,0,1,119.5,101.0,,175.0,0.3974201213633941,0.031018547665797244,Harsh,5
94,4,3,0,1,120.0,102.0,,174.0,0.39742012136339416,0.031018547665797244,Harsh,5
95,4,3,0,1,120.5,103.0,,173.0,0.39742012136339416,0.031018547665797244,Harsh,5
96,4,3,0,1,121.0,104.0,,172.0,0.39742012136339416,0.031018547665797244,Harsh,5
97,4,3,0,1,121.5,105.0,,171.0,0.3974201213633941,0.031018547665797244,Harsh,5
98,4,3,0,1,127.0,106.0,,190.0,0.3974201213633941,0.031018547665797248,Harsh,5
99,4,3,0,1,127.5,107.0,,189.0,0.3974201213633942,0.031018547665797248,Harsh,5
100,4,3,0,1,128.0,108.0,,188.0,0.39742012136339416,0.031018547665797244,Harsh,5
101,4,3,0,1,128.5,109.0,,187.0,0.3974201213633941,0.031018547665797244,Harsh,5
102,4,3,0,1,129.0,110.0,,186.0,0.3974201213633941,0.031018547665797244,Harsh,5
103,4,3,0,1,129.5,111.0,,185.0,0.3974201213633941,0.031018547665797248,Harsh,5
104,2,1,0,1,148.0,112.0,,184.0,0.3023339662395634,0.05683184978909263,Harsh,5
105,2,1,0,1,158.0,113.0,,203.0,0.3023339662395634,0.05683184978909263,Harsh,5
106,2,1,0,1,158.0,114.0,,202.0,0.3023339662395634,0.05683184978909263,Harsh,5
107,2,1,0,1,158.0,115.0,,201.0,0.3023339662395634,0.05683184978909263,Harsh,5
108,2,1,0,1,158.0,116.0,,200.0,0.3023339662395634,0.05683184978909263,Harsh,5
109,2,1,0,1,158.0,117.0,,199.0,0.3023339662395634,0.05683184978909263,Harsh,5
110,2,1,0,1,158.0,118.0,,198.0,0.3023339662395634,0.05683184978909263,Harsh,5
0,100,29,34,37,8.0,8.0,8.0,8.0,0.2675147590703178,0.016477637432147817,Harsh,6
1,100,29,34,37,7.72,9.0,7.411764705882353,7.0,0.2675147590703178,0.016477637432147814,Harsh,6
2,98,28,34,36,7.428571428571429,10.0,6.823529411764706,6.0,0.26632876337998723,0.01618810625382968,Harsh,6
3,97,28,33,36,7.103092783505154,11.0,6.090909090909091,5.0,0.2655576355706555,0.016297850800612534,Harsh,6
4,94,28,31,35,6.8936170212765955,12.0,5.548387096774194,4.0,0.26769176068883604,0.016565694787838165,Harsh,6
5,92,28,31,33,6.695652173913044,13.0,4.935483870967742,3.0,0.27083860930071685,0.01634387919621548,Harsh,6
6,91,28,31,32,6.483516483516484,14.0,4.32258064516129,2.0,0.2718246613153225,0.016435032479793953,Harsh,6
7,91,28,31,32,18.75824175824176,15.0,19.838709677419356,21.0,0.2718246613153226,0.01643503247979395,Harsh,6
8,90,28,30,32,18.533333333333335,16.0,19.333333333333332,20.0,0.2710953643407239,0.01657075139875871,Harsh,6
9,89,27,30,32,18.280898876404493,17.0,18.666666666666668,19.0,0.26909170308849095,0.016393630234043086,Harsh,6
10,88,27,30,31,18.0,18.0,18.0,18.0,0.2715517422991168,0.01603726228118912,Harsh,6
11,88,27,30,31,17.727272727272727,19.0,17.333333333333332,17.0,0.2715517422991168,0.01603726228118912,Harsh,6
12,86,26,29,31,17.441860465116278,20.0,16.689655172413794,16.0,0.2693273767840185,0.015913009718585648,Harsh,6
13,85,26,28,31,17.188235294117646,21.0,16.071428571428573,15.0,0.26938286101759434,0.01610218240766068,Harsh,6
14,84,25,28,31,29.714285714285715,22.0,31.857142857142858,34.0,0.26774666219836946,0.016065885490248448,Harsh,6
15,83,25,27,31,29.3855421686747,23.0,31.14814814814815,33.0,0.2674490743875606,0.016254281290155752,Harsh,6
16,82,25,26,31,29.073170731707318,24.0,30.46153846153846,32.0,0.26713374938406936,0.016446596866424724,Harsh,6
17,81,25,25,31,28.77777777777778,25.0,29.8,31.0,0.26766140790652343,0.016629063214812702,Harsh,6
18,81,25,25,31,28.51851851851852,26.0,29.2,30.0,0.2676614079065234,0.016629063214812702,Harsh,6
19,79,25,24,30,28.240506329113924,27.0,28.583333333333332,29.0,0.2695097067308215,0.016778449250485373,Harsh,6
20,77,24,24,29,28.0,28.0,28.0,28.0,0.26947066894382676,0.016123882296126435,Harsh,6
21,76,23,24,29,40.36842105263158,29.0,43.25,47.0,0.2674217116388725,0.01601129380978679,Harsh,6
22,75,22,24,29,40.24,30.0,42.666666666666664,46.0,0.2647966812149416,0.015696885983683795,Harsh,6
23,75,22,24,29,39.96,31.0,42.083333333333336,45.0,0.2647966812149416,0.015696885983683788,Harsh,6
24,75,22,24,29,39.68,32.0,41.5,44.0,0.26479668121494154,0.015696885983683795,Harsh,6
25,74,22,23,29,39.351351351351354,33.0,40.82608695652174,43.0,0.264090038995402,0.015873948053231255,Harsh,6
26,74,22,23,29,39.08108108108108,34.0,40.26086956521739,42.0,0.264090038995402,0.01587394805323125,Harsh,6
27,73,22,23,28,38.78082191780822,35.0,39.69565217391305,41.0,0.2656198283931408,0.015918835376762964,Harsh,6
28,72,22,22,28,51.333333333333336,36.0,55.63636363636363,60.0,0.2646998462375823,0.016080389314078413,Harsh,6
29,71,21,22,28,51.25352112676056,37.0,55.0,59.0,0.2623032650290175,0.015890662149807732,Harsh,6
30,69,20,22,27,51.04347826086956,38.0,54.36363636363637,58.0,0.2618229507576874,0.015206331392936126,Harsh,6
31,69,20,22,27,50.73913043478261,39.0,53.72727272727273,57.0,0.2618229507576874,0.01520633139293612,Harsh,6
32,68,20,21,27,50.35294117647059,40.0,52.95238095238095,56.0,0.2618631642259841,0.015433178316095343,Harsh,6
33,67,20,20,27,49.985074626865675,41.0,52.2,55.0,0.26229369083748905,0.01565421936616342,Harsh,6
34,66,20,19,27,49.63636363636363,42.0,51.473684210526315,54.0,0.2615485735725944,0.015857282844975184,Harsh,6
35,65,20,19,26,61.92307692307692,43.0,66.6842105263158,73.0,0.2629951657923829,0.015964781348396486,Harsh,6
36,64,20,18,26,61.5,44.0,65.77777777777777,72.0,0.2634377983866652,0.01620525339785916,Harsh,6
37,64,20,18,26,61.25,45.0,65.22222222222223,71.0,0.26343779838666515,0.01620525339785916,Harsh,6
38,64,20,18,26,61.0,46.0,64.66666666666667,70.0,0.2634377983866652,0.01620525339785916,Harsh,6
39,64,20,18,26,60.75,47.0,64.11111111111111,69.0,0.2634377983866652,0.01620525339785916,Harsh,6
40,63,20,18,25,60.38095238095238,48.0,63.55555555555556,68.0,0.26526014411549564,0.01625065996833885,Harsh,6
41,60,18,17,25,60.4,49.0,62.76470588235294,67.0,0.2608192216857268,0.016085314848469763,Harsh,6
42,58,18,16,24,72.34482758620689,50.0,77.0,86.0,0.2625496036080321,0.016280088420333117,Harsh,6
43,58,18,16,24,72.10344827586206,51.0,76.5,85.0,0.2625496036080321,0.016280088420333117,Harsh,6
44,57,18,16,23,71.64912280701755,52.0,76.0,84.0,0.2651592164797813,0.016168766386779068,Harsh,6
45,57,18,16,23,71.42105263157895,53.0,75.5,83.0,0.2651592164797813,0.016168766386779068,Harsh,6
46,55,18,16,21,70.8,54.0,75.0,82.0,0.2706547083965792,0.015885116030468684,Harsh,6
47,53,17,15,21,70.69811320754717,55.0,74.06666666666666,81.0,0.2680363592825025,0.016281358115040143,Harsh,6
48,53,17,15,21,70.49056603773585,56.0,73.6,80.0,0.2680363592825025,0.016281358115040143,Harsh,6
49,52,17,14,21,82.84615384615384,57.0,90.0,99.0,0.2667839846860058,0.016515843048469498,Harsh,6
50,51,17,13,21,82.31372549019608,58.0,88.76923076923077,98.0,0.2660683959036216,0.01681899985955654,Harsh,6
51,48,17,10,21,82.75,59.0,93.2,97.0,0.2638717292579073,0.017624313436959922,Harsh,6
52,46,17,9,20,81.91304347826087,60.0,92.0,96.0,0.26781249224095555,0.017929358842968122,Harsh,6
53,45,16,9,20,82.15555555555555,61.0,91.22222222222223,95.0,0.2656197914757603,0.01811065270629529,Harsh,6
54,43,16,9,18,81.34883720930233,62.0,90.44444444444444,94.0,0.2693110872437481,0.018659145411344828,Harsh,6
55,43,16,9,18,81.13953488372093,63.0,89.66666666666667,93.0,0.2693110872437481,0.018659145411344828,Harsh,6
56,41,16,8,17,93.26829268292683,64.0,112.0,112.0,0.27039905297548683,0.019090575776224188,Harsh,6
57,41,16,8,17,93.04878048780488,65.0,111.0,111.0,0.27039905297548683,0.019090575776224188,Harsh,6
58,38,15,7,16,92.63157894736842,66.0,110.0,110.0,0.2703895914760789,0.018620527744804282,Harsh,6
59,34,14,7,13,91.70588235294117,67.0,109.0,109.0,0.2784709921672095,0.018717731326107233,Harsh,6
60,34,14,7,13,91.52941176470588,68.0,108.0,108.0,0.27847099216720944,0.018717731326107233,Harsh,6
61,32,14,6,12,90.375,69.0,107.0,107.0,0.281918749659375,0.0195854162284462,Harsh,6
62,30,13,6,11,90.4,70.0,106.0,106.0,0.27870456423330026,0.019416338893400845,Harsh,6
63,28,12,6,10,101.85714285714286,71.0,125.0,125.0,0.28254491468374854,0.019336155954321813,Harsh,6
64,26,12,5,9,100.0,72.0,124.0,124.0,0.29214328261351663,0.018949409104348478,Harsh,6
65,26,12,5,9,99.92307692307692,73.0,123.0,123.0,0.29214328261351663,0.018949409104348478,Harsh,6
66,25,12,4,9,98.96,74.0,122.0,122.0,0.29555145065147737,0.01942437839645738,Harsh,6
67,25,12,4,9,98.92,75.0,121.0,121.0,0.29555145065147737,0.019424378396457376,Harsh,6
68,21,10,4,7,99.04761904761905,76.0,120.0,120.0,0.2927360455594627,0.019958293447112828,Harsh,6
69,19,9,3,7,99.10526315789474,77.0,119.0,119.0,0.2886252721717262,0.021301550792903322,Harsh,6
70,18,9,3,6,108.0,78.0,138.0,138.0,0.3006149127615448,0.019662641624028546,Harsh,6
71,17,8,3,6,109.70588235294117,79.0,137.0,137.0,0.2966029361104551,0.02058372155462033,Harsh,6
72,16,7,3,6,111.5,80.0,136.0,136.0,0.29128879034668176,0.0214438816919932,Harsh,6
73,15,7,3,5,109.8,81.0,135.0,135.0,0.30045148552829304,0.021536359247287758,Harsh,6
74,14,7,3,4,108.0,82.0,134.0,134.0,0.31586710556873693,0.019354180600265274,Harsh,6
75,14,7,3,4,108.0,83.0,133.0,133.0,0.3158671055687369,0.019354180600265274,Harsh,6
76,13,6,3,4,109.84615384615384,84.0,132.0,132.0,0.3110893631099312,0.020620822168080147,Harsh,6
77,13,6,3,4,120.53846153846153,85.0,151.0,151.0,0.3110893631099312,0.02062082216808015,Harsh,6
78,10,5,2,3,118.0,86.0,150.0,150.0,0.32628128598383027,0.02070817336744222,Harsh,6
79,9,4,2,3,121.44444444444444,87.0,149.0,149.0,0.30851100151146965,0.019744136173300533,Harsh,6
80,9,4,2,3,121.33333333333333,88.0,148.0,148.0,0.30851100151146965,0.019744136173300533,Harsh,6
81,9,4,2,3,121.22222222222223,89.0,147.0,147.0,0.30851100151146965,0.019744136173300533,Harsh,6
82,9,4,2,3,121.11111111111111,90.0,146.0,146.0,0.30851100151146965,0.019744136173300533,Harsh,6
83,8,3,2,3,124.75,91.0,145.0,145.0,0.28995263470804244,0.019022193562977817,Harsh,6
84,8,3,2,3,137.0,92.0,164.0,164.0,0.28995263470804244,0.019022193562977813,Harsh,6
85,8,3,2,3,136.75,93.0,163.0,163.0,0.28995263470804244,0.019022193562977813,Harsh,6
86,7,3,2,2,132.85714285714286,94.0,162.0,162.0,0.30478059674324237,0.020140453547712368,Harsh,6
87,6,3,2,1,128.0,95.0,161.0,161.0,0.3300171890305725,0.018818705298928665,Harsh,6
88,5,3,2,0,121.6,96.0,160.0,,0.3759826777564085,0.007677185470123629,Harsh,6
89,5,3,2,0,121.8,97.0,159.0,,0.3759826777564085,0.007677185470123627,Harsh,6
90,5,3,2,0,122.0,98.0,158.0,,0.3759826777564085,0.007677185470123629,Harsh,6
91,5,3,2,0,130.2,99.0,177.0,,0.3759826777564085,0.007677185470123628,Harsh,6
92,4,3,1,0,119.0,100.0,176.0,,0.3903994562807369,0.008850623940034592,Harsh,6
93,4,3,1,0,119.5,101.0,175.0,,0.3903994562807369,0.008850623940034592,Harsh,6
94,3,2,1,0,126.0,102.0,174.0,,0.36223682066627555,0.008517131641534326,Harsh,6
95,3,2,1,0,126.33333333333333,103.0,173.0,,0.36223682066627555,0.008517131641534326,Harsh,6
96,2,1,1,0,138.0,104.0,172.0,,0.33479012620864623,0.012514337063165905,Harsh,6
97,1,0,1,0,171.0,,171.0,,0.2556878599226355,0.0,Harsh,6
98,1,0,1,0,190.0,,190.0,,0.2556878599226355,0.0,Harsh,6
99,1,0,1,0,189.0,,189.0,,0.2556878599226355,0.0,Harsh,6
100,1,0,1,0,188.0,,188.0,,0.2556878599226355,0.0,Harsh,6
101,0,0,0,0,,,,,,,Harsh,6
102,0,0,0,0,,,,,,,Harsh,6
103,0,0,0,0,,,,,,,Harsh,6
104,0,0,0,0,,,,,,,Harsh,6
105,0,0,0,0,,,,,,,Harsh,6
106,0,0,0,0,,,,,,,Harsh,6
107,0,0,0,0,,,,,,,Harsh,6
108,0,0,0,0,,,,,,,Harsh,6
109,0,0,0,0,,,,,,,Harsh,6
110,0,0,0,0,,,,,,,Harsh,6
0,100,36,30,34,8.0,8.0,8.0,8.0,0.2845585508341201,0.018802370307112758,Harsh,7
1,99,36,29,34,7.828282828282828,9.0,7.344827586206897,7.0,0.2847881213889005,0.018988907186448,Harsh,7
2,99,36,29,34,7.656565656565657,10.0,6.689655172413793,6.0,0.2847881213889005,0.018988907186448,Harsh,7
3,96,36,29,31,7.5625,11.0,6.0344827586206895,5.0,0.28958250720302603,0.018765714543947588,Harsh,7
4,95,35,29,31,7.368421052631579,12.0,5.379310344827586,4.0,0.28804780364461047,0.01873683413578334,Harsh,7
5,93,35,28,30,7.301075268817204,13.0,4.785714285714286,3.0,0.2906014305569126,0.01852920732955708,Harsh,7
6,92,35,28,29,7.217391304347826,14.0,4.142857142857143,2.0,0.2928803202638854,0.01824453705334066,Harsh,7
7,90,34,27,29,18.4,15.0,19.88888888888889,21.0,0.29164714841704675,0.018235506921949092,Harsh,7
8,89,34,26,29,18.247191011235955,16.0,19.23076923076923,20.0,0.29192509237071795,0.0184356968272045,Harsh,7
9,88,33,26,29,18.136363636363637,17.0,18.615384615384617,19.0,0.290110965322596,0.018351330606749726,Harsh,7
10,86,31,26,29,18.0,18.0,18.0,18.0,0.2870009352233816,0.018304475074735857,Harsh,7
11,84,31,26,27,17.857142857142858,19.0,17.384615384615383,17.0,0.28986715267340857,0.018373000129916304,Harsh,7
12,84,31,26,27,17.714285714285715,20.0,16.76923076923077,16.0,0.2898671526734085,0.0183730001299163,Harsh,7
13,82,30,25,27,17.5609756097561,21.0,16.2,15.0,0.2884692942110466,0.018291244065195948,Harsh,7
14,80,29,24,27,28.9,22.0,31.5,34.0,0.2859293597386571,0.018272897841011316,Harsh,7
15,80,29,24,27,28.75,23.0,30.916666666666668,33.0,0.285929359738657,0.018272897841011316,Harsh,7
16,79,29,23,27,28.556962025316455,24.0,30.26086956521739,32.0,0.2864480691399354,0.018485365048208902,Harsh,7
17,79,29,23,27,28.417721518987342,25.0,29.695652173913043,31.0,0.2864480691399355,0.018485365048208906,Harsh,7
18,77,29,22,26,28.233766233766232,26.0,29.09090909090909,30.0,0.28739697456411073,0.018845333386500473,Harsh,7
19,77,29,22,26,28.116883116883116,27.0,28.545454545454547,29.0,0.2873969745641108,0.018845333386500473,Harsh,7
20,77,29,22,26,28.0,28.0,28.0,28.0,0.2873969745641108,0.018845333386500473,Harsh,7
21,77,29,22,26,39.05194805194805,29.0,42.90909090909091,47.0,0.2873969745641108,0.018845333386500473,Harsh,7
22,75,29,20,26,38.96,30.0,42.8,46.0,0.2869733436733795,0.019326463854547282,Harsh,7
23,74,29,19,26,38.945945945945944,31.0,42.78947368421053,45.0,0.28625219301754345,0.01955167125817545,Harsh,7
24,73,29,19,25,38.73972602739726,32.0,42.10526315789474,44.0,0.28795301458302425,0.019606182342663182,Harsh,7
25,71,29,18,24,38.49295774647887,33.0,41.333333333333336,43.0,0.29167295840912816,0.019485093213721733,Harsh,7
26,71,29,18,24,38.394366197183096,34.0,40.666666666666664,42.0,0.2916729584091282,0.019485093213721733,Harsh,7
27,70,29,17,24,38.25714285714286,35.0,39.94117647058823,41.0,0.29205820866801613,0.019756795488166876,Harsh,7
28,68,28,17,23,49.05882352941177,36.0,55.76470588235294,60.0,0.29262072840334746,0.019582271695527745,Harsh,7
29,67,27,17,23,49.149253731343286,37.0,55.11764705882353,59.0,0.2915102498742347,0.019793847196371273,Harsh,7
30,66,27,17,22,48.90909090909091,38.0,54.470588235294116,58.0,0.2940963632628891,0.019643379331183135,Harsh,7
31,65,27,17,21,48.69230769230769,39.0,53.8235294117647,57.0,0.29699198453482367,0.01938827540289604,Harsh,7
32,63,25,17,21,48.888888888888886,40.0,53.1764705882353,56.0,0.2928627300176689,0.019359135978255435,Harsh,7
33,61,23,17,21,49.032786885245905,41.0,52.529411764705884,55.0,0.28895121214346736,0.019392384728245768,Harsh,7
34,61,23,17,21,48.885245901639344,42.0,51.88235294117647,54.0,0.2889512121434674,0.019392384728245764,Harsh,7
35,60,22,17,21,60.5,43.0,67.70588235294117,73.0,0.28593265649452576,0.01915583629596055,Harsh,7
36,58,22,16,20,59.93103448275862,44.0,66.75,72.0,0.2884009463172831,0.019600548643009464,Harsh,7
37,56,22,15,19,59.392857142857146,45.0,65.8,71.0,0.2936520401324888,0.019222388912787897,Harsh,7
38,56,22,15,19,59.285714285714285,46.0,65.2,70.0,0.2936520401324888,0.019222388912787897,Harsh,7
39,56,22,15,19,59.17857142857143,47.0,64.6,69.0,0.29365204013248875,0.019222388912787897,Harsh,7
40,55,21,15,19,59.27272727272727,48.0,64.0,68.0,0.29008075809865186,0.018850905549601796,Harsh,7
41,54,20,15,19,59.333333333333336,49.0,63.4,67.0,0.2867344578557391,0.01857908783944933,Harsh,7
42,54,20,15,19,70.66666666666667,50.0,78.8,86.0,0.28673445785573903,0.018579087839449338,Harsh,7
43,53,19,15,19,70.88679245283019,51.0,78.2,85.0,0.2839432343816267,0.018507577272578526,Harsh,7
44,52,18,15,19,71.07692307692308,52.0,77.6,84.0,0.2816235867582573,0.018579698618977344,Harsh,7
45,52,18,15,19,70.88461538461539,53.0,77.0,83.0,0.2816235867582573,0.018579698618977344,Harsh,7
46,50,18,14,18,70.24,54.0,76.0,82.0,0.2855849745172396,0.018614997127799647,Harsh,7
47,50,18,14,18,70.08,55.0,75.42857142857143,81.0,0.2855849745172396,0.01861499712779964,Harsh,7
48,47,16,14,17,70.29787234042553,56.0,74.85714285714286,80.0,0.2817539737740421,0.018315533657066473,Harsh,7
49,47,16,14,17,82.02127659574468,57.0,90.0,99.0,0.2817539737740421,0.018315533657066473,Harsh,7
50,45,15,14,16,82.0,58.0,89.42857142857143,98.0,0.28168177115808757,0.01822914477755285,Harsh,7
51,45,15,14,16,81.8,59.0,88.85714285714286,97.0,0.28168177115808757,0.01822914477755285,Harsh,7
52,42,14,14,14,81.42857142857143,60.0,88.28571428571429,96.0,0.28677941155848274,0.017127982106504996,Harsh,7
53,39,13,14,12,81.05128205128206,61.0,87.71428571428571,95.0,0.29050503541952705,0.016891230310509608,Harsh,7
54,36,13,12,11,79.77777777777777,62.0,86.0,94.0,0.29344004252512446,0.01787869287911153,Harsh,7
55,32,11,10,11,80.8125,63.0,87.0,93.0,0.28015274163656945,0.017556030580555736,Harsh,7
56,28,9,9,10,93.14285714285714,64.0,101.33333333333333,112.0,0.27685459656789035,0.01698346890918591,Harsh,7
57,27,9,9,9,92.25925925925925,65.0,100.77777777777777,111.0,0.2802437469001373,0.017302691827970947,Harsh,7
58,27,9,9,9,92.07407407407408,66.0,100.22222222222223,110.0,0.28024374690013737,0.017302691827970947,Harsh,7
59,22,9,8,5,89.9090909090909,67.0,103.75,109.0,0.2997658083251245,0.017975631919383513,Harsh,7
60,21,9,7,5,88.95238095238095,68.0,102.28571428571429,108.0,0.30217960942117805,0.01873982284995946,Harsh,7
61,19,9,6,4,87.0,69.0,100.66666666666667,107.0,0.31822822835899944,0.01725082741258359,Harsh,7
62,18,9,5,4,86.0,70.0,98.8,106.0,0.31821252392884763,0.018265577004667258,Harsh,7
63,16,8,4,4,94.625,71.0,111.5,125.0,0.3159129989902174,0.019652563554950993,Harsh,7
64,13,6,4,3,96.0,72.0,111.0,124.0,0.3131386031289406,0.018850178524697243,Harsh,7
65,11,6,2,3,95.72727272727273,73.0,123.0,123.0,0.31045208277355457,0.022480639064184155,Harsh,7
66,11,6,2,3,95.81818181818181,74.0,122.0,122.0,0.3104520827735545,0.02248063906418415,Harsh,7
67,9,5,2,2,95.44444444444444,75.0,121.0,121.0,0.3343418021621447,0.0188502784964592,Harsh,7
68,8,5,2,1,92.5,76.0,120.0,120.0,0.36294167562532353,0.013129947014252158,Harsh,7
69,8,5,2,1,92.75,77.0,119.0,119.0,0.36294167562532353,0.013129947014252158,Harsh,7
70,8,5,2,1,100.5,78.0,138.0,138.0,0.36294167562532353,0.013129947014252158,Harsh,7
71,8,5,2,1,100.75,79.0,137.0,137.0,0.36294167562532353,0.013129947014252156,Harsh,7
72,8,5,2,1,101.0,80.0,136.0,136.0,0.36294167562532353,0.013129947014252158,Harsh,7
73,7,5,1,1,96.42857142857143,81.0,135.0,135.0,0.37021434318331536,0.014824615711476216,Harsh,7
74,7,5,1,1,96.85714285714286,82.0,134.0,134.0,0.37021434318331536,0.014824615711476212,Harsh,7
75,7,5,1,1,97.28571428571429,83.0,133.0,133.0,0.3702143431833154,0.014824615711476216,Harsh,7
76,7,5,1,1,97.71428571428571,84.0,132.0,132.0,0.3702143431833155,0.014824615711476216,Harsh,7
77,7,5,1,1,103.85714285714286,85.0,151.0,151.0,0.3702143431833154,0.014824615711476212,Harsh,7
78,6,5,1,0,96.66666666666667,86.0,150.0,,0.40622151980597376,0.006898797999754805,Harsh,7
79,6,5,1,0,97.33333333333333,87.0,149.0,,0.40622151980597376,0.006898797999754803,Harsh,7
80,6,5,1,0,98.0,88.0,148.0,,0.4062215198059738,0.006898797999754803,Harsh,7
81,6,5,1,0,98.66666666666667,89.0,147.0,,0.4062215198059738,0.006898797999754803,Harsh,7
82,6,5,1,0,99.33333333333333,90.0,146.0,,0.4062215198059738,0.006898797999754803,Harsh,7
83,6,5,1,0,100.0,91.0,145.0,,0.40622151980597376,0.006898797999754805,Harsh,7
84,6,5,1,0,104.0,92.0,164.0,,0.40622151980597393,0.006898797999754805,Harsh,7
85,6,5,1,0,104.66666666666667,93.0,163.0,,0.40622151980597376,0.006898797999754805,Harsh,7
86,6,5,1,0,105.33333333333333,94.0,162.0,,0.4062215198059738,0.006898797999754805,Harsh,7
87,6,5,1,0,106.0,95.0,161.0,,0.4062215198059738,0.006898797999754803,Harsh,7
88,6,5,1,0,106.66666666666667,96.0,160.0,,0.40622151980597376,0.006898797999754805,Harsh,7
89,6,5,1,0,107.33333333333333,97.0,159.0,,0.4062215198059738,0.006898797999754803,Harsh,7
90,5,4,1,0,110.0,98.0,158.0,,0.39946818958014113,0.008281441481149916,Harsh,7
91,5,4,1,0,114.6,99.0,177.0,,0.39946818958014113,0.008281441481149916,Harsh,7
92,5,4,1,0,115.2,100.0,176.0,,0.3994681895801412,0.008281441481149916,Harsh,7
93,5,4,1,0,115.8,101.0,175.0,,0.3994681895801412,0.008281441481149916,Harsh,7
94,5,4,1,0,116.4,102.0,174.0,,0.39946818958014113,0.008281441481149917,Harsh,7
95,5,4,1,0,117.0,103.0,173.0,,0.3994681895801412,0.008281441481149916,Harsh,7
96,5,4,1,0,117.6,104.0,172.0,,0.3994681895801412,0.008281441481149914,Harsh,7
97,4,3,1,0,121.5,105.0,171.0,,0.4020740094779874,0.010996653325933145,Harsh,7
98,4,3,1,0,127.0,106.0,190.0,,0.4020740094779874,0.010996653325933145,Harsh,7
99,4,3,1,0,127.5,107.0,189.0,,0.4020740094779873,0.010996653325933145,Harsh,7
100,4,3,1,0,128.0,108.0,188.0,,0.4020740094779873,0.010996653325933145,Harsh,7
101,4,3,1,0,128.5,109.0,187.0,,0.4020740094779873,0.010996653325933145,Harsh,7
102,4,3,1,0,129.0,110.0,186.0,,0.4020740094779874,0.010996653325933145,Harsh,7
103,4,3,1,0,129.5,111.0,185.0,,0.4020740094779873,0.010996653325933145,Harsh,7
104,4,3,1,0,130.0,112.0,184.0,,0.4020740094779873,0.010996653325933145,Harsh,7
105,4,3,1,0,135.5,113.0,203.0,,0.4020740094779874,0.010996653325933145,Harsh,7
106,4,3,1,0,136.0,114.0,202.0,,0.4020740094779874,0.010996653325933145,Harsh,7
107,4,3,1,0,136.5,115.0,201.0,,0.4020740094779873,0.010996653325933145,Harsh,7
108,4,3,1,0,137.0,116.0,200.0,,0.4020740094779874,0.010996653325933145,Harsh,7
109,3,2,1,0,144.33333333333334,117.0,199.0,,0.39064251585781756,0.015710905710571835,Harsh,7
110,3,2,1,0,144.66666666666666,118.0,198.0,,0.39064251585781756,0.015710905710571835,Harsh,7
0,100,31,41,28,8.0,8.0,8.0,8.0,0.2809384914171702,0.014334966830433235,Harsh,8
1,100,31,41,28,7.78,9.0,7.390243902439025,7.0,0.2809384914171702,0.014334966830433237,Harsh,8
2,98,31,39,28,7.551020408163265,10.0,6.717948717948718,6.0,0.28059445569029645,0.014580129026773912,Harsh,8
3,98,31,39,28,7.326530612244898,11.0,6.076923076923077,5.0,0.28059445569029645,0.014580129026773914,Harsh,8
4,96,29,39,28,7.0,12.0,5.435897435897436,4.0,0.2788015207432199,0.01472291807254226,Harsh,8
5,93,28,39,26,6.763440860215054,13.0,4.794871794871795,3.0,0.2805266641103502,0.014410847115015278,Harsh,8
6,90,26,38,26,6.4,14.0,4.2105263157894735,2.0,0.2775376690238292,0.014304583373286082,Harsh,8
7,90,26,38,26,18.8,15.0,19.894736842105264,21.0,0.2775376690238292,0.014304583373286082,Harsh,8
8,88,25,37,26,18.545454545454547,16.0,19.243243243243242,20.0,0.2765397107596002,0.014422485093611296,Harsh,8
9,88,25,37,26,18.272727272727273,17.0,18.62162162162162,19.0,0.2765397107596002,0.014422485093611296,Harsh,8
10,87,25,36,26,18.0,18.0,18.0,18.0,0.2760370158519772,0.01456769203871527,Harsh,8
11,86,25,35,26,17.74418604651163,19.0,17.4,17.0,0.2766129518955103,0.01470987904146567,Harsh,8
12,86,25,35,26,17.488372093023255,20.0,16.8,16.0,0.2766129518955103,0.01470987904146567,Harsh,8
13,84,24,34,26,17.214285714285715,21.0,16.235294117647058,15.0,0.27561873524542907,0.014692347829357131,Harsh,8
14,84,24,34,26,29.571428571428573,22.0,31.529411764705884,34.0,0.275618735245429,0.014692347829357131,Harsh,8
15,84,24,34,26,29.30952380952381,23.0,30.941176470588236,33.0,0.275618735245429,0.014692347829357135,Harsh,8
16,83,24,34,25,29.012048192771083,24.0,30.352941176470587,32.0,0.2772291495538418,0.014651017637589157,Harsh,8
17,82,24,34,24,28.73170731707317,25.0,29.764705882352942,31.0,0.27837267481796835,0.014722019508397551,Harsh,8
18,77,21,32,24,28.545454545454547,26.0,29.125,30.0,0.2725497837910526,0.014621147925671592,Harsh,8
19,77,21,32,24,28.272727272727273,27.0,28.5625,29.0,0.2725497837910526,0.014621147925671596,Harsh,8
20,77,21,32,24,28.0,28.0,28.0,28.0,0.2725497837910525,0.014621147925671596,Harsh,8
21,74,20,31,23,40.432432432432435,29.0,42.935483870967744,47.0,0.27350604361844627,0.014606433549114542,Harsh,8
22,74,20,31,23,40.16216216216216,30.0,42.38709677419355,46.0,0.2735060436184463,0.014606433549114542,Harsh,8
23,73,20,31,22,39.821917808219176,31.0,41.83870967741935,45.0,0.2759315328911308,0.014367912399231051,Harsh,8
24,72,20,31,21,39.5,32.0,41.29032258064516,44.0,0.2783115733186958,0.014150937956289925,Harsh,8
25,71,20,31,20,39.19718309859155,33.0,40.74193548387097,43.0,0.27955434526925715,0.014240302889907313,Harsh,8
26,68,19,30,19,38.94117647058823,34.0,40.13333333333333,42.0,0.27875945441639555,0.013693015565245284,Harsh,8
27,67,18,30,19,38.76119402985075,35.0,39.6,41.0,0.2758136400861673,0.013301452811042632,Harsh,8
28,66,18,29,19,50.90909090909091,36.0,54.206896551724135,60.0,0.27536959585502674,0.013492676560679243,Harsh,8
29,64,17,29,18,50.75,37.0,53.689655172413794,59.0,0.276327982134453,0.013409199186417626,Harsh,8
30,61,17,26,18,50.459016393442624,38.0,53.38461538461539,58.0,0.2758965613711726,0.013980124285670735,Harsh,8
31,61,17,26,18,50.21311475409836,39.0,52.84615384615385,57.0,0.2758965613711726,0.013980124285670735,Harsh,8
32,61,17,26,18,49.967213114754095,40.0,52.30769230769231,56.0,0.2758965613711726,0.013980124285670735,Harsh,8
33,59,15,26,18,50.016949152542374,41.0,51.76923076923077,55.0,0.2699052166715856,0.013342790347424695,Harsh,8
34,58,15,25,18,49.86206896551724,42.0,51.6,54.0,0.2688039885217628,0.013504069631332036,Harsh,8
35,57,15,25,17,62.473684210526315,43.0,67.0,73.0,0.27164001910419944,0.01327038538100424,Harsh,8
36,54,15,23,16,62.148148148148145,44.0,67.1304347826087,72.0,0.2729706999456931,0.013627547316005748,Harsh,8
37,52,14,23,15,62.0,45.0,66.47826086956522,71.0,0.27285798340363066,0.013930357187236604,Harsh,8
38,49,14,21,14,61.183673469387756,46.0,65.42857142857143,70.0,0.27768156077940337,0.013920742790786656,Harsh,8
39,49,14,21,14,60.91836734693877,47.0,64.80952380952381,69.0,0.2776815607794033,0.013920742790786656,Harsh,8
40,48,13,21,14,60.916666666666664,48.0,64.19047619047619,68.0,0.27486190280634487,0.013819066935441788,Harsh,8
41,48,13,21,14,60.625,49.0,63.57142857142857,67.0,0.27486190280634487,0.013819066935441788,Harsh,8
42,47,13,20,14,72.97872340425532,50.0,78.8,86.0,0.27379529674091224,0.014063687194618072,Harsh,8
43,46,12,20,14,73.17391304347827,51.0,78.2,85.0,0.2711495991945096,0.014039916133915736,Harsh,8
44,46,12,20,14,72.8695652173913,52.0,77.6,84.0,0.27114959919450954,0.014039916133915737,Harsh,8
45,45,12,19,14,72.33333333333333,53.0,76.6842105263158,83.0,0.2702950611547008,0.014324650887157824,Harsh,8
46,44,12,18,14,71.81818181818181,54.0,75.77777777777777,82.0,0.27178553887407075,0.014555488880179218,Harsh,8
47,42,12,18,12,71.0952380952381,55.0,75.22222222222223,81.0,0.2785021790566435,0.014092402440857675,Harsh,8
48,41,12,17,12,70.63414634146342,56.0,74.3529411764706,80.0,0.2803151502806187,0.014303212978310793,Harsh,8
49,41,12,17,12,82.60975609756098,57.0,89.11764705882354,99.0,0.2803151502806187,0.014303212978310793,Harsh,8
50,38,10,17,11,83.26315789473684,58.0,88.58823529411765,98.0,0.2761106419585668,0.011997503205668702,Harsh,8
51,36,9,16,11,83.27777777777777,59.0,87.5,97.0,0.2720457112185728,0.011221602471782954,Harsh,8
52,35,8,16,11,83.65714285714286,60.0,87.0,96.0,0.26855618568345047,0.011100392148601833,Harsh,8
53,33,8,15,10,82.63636363636364,61.0,85.93333333333334,95.0,0.27278416483726153,0.010802355570133605,Harsh,8
54,31,8,13,10,81.61290322580645,62.0,84.15384615384616,94.0,0.2757916507974081,0.011352229410161464,Harsh,8
55,30,8,12,10,82.0,63.0,85.5,93.0,0.2734056257907016,0.011561113277431017,Harsh,8
56,28,7,11,10,94.85714285714286,64.0,98.9090909090909,112.0,0.270008078430318,0.011900812422418382,Harsh,8
57,26,7,11,8,93.3076923076923,65.0,98.45454545454545,111.0,0.2783248224145289,0.011834196766720744,Harsh,8
58,25,7,10,8,92.4,66.0,96.8,110.0,0.2809353435020712,0.012142720247562149,Harsh,8
59,24,6,10,8,93.25,67.0,96.4,109.0,0.27549862626745875,0.011899589102957062,Harsh,8
60,24,6,10,8,93.0,68.0,96.0,108.0,0.27549862626745875,0.011899589102957062,Harsh,8
61,24,6,10,8,92.75,69.0,95.6,107.0,0.27549862626745875,0.011899589102957063,Harsh,8
62,23,6,10,7,91.91304347826087,70.0,95.2,106.0,0.281385891787245,0.01157083123464346,Harsh,8
63,21,5,9,7,104.42857142857143,71.0,107.0,125.0,0.2727515596287229,0.010591587810321991,Harsh,8
64,21,5,9,7,104.19047619047619,72.0,106.66666666666667,124.0,0.2727515596287229,0.010591587810321991,Harsh,8
65,21,5,9,7,103.95238095238095,73.0,106.33333333333333,123.0,0.27275155962872283,0.010591587810321995,Harsh,8
66,20,4,9,7,105.2,74.0,106.0,122.0,0.2671185567692903,0.010447623857705365,Harsh,8
67,19,4,9,6,104.05263157894737,75.0,105.66666666666667,121.0,0.27408159555304334,0.010004498213159067,Harsh,8
68,17,3,8,6,104.47058823529412,76.0,103.5,120.0,0.26980658261423435,0.009956909496606426,Harsh,8
69,17,3,8,6,104.17647058823529,77.0,103.25,119.0,0.26980658261423435,0.009956909496606424,Harsh,8
70,16,2,8,6,119.25,78.0,115.5,138.0,0.2590658318964497,0.008528774565247327,Harsh,8
71,15,2,8,5,117.66666666666667,79.0,115.25,137.0,0.2696389524286734,0.007221557700669049,Harsh,8
72,13,2,7,4,114.46153846153847,80.0,112.0,136.0,0.2728115676155716,0.007835119928098799,Harsh,8
73,13,2,7,4,114.23076923076923,81.0,111.85714285714286,135.0,0.2728115676155717,0.007835119928098799,Harsh,8
74,13,2,7,4,114.0,82.0,111.71428571428571,134.0,0.2728115676155717,0.007835119928098799,Harsh,8
75,12,2,7,3,112.16666666666667,83.0,111.57142857142857,133.0,0.2791046599637999,0.00798576085216965,Harsh,8
76,11,2,6,3,110.18181818181819,84.0,108.0,132.0,0.2767029879172378,0.008708198959612676,Harsh,8
77,10,2,5,3,118.0,85.0,111.4,151.0,0.2715476596753907,0.009350941619466249,Harsh,8
78,9,1,5,3,121.55555555555556,86.0,111.6,150.0,0.2614013846847783,0.009361656739816865,Harsh,8
79,9,1,5,3,121.44444444444444,87.0,111.8,149.0,0.2614013846847783,0.009361656739816867,Harsh,8
80,9,1,5,3,121.33333333333333,88.0,112.0,148.0,0.2614013846847783,0.009361656739816865,Harsh,8
81,7,1,4,2,113.85714285714286,89.0,103.5,147.0,0.27933541238970744,0.010723770983446373,Harsh,8
82,7,1,4,2,114.0,90.0,104.0,146.0,0.27933541238970744,0.010723770983446375,Harsh,8
83,7,1,4,2,114.14285714285714,91.0,104.5,145.0,0.27933541238970744,0.010723770983446375,Harsh,8
84,7,1,4,2,122.85714285714286,92.0,110.0,164.0,0.2793354123897075,0.010723770983446373,Harsh,8
85,7,1,4,2,123.0,93.0,110.5,163.0,0.2793354123897075,0.010723770983446375,Harsh,8
86,6,1,4,1,116.66666666666667,94.0,111.0,162.0,0.30308135662325203,0.008132018292777762,Harsh,8
87,5,0,4,1,121.4,,111.5,161.0,0.2799626755337958,0.006156472251102347,Harsh,8
88,5,0,4,1,121.6,,112.0,160.0,0.2799626755337958,0.006156472251102347,Harsh,8
89,5,0,4,1,121.8,,112.5,159.0,0.2799626755337957,0.006156472251102347,Harsh,8
90,4,0,3,1,113.0,,98.0,158.0,0.2959049210217991,0.0065142617268047045,Harsh,8
91,4,0,3,1,118.5,,99.0,177.0,0.29590492102179916,0.0065142617268047045,Harsh,8
92,4,0,3,1,119.0,,100.0,176.0,0.2959049210217991,0.0065142617268047045,Harsh,8
93,4,0,3,1,119.5,,101.0,175.0,0.2959049210217991,0.0065142617268047045,Harsh,8
94,3,0,2,1,126.0,,102.0,174.0,0.2838966867189627,0.008906206443776148,Harsh,8
95,3,0,2,1,126.33333333333333,,103.0,173.0,0.2838966867189627,0.008906206443776148,Harsh,8
96,3,0,2,1,126.66666666666667,,104.0,172.0,0.2838966867189627,0.008906206443776148,Harsh,8
97,3,0,2,1,127.0,,105.0,171.0,0.2838966867189627,0.008906206443776148,Harsh,8
98,3,0,2,1,134.0,,106.0,190.0,0.2838966867189627,0.008906206443776148,Harsh,8
99,3,0,2,1,134.33333333333334,,107.0,189.0,0.2838966867189627,0.008906206443776148,Harsh,8
100,2,0,1,1,148.0,,108.0,188.0,0.2525072205857062,0.011900621382767176,Harsh,8
101,2,0,1,1,148.0,,109.0,187.0,0.2525072205857062,0.011900621382767176,Harsh,8
102,2,0,1,1,148.0,,110.0,186.0,0.2525072205857062,0.011900621382767176,Harsh,8
103,2,0,1,1,148.0,,111.0,185.0,0.2525072205857062,0.011900621382767176,Harsh,8
104,2,0,1,1,148.0,,112.0,184.0,0.2525072205857062,0.011900621382767176,Harsh,8
105,2,0,1,1,158.0,,113.0,203.0,0.2525072205857062,0.011900621382767176,Harsh,8
106,2,0,1,1,158.0,,114.0,202.0,0.2525072205857062,0.011900621382767176,Harsh,8
107,1,0,1,0,115.0,,115.0,,0.3296454775752415,0.0,Harsh,8
108,1,0,1,0,116.0,,116.0,,0.3296454775752415,0.0,Harsh,8
109,1,0,1,0,117.0,,117.0,,0.3296454775752415,0.0,Harsh,8
110,1,0,1,0,118.0,,118.0,,0.3296454775752415,0.0,Harsh,8
0,100,31,38,31,8.0,8.0,8.0,8.0,0.2787623844900235,0.014501904839979816,Harsh,9
1,95,31,35,29,7.821052631578947,9.0,7.457142857142857,7.0,0.28045147564784967,0.014838981090312682,Harsh,9
2,95,31,35,29,7.6421052631578945,10.0,6.914285714285715,6.0,0.2804514756478496,0.014838981090312682,Harsh,9
3,94,31,35,28,7.48936170212766,11.0,6.371428571428571,5.0,0.28256871166648945,0.014568105542439405,Harsh,9
4,89,28,34,27,7.235955056179775,12.0,5.882352941176471,4.0,0.27853105874519146,0.014283152549183381,Harsh,9
5,88,27,34,27,6.9772727272727275,13.0,5.352941176470588,3.0,0.27705773525269484,0.014251915425458297,Harsh,9
6,87,26,34,27,6.689655172413793,14.0,4.823529411764706,2.0,0.2754280920126502,0.014181213009944028,Harsh,9
7,86,26,33,27,18.627906976744185,15.0,19.545454545454547,21.0,0.2753627399739175,0.014347674871340458,Harsh,9
8,84,26,33,25,18.38095238095238,16.0,19.03030303030303,20.0,0.2785967492304983,0.014237212860269827,Harsh,9
9,84,26,33,25,18.19047619047619,17.0,18.515151515151516,19.0,0.2785967492304983,0.014237212860269827,Harsh,9
10,84,26,33,25,18.0,18.0,18.0,18.0,0.2785967492304983,0.014237212860269827,Harsh,9
11,84,26,33,25,17.80952380952381,19.0,17.484848484848484,17.0,0.2785967492304983,0.014237212860269825,Harsh,9
12,83,26,32,25,17.63855421686747,20.0,17.0,16.0,0.2784323007675833,0.014408538067512492,Harsh,9
13,81,24,32,25,17.37037037037037,21.0,16.5,15.0,0.27462230239078367,0.014151853643050558,Harsh,9
14,81,24,32,25,29.25925925925926,22.0,31.0,34.0,0.27462230239078367,0.014151853643050558,Harsh,9
15,80,24,31,25,29.0,23.0,30.419354838709676,33.0,0.27469500240148975,0.014330557503224777,Harsh,9
16,78,23,30,25,28.82051282051282,24.0,29.866666666666667,32.0,0.27308155335912937,0.014562604560166812,Harsh,9
17,78,23,30,25,28.615384615384617,25.0,29.4,31.0,0.2730815533591293,0.014562604560166819,Harsh,9
18,78,23,30,25,28.41025641025641,26.0,28.933333333333334,30.0,0.2730815533591293,0.01456260456016682,Harsh,9
19,78,23,30,25,28.205128205128204,27.0,28.466666666666665,29.0,0.2730815533591293,0.014562604560166816,Harsh,9
20,78,23,30,25,28.0,28.0,28.0,28.0,0.2730815533591293,0.014562604560166819,Harsh,9
21,77,23,30,24,39.753246753246756,29.0,42.2,47.0,0.2749722466771244,0.014471720729858438,Harsh,9
22,76,22,30,24,39.68421052631579,30.0,41.733333333333334,46.0,0.27350216222140233,0.014496049807692485,Harsh,9
23,76,22,30,24,39.473684210526315,31.0,41.266666666666666,45.0,0.27350216222140233,0.014496049807692491,Harsh,9
24,76,22,30,24,39.26315789473684,32.0,40.8,44.0,0.27350216222140233,0.014496049807692488,Harsh,9
25,75,22,29,24,39.0,33.0,40.241379310344826,43.0,0.2734633172746142,0.014691826144277812,Harsh,9
26,75,22,29,24,38.8,34.0,39.793103448275865,42.0,0.2734633172746142,0.014691826144277808,Harsh,9
27,75,22,29,24,38.6,35.0,39.3448275862069,41.0,0.27346331727461415,0.014691826144277812,Harsh,9
28,73,22,28,23,50.465753424657535,36.0,54.0,60.0,0.27427720234630715,0.014868299864534439,Harsh,9
29,72,22,27,23,50.138888888888886,37.0,53.2962962962963,59.0,0.27365659704378253,0.015049200519687915,Harsh,9
30,72,22,27,23,49.94444444444444,38.0,52.81481481481482,58.0,0.27365659704378253,0.015049200519687915,Harsh,9
31,70,21,27,22,49.8,39.0,52.333333333333336,57.0,0.2751671220032794,0.014625574824057307,Harsh,9
32,69,21,26,22,49.507246376811594,40.0,51.69230769230769,56.0,0.275273615125769,0.014839851277466764,Harsh,9
33,65,19,25,21,49.4,41.0,51.08,55.0,0.27482078871437005,0.01468002234014147,Harsh,9
34,64,18,25,21,49.3125,42.0,50.64,54.0,0.27312949812845044,0.01472415714554937,Harsh,9
35,64,18,25,21,61.28125,43.0,64.6,73.0,0.27312949812845044,0.01472415714554937,Harsh,9
36,63,18,25,20,60.888888888888886,44.0,64.16,72.0,0.2761457561524603,0.014369992262919962,Harsh,9
37,63,18,25,20,60.682539682539684,45.0,63.72,71.0,0.27614575615246034,0.014369992262919963,Harsh,9
38,63,18,25,20,60.476190476190474,46.0,63.28,70.0,0.2761457561524603,0.014369992262919963,Harsh,9
39,62,18,25,19,60.12903225806452,47.0,62.84,69.0,0.27828090567222474,0.01431364917344886,Harsh,9
40,62,18,25,19,59.935483870967744,48.0,62.4,68.0,0.27828090567222474,0.014313649173448862,Harsh,9
41,60,18,23,19,59.5,49.0,61.52173913043478,67.0,0.27902544170101057,0.01471261247777784,Harsh,9
42,59,18,23,18,70.7457627118644,50.0,75.04347826086956,86.0,0.2815422902705542,0.01457965364815455,Harsh,9
43,58,17,23,18,70.93103448275862,51.0,74.65217391304348,85.0,0.28002666079244404,0.014697528481447718,Harsh,9
44,57,17,23,17,70.52631578947368,52.0,74.26086956521739,84.0,0.2819131542904403,0.01474988463976555,Harsh,9
45,56,17,23,16,70.14285714285714,53.0,73.8695652173913,83.0,0.2843095330934075,0.014684782918225746,Harsh,9
46,50,16,19,15,69.68,54.0,73.15789473684211,82.0,0.28642794990540854,0.015749581713977164,Harsh,9
47,46,15,18,13,69.69565217391305,55.0,73.77777777777777,81.0,0.2881458516753115,0.015276807315075398,Harsh,9
48,44,14,17,13,69.63636363636364,56.0,72.94117647058823,80.0,0.28264750694662344,0.014974690803907835,Harsh,9
49,44,14,17,13,80.86363636363636,57.0,86.6470588235294,99.0,0.2826475069466234,0.014974690803907838,Harsh,9
50,44,14,17,13,80.72727272727273,58.0,86.23529411764706,98.0,0.2826475069466234,0.014974690803907835,Harsh,9
51,42,14,15,13,80.71428571428571,59.0,86.86666666666666,97.0,0.2826266179839451,0.01549880447513414,Harsh,9
52,37,13,15,9,79.45945945945945,60.0,86.4,96.0,0.2909890161923279,0.014459713834903326,Harsh,9
53,36,13,14,9,78.94444444444444,61.0,85.28571428571429,95.0,0.29316555536402217,0.014692559546637568,Harsh,9
54,32,13,12,7,78.0,62.0,86.0,94.0,0.30372955754125597,0.013896838130600664,Harsh,9
55,31,13,11,7,78.48387096774194,63.0,87.54545454545455,93.0,0.30291498324298094,0.014338125300383652,Harsh,9
56,30,13,10,7,88.0,64.0,102.4,112.0,0.3042826118958679,0.014772561360295379,Harsh,9
57,27,13,8,6,85.44444444444444,65.0,99.5,111.0,0.3151924350529404,0.015106510795770996,Harsh,9
58,25,12,7,6,85.36,66.0,97.42857142857143,110.0,0.31232933286267317,0.015883446017597374,Harsh,9
59,23,11,6,6,85.26086956521739,67.0,95.0,109.0,0.30988592134401793,0.017134055427630704,Harsh,9
60,20,10,4,6,86.0,68.0,98.0,108.0,0.3044872798443653,0.018659260573109574,Harsh,9
61,17,9,4,4,84.6470588235294,69.0,97.5,107.0,0.3239684381629377,0.016061124595267973,Harsh,9
62,17,9,4,4,84.82352941176471,70.0,97.0,106.0,0.3239684381629377,0.016061124595267973,Harsh,9
63,17,9,4,4,93.23529411764706,71.0,111.5,125.0,0.32396843816293774,0.016061124595267973,Harsh,9
64,17,9,4,4,93.41176470588235,72.0,111.0,124.0,0.3239684381629377,0.016061124595267973,Harsh,9
65,17,9,4,4,93.58823529411765,73.0,110.5,123.0,0.3239684381629377,0.016061124595267973,Harsh,9
66,16,8,4,4,95.0,74.0,110.0,122.0,0.3198500727246381,0.016824307967200535,Harsh,9
67,15,7,4,4,96.46666666666667,75.0,109.5,121.0,0.3106447042427381,0.01657337895535675,Harsh,9
68,14,7,3,4,94.85714285714286,76.0,105.33333333333333,120.0,0.3159901468557455,0.017386678189377988,Harsh,9
69,13,6,3,4,96.38461538461539,77.0,105.0,119.0,0.3079044719392071,0.017843999599177745,Harsh,9
70,12,6,2,4,103.0,78.0,108.0,138.0,0.3102615332655259,0.01938739091337751,Harsh,9
71,11,5,2,4,105.36363636363636,79.0,108.0,137.0,0.297513921279347,0.019181108734892992,Harsh,9
72,10,4,2,4,108.0,80.0,108.0,136.0,0.287325830959482,0.020043710785411093,Harsh,9
73,10,4,2,4,108.0,81.0,108.0,135.0,0.28732583095948205,0.020043710785411097,Harsh,9
74,10,4,2,4,108.0,82.0,108.0,134.0,0.287325830959482,0.020043710785411097,Harsh,9
75,10,4,2,4,108.0,83.0,108.0,133.0,0.28732583095948205,0.020043710785411097,Harsh,9
76,10,4,2,4,108.0,84.0,108.0,132.0,0.287325830959482,0.020043710785411093,Harsh,9
77,10,4,2,4,118.0,85.0,118.0,151.0,0.28732583095948205,0.020043710785411097,Harsh,9
78,10,4,2,4,118.0,86.0,118.0,150.0,0.287325830959482,0.020043710785411097,Harsh,9
79,9,4,2,3,114.55555555555556,87.0,118.0,149.0,0.30594155251830535,0.01865054238058652,Harsh,9
80,8,4,1,3,110.5,88.0,88.0,148.0,0.30720354900029634,0.021298524188001714,Harsh,9
81,7,3,1,3,113.85714285714286,89.0,89.0,147.0,0.28706668151152953,0.021063672851573872,Harsh,9
82,6,3,0,3,118.0,90.0,,146.0,0.2771680436860563,0.02445334996316959,Harsh,9
83,6,3,0,3,118.0,91.0,,145.0,0.27716804368605635,0.024453349963169592,Harsh,9
84,6,3,0,3,128.0,92.0,,164.0,0.2771680436860563,0.024453349963169592,Harsh,9
85,6,3,0,3,128.0,93.0,,163.0,0.2771680436860563,0.024453349963169592,Harsh,9
86,5,2,0,3,134.8,94.0,,162.0,0.23595950951409156,0.017830612789447094,Harsh,9
87,5,2,0,3,134.6,95.0,,161.0,0.23595950951409156,0.01783061278944709,Harsh,9
88,5,2,0,3,134.4,96.0,,160.0,0.23595950951409156,0.01783061278944709,Harsh,9
89,5,2,0,3,134.2,97.0,,159.0,0.23595950951409156,0.01783061278944709,Harsh,9
90,5,2,0,3,134.0,98.0,,158.0,0.23595950951409156,0.01783061278944709,Harsh,9
91,5,2,0,3,145.8,99.0,,177.0,0.23595950951409156,0.017830612789447094,Harsh,9
92,5,2,0,3,145.6,100.0,,176.0,0.23595950951409156,0.01783061278944709,Harsh,9
93,5,2,0,3,145.4,101.0,,175.0,0.23595950951409156,0.01783061278944709,Harsh,9
94,5,2,0,3,145.2,102.0,,174.0,0.23595950951409156,0.017830612789447094,Harsh,9
95,5,2,0,3,145.0,103.0,,173.0,0.23595950951409156,0.01783061278944709,Harsh,9
96,4,1,0,3,155.0,104.0,,172.0,0.1987853007720147,0.014561338415266085,Harsh,9
97,4,1,0,3,154.5,105.0,,171.0,0.19878530077201467,0.014561338415266085,Harsh,9
98,4,1,0,3,169.0,106.0,,190.0,0.1987853007720147,0.014561338415266085,Harsh,9
99,4,1,0,3,168.5,107.0,,189.0,0.1987853007720147,0.014561338415266085,Harsh,9
100,4,1,0,3,168.0,108.0,,188.0,0.1987853007720147,0.014561338415266085,Harsh,9
101,4,1,0,3,167.5,109.0,,187.0,0.1987853007720147,0.014561338415266085,Harsh,9
102,4,1,0,3,167.0,110.0,,186.0,0.1987853007720147,0.014561338415266085,Harsh,9
103,4,1,0,3,166.5,111.0,,185.0,0.1987853007720147,0.014561338415266085,Harsh,9
104,4,1,0,3,166.0,112.0,,184.0,0.1987853007720147,0.014561338415266085,Harsh,9
105,4,1,0,3,180.5,113.0,,203.0,0.1987853007720147,0.014561338415266085,Harsh,9
106,2,0,0,2,202.0,,,202.0,0.1517587536250402,0.0006782265534163471,Harsh,9
107,2,0,0,2,201.0,,,201.0,0.1517587536250402,0.0006782265534163471,Harsh,9
108,2,0,0,2,200.0,,,200.0,0.1517587536250402,0.0006782265534163471,Harsh,9
109,2,0,0,2,199.0,,,199.0,0.1517587536250402,0.0006782265534163471,Harsh,9
110,2,0,0,2,198.0,,,198.0,0.1517587536250402,0.0006782265534163471,Harsh,9
